company_id,source_feature_year,target_year,ateco_sector,region,legal_form,production_value_source_year,production_value_target_year,actual_revenue_change_2023,clean_base_prediction,catboost_sensitivity_prediction,clean_base_abs_error,catboost_abs_error
COMP_00000,2022,2023,47,Campania,SRL,389839340.2,7742370861.57,1886.0414440466468,198.40467016106493,170.03176245075545,1687.636773885582,1716.0096815958914
COMP_00001,2022,2023,62,Sardegna,SRL,143927948.2,982975891.45,582.9638744547879,346.26541698663016,321.5696905205709,236.6984574681577,261.394183934217
COMP_00002,2022,2023,41,Puglia,SAS,309216537.62,533230495.55,72.44565884289588,-6.4906097838485355,-2.224647862507777,78.93626862674442,74.67030670540366
COMP_00003,2022,2023,47,Emilia-Romagna,SRL,12901551857.75,1128572066.15,-91.25243165633549,-91.93301461290243,-92.81741493076551,0.680582956566937,1.5649832744300198
COMP_00005,2022,2023,62,Lombardia,SNC,58694712.43,446238947.78,660.2711203537964,311.2030353159696,302.40353679072757,349.0680850378268,357.8675835630688
COMP_00006,2022,2023,71,Lazio,SRL,1845498348.32,3232091572.73,75.13381009916634,-70.78078600802823,-72.31804151637762,145.91459610719457,147.45185161554394
COMP_00007,2022,2023,10,Emilia-Romagna,SRL,7694161400.49,1423338981.85,-81.50105115081996,-93.63946142779827,-94.95599849326274,12.138410276978306,13.454947342442779
COMP_00008,2022,2023,47,Emilia-Romagna,SRL,2109980634.04,950807137.37,-54.937636771126165,-44.19415981226397,-53.06493581585304,10.743476958862196,1.8727009552731246
COMP_00009,2022,2023,10,Puglia,SRL,3661858527.05,15198246.82,-99.58495811054055,-84.54325359552196,-82.99537140698133,15.041704515018594,16.58958670355922
COMP_00011,2022,2023,41,Sicilia,SPA,2856744371.26,8516118331.06,198.10571840923475,48.199162048144835,60.70395399544122,149.9065563610899,137.40176441379353
COMP_00012,2022,2023,43,Veneto,SNC,306548887.48,490751021.09,60.088991065745674,8.552684302768263,16.741848426616876,51.53630676297741,43.3471426391288
COMP_00013,2022,2023,43,Lombardia,SRL,546458002.0,2169779126.82,297.06237604331034,50.96558600847099,60.608880402795776,246.09679003483933,236.45349564051457
COMP_00014,2022,2023,47,Lombardia,SRL,4175148183.97,43240445.39,-98.9643374681642,-72.77987976211357,-78.59152840788674,26.184457706050637,20.37280906027746
COMP_00015,2022,2023,43,Lombardia,SPA,34660857507.81,11567849829.32,-66.62560980577743,-88.96325872368844,-87.48412050876857,22.33764891791101,20.85851070299114
COMP_00016,2022,2023,56,Lombardia,SRL,5173237669.22,667233195.68,-87.10221261145725,-76.20073841967921,-76.6388992561718,10.901474191778036,10.46331335528545
COMP_00017,2022,2023,45,Sicilia,SRL,158672523.69,433366792.0,173.12024912811796,274.4048229473398,343.28886236340315,101.28457381922186,170.1686132352852
COMP_00018,2022,2023,10,Piemonte,SRL,1002384184.6,2718836418.44,171.2369628542122,-43.98337438881816,-44.170394051675416,215.22033724303037,215.40735690588764
COMP_00019,2022,2023,62,Lombardia,SRL,754140802.81,24904355.56,-96.69765175585196,-18.190081326722975,-26.72052898642302,78.50757042912899,69.97712276942895
COMP_00020,2022,2023,41,Emilia-Romagna,SRL,1067789760.43,240861702.79,-77.44296567397268,-25.58467419524713,-38.41264712568106,51.85829147872555,39.03031854829162
COMP_00021,2022,2023,45,Lazio,SAS,388705841.17,64863843.51,-83.31287142103125,-42.88423230791074,-45.25375244935008,40.428639113120504,38.059118971681166
COMP_00022,2022,2023,47,Lombardia,SAS,500908906.71,1543746555.88,208.1890809287902,-24.019692169401484,-19.91002124478289,232.20877309819167,228.09910217357307
COMP_00023,2022,2023,43,Campania,SRL,1616387976.7,316143537.14,-80.44135803426136,-48.16891972782952,-48.37551102816032,32.27243830643184,32.06584700610104
COMP_00024,2022,2023,10,Piemonte,SRL,1416952225.36,1845313923.87,30.231202636431,-61.23247741188816,-65.9681938727408,91.46368004831916,96.1993965091718
COMP_00025,2022,2023,43,Veneto,SRL,667910870.15,426747855.0,-36.10706546755847,-1.905173312331147,0.41352419482853403,34.20189215522733,36.520589662387
COMP_00026,2022,2023,71,Lombardia,SAS,173510214.66,270368028.49,55.82254279368893,21.77001283471956,59.96040431546584,34.05252995896937,4.137861521776905
COMP_00027,2022,2023,47,Sicilia,SRL,4430805364.79,3876034184.67,-12.520775219073371,-73.50906305694699,-80.22139704924037,60.988287837873614,67.700621830167
COMP_00028,2022,2023,47,Emilia-Romagna,SPA,29499088832.15,1644953230.39,-94.42371511964387,-78.53113298792249,-80.08499739550425,15.892582131721383,14.338717724139627
COMP_00030,2022,2023,41,Emilia-Romagna,SRL,1407335282.54,11503174060.95,717.3726761251046,-28.861732231266664,-40.35789063395323,746.2344083563712,757.7305667590579
COMP_00031,2022,2023,45,Lombardia,SRL,908865609.78,1242000054.38,36.65387280751427,-35.342157165496594,-35.58367522676745,71.99602997301086,72.23754803428172
COMP_00032,2022,2023,56,Lazio,SPA,1873447350.84,6281845277.35,235.30941099216912,289.26161613237207,214.7031717306814,53.95220514020295,20.60623926148773
COMP_00033,2022,2023,25,Sardegna,SRL,1361287661.82,2891511815.23,112.4100508899153,-41.16876354232057,-41.52485639265808,153.57881443223587,153.93490728257336
COMP_00034,2022,2023,41,Sicilia,SRL,306077267.28,2623461825.68,757.1240357030673,190.5453896006299,186.86612049653723,566.5786461024375,570.25791520653
COMP_00035,2022,2023,41,Veneto,SRL,238632587.38,2301020583.51,864.252455531499,226.10832944135646,160.57654941010617,638.1441260901425,703.6759061213928
COMP_00036,2022,2023,45,Lombardia,SPA,363309537.07,1684943501.4,363.77629252142555,655.5301574743321,740.1658263756764,291.75386495290655,376.38953385425083
COMP_00037,2022,2023,82,Lazio,SAS,522229924.81,322769260.82,-38.194031884053494,-60.53323690994819,-63.75974972964309,22.339205025894692,25.565717845589596
COMP_00038,2022,2023,10,Toscana,SRL,894098493.63,3053722137.28,241.5420290981617,-29.64526345746395,-24.026851165559474,271.1872925556256,265.56888026372116
COMP_00039,2022,2023,46,Piemonte,SAS,1401615287.5,296989915.15,-78.81088214443436,-69.45196742752512,-70.41386309289283,9.35891471690924,8.397019051541534
COMP_00040,2022,2023,41,Lazio,SRL,205042766.05,4015042142.32,1858.1486436546245,327.8290266409543,313.93679484732763,1530.3196170136703,1544.211848807297
COMP_00041,2022,2023,77,Piemonte,SRL,546660508.82,1366101097.92,149.8993572571782,-2.401894149258177,2.4089263399408725,152.30125140643636,147.49043091723732
COMP_00042,2022,2023,25,Lazio,SRL,513409082.98,1740652305.42,239.0380815463305,57.30105342209809,72.17092420503612,181.73702812423238,166.8671573412944
COMP_00043,2022,2023,45,Umbria,SRL,1243746307.46,865243743.44,-30.43245730658565,-54.96867954029093,-44.54270785451752,24.536222233705278,14.110250547931873
COMP_00044,2022,2023,56,Lombardia,SPA,3323347242.14,21843896878.44,557.2860217993375,121.43686176174901,45.007842370866776,435.8491600375885,512.2781794284707
COMP_00045,2022,2023,47,Toscana,SPA,2586972451.32,68153365373.81,2534.4836157429822,159.30971200476353,149.83634167696343,2375.1739037382185,2384.647274066019
COMP_00046,2022,2023,45,Lombardia,SRL,49394501.48,163804509.3,231.62498738108536,1183.7092175980015,1175.2282010394322,952.0842302169161,943.6032136583468
COMP_00047,2022,2023,43,Sicilia,SRL,440354022.32,1081370463.45,145.56843099849812,87.91403703791806,94.97201375523791,57.65439396058005,50.596417243260206
COMP_00048,2022,2023,45,Sicilia,SPA,7578978155.37,3711235808.72,-51.032504215750436,-65.48677407235867,-45.683182458041216,14.454269856608235,5.34932175770922
COMP_00049,2022,2023,41,Lombardia,SNC,175135146.89,269630639.47,53.95575603071346,68.1900089472005,31.294272892418867,14.234252916487037,22.661483138294592
COMP_00050,2022,2023,41,Sicilia,SRL,460405547.79,4556756007.37,889.7265637312489,88.35459024789617,102.45295364847412,801.3719734833528,787.2736100827748
COMP_00051,2022,2023,46,Veneto,SNC,122188099.29,440743170.61,260.70875410210334,276.8474139186554,300.65513842784253,16.138659816552035,39.94638432573919
COMP_00052,2022,2023,41,Friuli-Venezia Giulia,SRL,554849002.46,207313263.5,-62.63609331893039,39.20881336937277,46.21144705004873,101.84490668830315,108.84754036897912
COMP_00053,2022,2023,41,Emilia-Romagna,SRL,387793257.53,328139019.57,-15.383000297622525,108.20966345089883,134.91841428612332,123.59266374852136,150.30141458374584
COMP_00054,2022,2023,47,Emilia-Romagna,SPA,7012480487.13,1939990368.69,-72.33517622971696,-23.1504974803026,-22.221635316979363,49.18467874941436,50.113540912737605
COMP_00055,2022,2023,77,Friuli-Venezia Giulia,SRL,434122021.04,215343504.77,-50.39562741965622,21.619175623882064,14.290198773542418,72.01480304353828,64.68582619319864
COMP_00056,2022,2023,47,Lazio,SRL,968512047.61,639046540.59,-34.01769836864941,26.471916974696722,22.28267023414206,60.48961534334613,56.30036860279147
COMP_00057,2022,2023,10,Lombardia,SRL,149466233.62,2397496389.94,1504.0388065409795,305.5796219989965,455.6465994657641,1198.459184541983,1048.3922070752155
COMP_00058,2022,2023,10,Lazio,SPA,8731849792.44,17280490858.96,97.90183374342257,-62.42965598381349,-59.219938269988106,160.33148972723606,157.1217720134107
COMP_00059,2022,2023,77,Lombardia,SPA,2053500065.44,3516119568.69,71.22568573849092,32.799823672589895,63.85156112703537,38.42586206590103,7.3741246114555565
COMP_00060,2022,2023,43,Campania,SRL,299511529.05,86075828.44,-71.26126372730359,141.01384842558238,139.35348243188452,212.27511215288598,210.6147461591881
COMP_00061,2022,2023,25,Lombardia,SRL,3520577579.9,657966857.11,-81.31082635796683,-76.52086473903377,-81.57377930551122,4.789961618933063,0.2629529475443917
COMP_00062,2022,2023,47,Veneto,SRL,4724883945.63,4098464475.95,-13.257880550894159,-75.34909948444307,-74.21906851997528,62.091218933548916,60.961187969081124
COMP_00063,2022,2023,47,Campania,SRL,10780864049.57,189968600.19,-98.23790932418281,-89.22137961579527,-87.46163826055991,9.016529708387537,10.7762710636229
COMP_00064,2022,2023,47,Lombardia,SRL,1939023928.24,178318647.43,-90.80369020552237,-42.04355204129132,-31.207349011310182,48.76013816423105,59.59634119421219
COMP_00065,2022,2023,41,Sicilia,SPA,9949503764.16,39513873028.24,297.1441587928884,-51.3424357924297,-51.94820412677167,348.4865945853181,349.09236291966005
COMP_00066,2022,2023,10,Lazio,SRL,573359273.63,137208802.37,-76.0693148815199,-8.499950945091642,-30.447195891440494,67.56936393642826,45.62211899007941
COMP_00067,2022,2023,77,Veneto,SRL,9940182.47,179874879.73,1709.573217321432,4930.681577924117,5967.549051809021,3221.108360602685,4257.975834487589
COMP_00068,2022,2023,41,Lazio,SRL,313101808.64,107955270.8,-65.52071312876846,158.361332309821,178.79391501686044,223.88204543858944,244.3146281456289
COMP_00069,2022,2023,47,Lombardia,SRL,3775049860.43,814919573.91,-78.41301164119788,-69.31543801934092,-74.8157288769537,9.097573621856966,3.5972827642441842
COMP_00070,2022,2023,47,Veneto,SNC,154037033.2,2119582873.45,1276.0216159824092,189.3202251370258,179.08894892609752,1086.7013908453835,1096.9326670563116
COMP_00071,2022,2023,47,Lombardia,SRL,3696665740.59,650603962.67,-82.40024908050893,-70.05549713452749,-66.89476730303801,12.344751945981443,15.50548177747092
COMP_00072,2022,2023,43,Lazio,SRL,2054903921.6,1738307260.97,-15.406883859732467,-59.37623017179984,-51.06437879560069,43.96934631206737,35.65749493586822
COMP_00073,2022,2023,41,Veneto,SRL,2303327705.76,663787241.09,-71.1813807722606,-62.33572358190845,-67.96951153811747,8.84565719035215,3.2118692341431228
COMP_00074,2022,2023,47,Puglia,SRL,1018269050.98,2942394045.03,188.96037272253227,21.292514571866718,17.555594490026685,167.66785815066555,171.40477823250558
COMP_00075,2022,2023,68,Puglia,SRL,284541494.73,275137175.87,-3.30507818162821,-21.955456893359646,-19.594634308221718,18.650378711731435,16.289556126593506
COMP_00076,2022,2023,71,Veneto,SRL,626081875.69,2668526740.06,326.226479902335,-12.999663197844052,-0.8648897087575201,339.226143100179,327.0913696110925
COMP_00077,2022,2023,25,Lazio,SRL,11684749759.15,505368603.55,-95.6749728152778,-93.0792649867515,-92.38145483983911,2.595707828526301,3.2935179754386894
COMP_00078,2022,2023,25,Campania,SRL,448536973.1,985990077.95,119.82359026848303,72.80104734467585,70.6558529090355,47.02254292380718,49.16773735944753
COMP_00079,2022,2023,71,Lazio,SRL,652523368.89,1152689490.89,76.65106658951188,-15.67145422867587,-1.2035669933874478,92.32252081818775,77.85463358289934
COMP_00080,2022,2023,56,Emilia-Romagna,SRL,391854611.65,1326909310.05,238.62286434826498,222.9603361954024,193.07102914219118,15.662528152862592,45.551835206073804
COMP_00081,2022,2023,68,Emilia-Romagna,SNC,23067877.96,147813387.11,540.7758328109344,283.6416431087585,717.2851965874315,257.1341897021759,176.50936377649714
COMP_00082,2022,2023,41,Lombardia,SRL,95771703.34,7156508458.02,7372.466509876736,699.4413074931342,573.6866344876987,6673.025202383602,6798.779875389037
COMP_00083,2022,2023,46,Lazio,SRL,2265268363.75,90353499.73,-96.01135560025101,-40.83627339837305,-34.6650969455367,55.175082201877956,61.346258654714305
COMP_00084,2022,2023,47,Lombardia,SRL,1351081290.88,1189773547.46,-11.939158991309506,-18.795899273148645,-49.35996888945762,6.856740281839139,37.420809898148114
COMP_00085,2022,2023,47,Lombardia,SRL,1480095359.44,3047345069.75,105.88842808769937,-23.390650920000635,-9.015970148337162,129.2790790077,114.90439823603653
COMP_00086,2022,2023,45,Puglia,SPA,73198252955.49,11840216524.18,-83.82445475661868,-95.2599970778692,-93.34772107634922,11.435542321250523,9.523266319730538
COMP_00087,2022,2023,10,Emilia-Romagna,SRL,187750136.49,125618466.24,-33.09274305284422,230.82357132961232,322.3138338896603,263.91631438245656,355.40657694250456
COMP_00088,2022,2023,46,Emilia-Romagna,SPA,437334261.48,46566940925.39,10547.905967348863,1114.7289450455157,899.0951234246597,9433.177022303347,9648.810843924202
COMP_00089,2022,2023,41,Piemonte,SRL,68852088.42,387128412.34,462.26095856164005,1188.095657847122,916.4964538044853,725.834699285482,454.2354952428453
COMP_00090,2022,2023,46,Lazio,SRL,12440183723.51,15652055268.13,25.81852178396742,-90.9236037431484,-90.20927913323763,116.74212552711583,116.02780091720504
COMP_00091,2022,2023,77,Puglia,SPA,3728025951.1,1161135314.13,-68.85388327869893,-27.156207432704118,9.077912332017059,41.69767584599481,77.931795610716
COMP_00092,2022,2023,45,Veneto,SRL,156551059.95,545977894.96,248.75387949106002,294.2630160523522,345.58678302958083,45.509136561292195,96.83290353852081
COMP_00093,2022,2023,62,Liguria,SRL,422043167.88,688232328.39,63.07154830798869,61.22507976915191,141.58872928847643,1.8464685388367812,78.51718098048774
COMP_00094,2022,2023,41,Veneto,SRL,198415218.63,396169987.94,99.66713777070116,354.783730813008,364.5317315789235,255.11659304230682,264.8645938082223
COMP_00095,2022,2023,47,Piemonte,SPA,1687027363.66,16829007464.22,897.5539120900521,294.5439714446291,233.22697657786344,603.0099406454231,664.3269355121887
COMP_00096,2022,2023,77,Sicilia,SRL,1621722687.64,1727721132.44,6.5361634025268165,-65.29099748289406,-52.090485905244925,71.82716088542087,58.62664930777174
COMP_00097,2022,2023,25,Campania,SAS,2565784324.75,237080273.95,-90.75992975469207,-88.65085467785292,-88.38133723796456,2.1090750768391473,2.378592516727508
COMP_00098,2022,2023,10,Lazio,SRL,530325897.33,449914446.15,-15.162648398813394,0.8930456051648911,-2.40389695118616,16.055694003978285,12.758751447627233
COMP_00099,2022,2023,45,Lazio,SAS,589629852.75,55796377.87,-90.53705004762413,-62.57411595137624,-49.466728497916144,27.962934096247892,41.07032154970799
COMP_00100,2022,2023,25,Lazio,SRL,71224506.15,99681555.77,39.95401464780811,948.7167596613697,736.6374872673532,908.7627450135616,696.6834726195451
COMP_00101,2022,2023,56,Emilia-Romagna,SPA,41094088024.68,672975938.03,-98.36235339344718,-83.4925035942512,-82.00359206958403,14.869849799195975,16.35876132386315
COMP_00102,2022,2023,71,Lombardia,SRL,4069465258.58,4555762747.43,11.94991130160647,-86.25732752433439,-89.57401072480552,98.20723882594086,101.52392202641198
COMP_00103,2022,2023,45,Sicilia,SAS,127781380.42,346170605.95,170.90848824154529,72.1069225081044,97.63048961509244,98.80156573344088,73.27799862645284
COMP_00104,2022,2023,41,Umbria,SRL,426315689.87,193792250.58,-54.542547885325384,103.4152153257357,107.38455299268358,157.9577632110611,161.92710087800896
COMP_00105,2022,2023,45,Lombardia,SRL,917073953.05,132606853.71,-85.5402224358268,-33.0030543635826,-37.02929401819757,52.53716807224421,48.51092841762924
COMP_00106,2022,2023,56,Campania,SRL,659019372.53,69213837.14,-89.49745029887582,103.24518848686172,67.53878641463156,192.74263878573754,157.03623671350738
COMP_00107,2022,2023,10,Veneto,SRL,614468979.77,154495486.08,-74.85707315317548,-9.766762008309069,-20.336368497763612,65.0903111448664,54.52070465541186
COMP_00108,2022,2023,46,Lombardia,SRL,782287618.71,391808648.67,-49.91501344274164,41.70831971878441,69.10944043955533,91.62333316152605,119.02445388229697
COMP_00109,2022,2023,47,Lazio,SNC,215659375.36,2719277427.74,1160.9131521412933,92.43318352282886,98.42718862762632,1068.4799686184645,1062.485963513667
COMP_00110,2022,2023,47,Lombardia,SNC,442526353.54,206317868.31,-53.3772697016674,-5.057644587236261,14.803697473845817,48.31962511443114,68.18096717551322
COMP_00111,2022,2023,41,Lombardia,SRL,1116319751.36,430915860.67,-61.398527604208375,-18.16541891415303,-15.100428921962772,43.233108690055346,46.2980986822456
COMP_00112,2022,2023,56,Friuli-Venezia Giulia,SAS,257684450.84,795384811.37,208.66620348150767,80.34398052140452,96.80268112713898,128.32222296010315,111.86352235436868
COMP_00113,2022,2023,25,Veneto,SRL,2605702561.72,2755050855.67,5.731594086909785,-73.06278601641687,-77.22538081368539,78.79438010332665,82.95697490059517
COMP_00114,2022,2023,41,Emilia-Romagna,SRL,413862526.35,5190455401.55,1154.1496441648055,122.16606210194854,107.98671728715993,1031.983582062857,1046.1629268776455
COMP_00116,2022,2023,56,Veneto,SRL,4500641665.42,1000907750.08,-77.76077669612484,-76.38927916035779,-72.56307005737223,1.3714975357670482,5.1977066387526065
COMP_00117,2022,2023,10,Lombardia,SAPA,156675221.39,1536279694.33,880.5505176251535,64.24885905558268,111.53028375519538,816.3016585695708,769.0202338699581
COMP_00118,2022,2023,41,Emilia-Romagna,SRL,305020066.79,780190474.83,155.78332699243194,179.95985590200792,159.01152358915107,24.17652890957598,3.2281965967191297
COMP_00119,2022,2023,41,Sicilia,SRL,498266726.63,339587282.79,-31.846285404851294,75.11626699169942,69.49228245323876,106.9625523965507,101.33856785809004
COMP_00120,2022,2023,41,Veneto,SRL,237965417.91,575798433.21,141.9672733404358,218.2925826810602,180.2377237292103,76.32530934062439,38.27045038877449
COMP_00121,2022,2023,41,Emilia-Romagna,SRL,653063364.48,2153611786.6,229.77072421062965,31.72956410650301,28.295865607297753,198.04116010412665,201.4748586033319
COMP_00122,2022,2023,10,Lombardia,SRL,446694545.55,890701864.15,99.3984195740086,11.925858970929992,-3.100541710948881,87.4725606030786,102.49896128495747
COMP_00123,2022,2023,46,Lazio,SAPA,593516241.16,527613816.97,-11.103727180438518,-24.17611204948414,-12.041936376206818,13.07238486904562,0.9382091957682999
COMP_00124,2022,2023,56,Lombardia,SPA,2251225557.55,4093751930.57,81.84548042468096,202.21573901996308,169.68219475428856,120.37025859528212,87.8367143296076
COMP_00125,2022,2023,47,Campania,SPA,28019969377.54,8685113850.54,-69.0038424613635,-79.22962825213007,-86.27604630265387,10.225785790766565,17.272203841290363
COMP_00127,2022,2023,25,Emilia-Romagna,SRL,70475000.35,1022432105.6,1350.7727570376665,1024.5273254636907,1249.4840200310782,326.2454315739758,101.28873700658824
COMP_00128,2022,2023,77,Lazio,SRL,195006873.03,768727274.45,294.20522082405705,185.2653125079383,265.91636711295524,108.93990831611876,28.288853711101808
COMP_00129,2022,2023,62,Sicilia,SRL,142493469.37,861999968.82,504.9399826049024,391.9402008597243,381.95164997506237,112.9997817451781,122.98833262984004
COMP_00130,2022,2023,62,Campania,SRL,692237982.06,1889569164.98,172.96525385054946,-7.580895987642698,5.271456414391367,180.54614983819215,167.6937974361581
COMP_00131,2022,2023,62,Lombardia,SPA,5657745170.33,2422155149.54,-57.188684243996754,-44.21308061563842,-41.45987610416593,12.975603628358336,15.728808139830825
COMP_00132,2022,2023,71,Lazio,SRL,1602367937.19,235357574.38,-85.31188942829598,-67.2548187202636,-74.54688983541907,18.057070708032384,10.764999592876919
COMP_00133,2022,2023,46,Lombardia,SRL,434725981.33,4994808355.63,1048.955565146783,136.29929519985043,194.87107847715004,912.6562699469326,854.0844866696331
COMP_00134,2022,2023,41,Sardegna,SRL,341350758.16,1404037724.36,311.3181795547355,149.42610776943468,185.2293525537572,161.8920717853008,126.08882700097828
COMP_00135,2022,2023,47,Lombardia,SRL,424636843.16,9462640542.98,2128.407801961392,183.36756302483045,165.17578131843192,1945.0402389365618,1963.2320206429602
COMP_00136,2022,2023,56,Sicilia,SRL,1414878092.68,1727145379.51,22.070260925343533,-16.34004380319687,-43.08435731004173,38.4103047285404,65.15461823538527
COMP_00137,2022,2023,56,Puglia,SNC,324562657.02,340630047.15,4.950474055618143,32.99769769765359,-6.949277828244668,28.047223642035448,11.89975188386281
COMP_00138,2022,2023,46,Campania,SRL,2873463757.28,103974839.05,-96.38155035759274,-51.89002653438255,-62.06250601090933,44.491523823210194,34.31904434668341
COMP_00139,2022,2023,10,Sicilia,SPA,386803436.42,2660999328.03,587.94614459956,634.1911552708482,607.3065483375374,46.24501067128824,19.360403737977435
COMP_00140,2022,2023,43,Sicilia,SRL,213541434.68,971194902.88,354.8039608029105,280.8537667233631,232.88647540296728,73.95019407954743,121.91748539994325
COMP_00141,2022,2023,71,Lombardia,SRL,927862900.62,142518094.48,-84.64017751062478,-35.98935627478393,-25.444847350247922,48.65082123584085,59.195330160376855
COMP_00142,2022,2023,46,Piemonte,SRL,1352694115.42,738846364.59,-45.37964228811667,1.5513449366160479,12.7459834377634,46.93098722473272,58.12562572588007
COMP_00143,2022,2023,46,Lombardia,SAS,585186475.19,2851859883.05,387.34207025616064,-25.514185241732946,-21.352214924253655,412.8562554978936,408.6942851804143
COMP_00144,2022,2023,41,Lombardia,SPA,11812544270.09,1478032624.7,-87.48760139301693,-59.72786980812483,-32.35016093536297,27.7597315848921,55.13744045765396
COMP_00145,2022,2023,43,Lazio,SRL,218697441.22,1322107997.77,504.5374789913603,291.86230891299687,267.37483992401127,212.6751700783634,237.162639067349
COMP_00146,2022,2023,68,Emilia-Romagna,SRL,101512824.59,212452761.31,109.28662183135495,157.43540980498022,164.638604326721,48.148787973625275,55.35198249536606
COMP_00147,2022,2023,47,Sicilia,SRL,3199263788.81,1382404116.45,-56.78993019315235,-65.72212414791207,-63.0799519781686,8.932193954759718,6.2900217850162505
COMP_00148,2022,2023,62,Lazio,SRL,2055884182.3,316866936.96,-84.58731577935932,-68.01000274239156,-68.82934566571785,16.57731303696775,15.757970113641463
COMP_00149,2022,2023,46,Lombardia,SNC,338205276.73,725367168.02,114.47541417252445,16.308313019141462,12.99649111281363,98.16710115338299,101.47892305971082
COMP_00150,2022,2023,47,Umbria,SRL,1492760358.12,367747875.5,-75.36457385811437,-30.801302166993572,-31.43986663949441,44.563271691120796,43.92470721861996
COMP_00151,2022,2023,41,Lombardia,SRL,5464368726.58,345988079.07,-93.66828820707082,-85.42623279821844,-86.37798143574867,8.24205540885238,7.29030677132215
COMP_00152,2022,2023,47,Lazio,SRL,527913116.28,1863983583.68,253.08529494678464,105.51139421180056,106.96205699731779,147.57390073498408,146.12323794946684
COMP_00153,2022,2023,45,Piemonte,SRL,670791411.22,735636473.85,9.666948852559578,-4.350353345646718,5.486133420798929,14.017302198206295,4.180815431760649
COMP_00154,2022,2023,46,Lombardia,SRL,4921626092.02,4157939303.62,-15.516960738611452,-78.15403119834818,-76.26130687103127,62.63707045973673,60.744346132419814
COMP_00155,2022,2023,47,Lombardia,SRL,584011076.56,2615480458.73,347.8477487338019,102.4723295954558,106.4171290008897,245.3754191383461,241.4306197329122
COMP_00156,2022,2023,71,Toscana,SPA,24592072923.26,5258342356.91,-78.61773436782352,-88.67522513880053,-91.20795678841341,10.057490770977012,12.590222420589896
COMP_00157,2022,2023,10,Veneto,SPA,12767880504.7,3112504720.58,-75.62238525466893,-76.8034814391721,-83.46960742365962,1.1810961845031756,7.847222168990697
COMP_00158,2022,2023,62,Lombardia,SRL,484794663.2,237890417.56,-50.92965421901534,34.512629434077745,51.28454828132275,85.44228365309309,102.21420250033809
COMP_00159,2022,2023,43,Puglia,SPA,4629095285.49,3881728974.12,-16.144975751798324,4.813504783954391,17.591183372116546,20.958480535752713,33.736159123914874
COMP_00160,2022,2023,46,Campania,SRL,1454655710.03,887716073.31,-38.97414575908878,-19.83266873017117,-6.936400100267931,19.141477028917606,32.037745658820846
COMP_00161,2022,2023,10,Emilia-Romagna,SRL,185670582.55,1149220808.25,518.9568602988153,214.93332786569277,190.47468084855348,304.0235324331225,328.4821794502618
COMP_00162,2022,2023,43,Emilia-Romagna,SRL,770946732.09,358639637.63,-53.48062029425237,9.849548029598886,13.775232047481852,63.330168323851254,67.25585234173423
COMP_00163,2022,2023,46,Sicilia,SRL,294432490.03,8547186904.25,2802.9360528042,259.3515625531367,258.29379874726146,2543.584490251063,2544.6422540569383
COMP_00164,2022,2023,10,Lazio,SRL,1324220147.65,274966472.37,-79.23559214395253,-55.50817440683544,-47.640521431530324,23.727417737117094,31.595070712422206
COMP_00165,2022,2023,46,Veneto,SRL,2360785936.31,196863397.99,-91.66110764376607,-51.438717852052584,-43.20864942531729,40.22238979171349,48.45245821844878
COMP_00166,2022,2023,71,Lombardia,SRL,1721735862.82,1876582246.66,8.993620170423823,-67.23255127596809,-63.27269136589057,76.22617144639192,72.26631153631439
COMP_00167,2022,2023,25,Lombardia,SAPA,38709253.06,481717918.71,1144.4515991133412,716.1946162907581,758.5315339065099,428.25698282258315,385.9200652068313
COMP_00168,2022,2023,56,Lazio,SRL,2592795474.27,685964279.72,-73.54344812279754,-53.85449349498799,-45.73274537363529,19.68895462780955,27.810702749162253
COMP_00169,2022,2023,45,Emilia-Romagna,SRL,1548273008.98,195052017.97,-87.40196226126166,-62.08535855741483,-63.498525920792474,25.31660370384683,23.903436340469185
COMP_00170,2022,2023,47,Toscana,SRL,1307217934.52,810806067.65,-37.97468300894131,-10.679550856789016,-11.907753329990854,27.2951321521523,26.06692967895046
COMP_00171,2022,2023,41,Lazio,SRL,554800448.24,4469131240.01,705.5385056352204,47.930803281246895,48.35230179917591,657.6077023539735,657.1862038360445
COMP_00172,2022,2023,25,Sicilia,SRL,505426239.25,1551399943.37,206.94883306258814,62.25831556435551,60.42921857640782,144.69051749823262,146.51961448618033
COMP_00173,2022,2023,25,Lombardia,SPA,9678377690.78,11375703090.01,17.537292441551827,-56.49541812006302,-48.759886656768444,74.03271056161485,66.29717909832027
COMP_00174,2022,2023,10,Toscana,SRL,816736168.01,400471176.35,-50.966885998723555,-31.12337450254605,-31.644225520274787,19.843511496177506,19.322660478448768
COMP_00175,2022,2023,41,Lombardia,SRL,744066345.27,2277387327.78,206.07315359137803,20.232988881625296,48.67626664839969,185.84016470975274,157.39688694297834
COMP_00176,2022,2023,47,Toscana,SRL,926346618.82,1429128456.58,54.27577836905736,18.418063061162595,22.90040336817488,35.857715307894765,31.37537500088248
COMP_00177,2022,2023,68,Campania,SRL,771483217.45,854115339.25,10.710812617949832,-68.38041131176526,-63.59381066482478,79.09122392971508,74.30462328277461
COMP_00178,2022,2023,62,Friuli-Venezia Giulia,SRL,643730574.18,78030650.36,-87.87836814192065,-4.814655915407794,10.886530519814809,83.06371222651285,98.76489866173546
COMP_00179,2022,2023,47,Lazio,SRL,443022645.29,608351412.52,37.318355842008195,155.88649908196314,169.13862145682018,118.56814323995494,131.82026561481197
COMP_00180,2022,2023,25,Lombardia,SRL,268071495.1,70277856.61,-73.78391291331296,218.20580266641431,248.8399652136272,291.98971557972726,322.62387812694016
COMP_00181,2022,2023,41,Lazio,SRL,3050066009.31,266289193.51,-91.26939572136536,-71.43412705777767,-72.99809203034513,19.835268663587684,18.271303691020222
COMP_00182,2022,2023,43,Friuli-Venezia Giulia,SRL,3799008706.32,760925960.88,-79.9704075535776,-79.74529722880463,-79.89084056356486,0.22511032477297022,0.07956699001273648
COMP_00183,2022,2023,41,Emilia-Romagna,SNC,160941588.95,500984396.0,211.28336638682106,89.62981294298946,95.10441348826696,121.6535534438316,116.1789528985541
COMP_00184,2022,2023,46,Lombardia,SRL,2747281966.78,3054205116.85,11.171883839420179,-57.6881858161791,-66.28232784576856,68.86006965559928,77.45421168518874
COMP_00185,2022,2023,46,Toscana,SPA,4831084711.8,17560686493.05,263.4936570281566,16.060561438714807,-0.003353199128838987,247.43309558944176,263.49701022728544
COMP_00186,2022,2023,43,Veneto,SPA,25138536616.24,23536336167.47,-6.373483362332821,-81.28446991750754,-72.7097857725584,74.91098655517472,66.33630241022558
COMP_00187,2022,2023,43,Liguria,SRL,1356798967.27,601453957.33,-55.67110737560637,-37.86219278100131,-30.751533402197598,17.808914594605056,24.91957397340877
COMP_00188,2022,2023,62,Sicilia,SRL,566391615.2,762612149.08,34.64396869835583,21.50619036767372,39.24113381244453,13.137778330682107,4.597165114088703
COMP_00189,2022,2023,62,Lombardia,SRL,351387448.34,335442277.21,-4.537774813906148,68.67129098426858,66.1166295217881,73.20906579817473,70.65440433569425
COMP_00190,2022,2023,43,Lazio,SRL,1264645467.04,463537303.5,-63.346462263060594,-38.01405884069218,-38.97346112187624,25.332403422368415,24.373001141184353
COMP_00191,2022,2023,71,Emilia-Romagna,SRL,1161432739.62,3446691503.79,196.76204107331225,-50.55056210267634,-52.545131137033195,247.31260317598858,249.30717221034544
COMP_00192,2022,2023,77,Umbria,SPA,3738205334.86,15404891513.55,312.0932408365665,-14.725398555078431,-7.871118164406627,326.8186393916449,319.96435900097316
COMP_00193,2022,2023,43,Emilia-Romagna,SNC,170747111.56,503188084.74,194.697860562743,66.78626464207463,72.82731008583849,127.91159592066836,121.8705504769045
COMP_00194,2022,2023,43,Lombardia,SRL,2891697095.79,332129763.83,-88.51436534229173,-70.66583711482426,-71.15620592217186,17.84852822746747,17.35815942011986
COMP_00195,2022,2023,46,Lombardia,SRL,1162436259.03,99676395.9,-91.42521621072149,-1.2341210905395716,-15.588750486018174,90.19109512018191,75.83646572470332
COMP_00196,2022,2023,71,Puglia,SRL,283696189.78,23898221.74,-91.57612171015319,82.36906502478564,100.30831340144586,173.94518673493883,191.88443511159903
COMP_00197,2022,2023,68,Emilia-Romagna,SPA,1357555927.32,132375291.36,-90.24899905071854,7.401943804425875,-26.24751870652628,97.65094285514441,64.00148034419226
COMP_00198,2022,2023,25,Emilia-Romagna,SRL,10772717784.77,373955135.35,-96.52868344997692,-93.25154211090673,-93.2557577241894,3.277141339070198,3.2729257257875304
COMP_00199,2022,2023,45,Veneto,SRL,2452375723.33,307591165.66,-87.45742087014577,-74.62253774909108,-66.57303150878194,12.834883121054688,20.88438936136383
COMP_00201,2022,2023,46,Lazio,SRL,70741061.35,2650904250.22,3647.334574334882,1588.3449648395545,1206.7640663346942,2058.9896094953274,2440.5705080001876
COMP_00202,2022,2023,41,Lombardia,SAS,380781655.71,753141680.18,97.78833063155389,-23.590370159766664,-29.73035157871679,121.37870079132055,127.51868221027068
COMP_00203,2022,2023,62,Emilia-Romagna,SRL,2751923928.49,54259805.6,-98.02829558483572,-76.01295963823931,-79.18009085197188,22.01533594659641,18.848204732863834
COMP_00204,2022,2023,47,Emilia-Romagna,SRL,24549846569.23,1424514444.08,-94.19746090851157,-95.4285867273215,-93.47128431381698,1.2311258188099288,0.7261765946945928
COMP_00205,2022,2023,62,Lazio,SNC,413952445.08,1609651330.55,288.8493351546506,-38.52926752474498,-27.794033708642523,327.37860267939556,316.6433688632931
COMP_00206,2022,2023,62,Lazio,SRL,632464768.91,3857632768.91,509.93638832378076,0.8977489598327969,16.420369711930892,509.03863936394794,493.51601861184986
COMP_00207,2022,2023,56,Toscana,SRL,183995301.85,868318215.16,371.9241232952166,627.011855977226,466.93150833750735,255.0877326820094,95.00738504229076
COMP_00208,2022,2023,45,Lazio,SRL,836047754.79,4293709634.12,413.5722941087859,-31.75797134029135,-43.074385073594605,445.3302654490773,456.6466791823805
COMP_00209,2022,2023,47,Lombardia,SRL,802401139.88,310558634.35,-61.29633684263654,46.32975916549112,24.752768657244072,107.62609600812766,86.04910549988061
COMP_00210,2022,2023,25,Sicilia,SRL,786971943.95,25751213.28,-96.72781050481309,-3.1132329720375047,-18.842669564909283,93.61457753277558,77.8851409399038
COMP_00211,2022,2023,47,Toscana,SRL,1725222438.7,25000191.34,-98.55090040685778,-34.38721877743196,-25.238174103326866,64.16368162942581,73.31272630353091
COMP_00212,2022,2023,41,Toscana,SRL,216856271.62,3265298506.78,1405.743173756037,311.6734159576515,362.5978239083211,1094.0697577983856,1043.145349847716
COMP_00213,2022,2023,47,Lombardia,SRL,982711616.46,616706591.24,-37.2443979586251,15.083506930164791,27.842929060214217,52.32790488878989,65.08732701883932
COMP_00214,2022,2023,41,Puglia,SPA,900873442.36,8214139219.56,811.7972440214894,395.9774205814548,390.6872943551939,415.8198234400346,421.1099496662955
COMP_00215,2022,2023,25,Lombardia,SPA,439800605.69,4980501073.94,1032.4452512124506,792.3154035881547,745.5674472766572,240.12984762429585,286.8778039357934
COMP_00216,2022,2023,25,Lombardia,SRL,212818407.16,1146107616.14,438.53782266039593,267.8927971347774,186.9916274947666,170.6450255256185,251.54619516562934
COMP_00217,2022,2023,10,Veneto,SRL,3063094269.56,411839070.22,-86.5548026284167,-82.05254828859782,-83.07978976596154,4.502254339818876,3.4750128624551593
COMP_00218,2022,2023,56,Toscana,SRL,1117600029.89,788836885.73,-29.416887559707618,19.971129018565897,18.986161716037483,49.388016578273515,48.403049275745104
COMP_00219,2022,2023,56,Emilia-Romagna,SRL,2617216867.41,706576903.89,-73.00273765279417,-55.075088816659054,-54.56749189222148,17.927648836135113,18.435245760572684
COMP_00220,2022,2023,46,Toscana,SPA,3006424501.01,532025199.24,-82.30372327456529,74.8098990630638,66.59498605561811,157.11362233762907,148.8987093301834
COMP_00221,2022,2023,25,Liguria,SPA,9422606977.37,39940560323.4,323.8801471750236,-52.04481682917554,-46.636612511867305,375.9249640041991,370.5167596868909
COMP_00222,2022,2023,25,Lazio,SRL,1316111374.41,986971506.06,-25.008511798444896,-41.161639300968076,-35.567634881348,16.15312750252318,10.559123082903103
COMP_00223,2022,2023,10,Campania,SRL,752736877.8,299840754.52,-60.16659162543824,-23.882306521949975,-16.25113003556458,36.28428510348826,43.91546158987366
COMP_00224,2022,2023,25,Lombardia,SRL,2973716696.74,776090926.42,-73.90165218930215,-74.42226655209183,-76.50085122009257,0.5206143627896722,2.599199030790416
COMP_00225,2022,2023,68,Lombardia,SRL,39398408.97,20643015.64,-47.60444347963729,539.0841830972488,429.69647777083526,586.6886265768861,477.3009212504725
COMP_00226,2022,2023,41,Sicilia,SRL,1202806139.03,107907322.84,-91.02870202117346,-25.728736406171514,-29.756722226721834,65.29996561500195,61.271979794451624
COMP_00227,2022,2023,43,Campania,SAPA,114253422.01,230748500.29,101.96200361491472,201.0091542438135,206.4530428013171,99.04715062889878,104.49103918640239
COMP_00228,2022,2023,25,Emilia-Romagna,SPA,7926904125.35,2972837708.31,-62.49686307163785,-51.688762559440804,-54.369917812143036,10.808100512197043,8.12694525949481
COMP_00229,2022,2023,41,Emilia-Romagna,SRL,524588042.4,569239029.4,8.51162881939148,54.27112159531855,47.97447341522357,45.759492775927065,39.46284459583209
COMP_00230,2022,2023,46,Veneto,SRL,2098310062.95,3173603572.48,51.245691879218846,-53.03154062908651,-44.5685444210721,104.27723250830536,95.81423630029094
COMP_00231,2022,2023,47,Sicilia,SAS,820224670.79,299723871.33,-63.45832038417953,-48.586147682093205,-47.79256859387052,14.872172702086324,15.66575179030901
COMP_00232,2022,2023,41,Liguria,SRL,2005487137.22,740108453.69,-63.095826447636256,-58.057205051126296,-57.198376816502595,5.03862139650996,5.897449631133661
COMP_00233,2022,2023,10,Piemonte,SRL,103551965.83,366423292.56,253.85450157610012,463.1201075285588,438.324761561483,209.26560595245866,184.47025998538288
COMP_00234,2022,2023,45,Lombardia,SRL,3744998100.07,169123336.11,-95.48402077675716,-84.62985312554595,-84.90236067359733,10.854167651211213,10.581660103159834
COMP_00235,2022,2023,41,Puglia,SPA,2377472276.56,3843325767.3,61.65596567380233,87.03651156198127,115.39632355529578,25.380545888178943,53.74035788149345
COMP_00236,2022,2023,41,Lombardia,SRL,320456888.1,5139968770.34,1503.9501602899074,149.97928504857333,98.86168536691017,1353.9708752413342,1405.0884749229972
COMP_00237,2022,2023,77,Lazio,SRL,40444763.18,123468048.34,205.275735675602,1386.8285908619487,1179.3882302013212,1181.5528551863467,974.1124945257193
COMP_00238,2022,2023,47,Toscana,SAS,248321785.49,1171185821.32,371.64038346815283,56.975051101254664,32.613645970710564,314.66533236689816,339.02673749744224
COMP_00239,2022,2023,46,Lombardia,SAS,556114389.11,1633287353.08,193.69629433503724,-23.787286983904803,-17.561320760552903,217.48358131894204,211.25761509559015
COMP_00241,2022,2023,45,Sardegna,SRL,194349499.77,340866773.34,75.38855193524739,229.58617494510545,206.29354189936134,154.19762300985806,130.90498996411395
COMP_00242,2022,2023,46,Umbria,SRL,1404074686.8,6230824625.14,343.7673211914784,-7.31051063682437,-10.038107715335029,351.07783182830275,353.8054289068134
COMP_00243,2022,2023,47,Campania,SPA,4001186170.33,12655380922.85,216.29072940153247,32.37733966386647,13.742337701970902,183.913389737666,202.54839169956156
COMP_00244,2022,2023,47,Lazio,SPA,8650715788.9,6447482656.36,-25.468795719390485,-26.733881411025035,-40.34642701738541,1.2650856916345496,14.877631297994924
COMP_00245,2022,2023,41,Friuli-Venezia Giulia,SRL,1562835094.2,273628717.14,-82.49151697735148,-45.9908452883541,-40.26776642587037,36.50067168899738,42.22375055148111
COMP_00246,2022,2023,46,Campania,SRL,616592102.36,207533140.41,-66.34190745945838,91.69434784080443,165.5125827341516,158.0362553002628,231.85449019361
COMP_00247,2022,2023,45,Sicilia,SPA,8879252155.89,2706550976.61,-69.51825526415954,-61.312568414407714,-57.7600373652996,8.205686849751821,11.758217898859932
COMP_00248,2022,2023,68,Sicilia,SPA,1681927968.62,16976333.09,-98.9906622990562,-26.97393378407414,-54.92066646125433,72.01672851498205,44.06999583780187
COMP_00249,2022,2023,47,Emilia-Romagna,SRL,2407430774.55,295445815.43,-87.72775447779074,-42.36794899409852,-49.66531208468756,45.35980548369222,38.06244239310318
COMP_00250,2022,2023,46,Lombardia,SRL,499695120.76,727197966.72,45.52833047758896,113.69285257985389,118.23696671765867,68.16452210226493,72.70863624006972
COMP_00251,2022,2023,25,Campania,SRL,301152754.34,1658194084.29,450.6156129715842,178.35783857963028,142.8127851850657,272.25777439195394,307.8028277865185
COMP_00252,2022,2023,47,Emilia-Romagna,SRL,829482916.62,395454410.46,-52.32518927919473,39.746702670341136,54.58695527082234,92.07189194953587,106.91214455001708
COMP_00253,2022,2023,25,Lombardia,SRL,4981186791.2,1365179114.12,-72.5932961090359,-84.96410226580616,-85.19374422347032,12.370806156770257,12.600448114434414
COMP_00254,2022,2023,43,Lombardia,SRL,1610175724.16,3405447428.17,111.49539004176461,-48.703680396439985,-50.03154755556038,160.1990704382046,161.526937597325
COMP_00255,2022,2023,25,Liguria,SRL,1126697150.66,589219763.37,-47.703802834253636,-33.192060278766924,-45.83321065849446,14.511742555486713,1.8705921757591781
COMP_00256,2022,2023,47,Friuli-Venezia Giulia,SRL,137676513.3,1466280279.79,965.0184585913681,722.6883050690536,582.3170994145172,242.3301535223145,382.70135917685093
COMP_00257,2022,2023,41,Toscana,SRL,2603988370.93,205668196.19,-92.10180051163029,-61.107216184347614,-70.90556909603137,30.994584327282674,21.196231415598916
COMP_00258,2022,2023,45,Liguria,SPA,59715323406.65,1287789668.88,-97.84345190578573,-95.27862641047773,-94.52701246813862,2.564825495308,3.316439437647105
COMP_00259,2022,2023,68,Lazio,SRL,191832591.36,275972495.99,43.86111037414909,23.148358318105863,40.51066923508957,20.71275205604323,3.3504411390595195
COMP_00260,2022,2023,41,Emilia-Romagna,SRL,719093901.65,498788973.26,-30.6364617867706,14.076691781962992,10.914162610539401,44.71315356873359,41.55062439731
COMP_00261,2022,2023,46,Lombardia,SAS,660909828.09,109104818.44,-83.49172401395391,-30.319001880905986,-32.229643371172465,53.17272213304793,51.26208064278145
COMP_00262,2022,2023,45,Lazio,SRL,220340773.36,143254758.97,-34.98490688514302,201.23695562914543,183.97933374117346,236.22186251428843,218.9642406263165
COMP_00263,2022,2023,10,Sicilia,SNC,160312802.19,213803994.36,33.36676262860353,41.18375804892201,101.14662974736302,7.816995420318477,67.77986711875948
COMP_00264,2022,2023,62,Emilia-Romagna,SPA,6148305644.26,8468613550.05,37.73898111191361,-46.894948090197545,-44.84375417040282,84.63392920211115,82.58273528231643
COMP_00265,2022,2023,10,Veneto,SRL,86350675.58,136247644.92,57.78410997349141,522.6079177705584,639.8091381065801,464.823807797067,582.0250281330887
COMP_00267,2022,2023,46,Puglia,SRL,617712993.38,302203384.39,-51.077055585895245,90.72108617345951,85.69268823335815,141.79814175935476,136.7697438192534
COMP_00268,2022,2023,47,Campania,SRL,4617359051.67,1180201794.35,-74.43989559522892,-75.96661375675153,-83.1438520298969,1.5267181615226093,8.703956434667987
COMP_00270,2022,2023,41,Veneto,SRL,2510975710.2,998111916.89,-60.250036954339954,-70.93056451354096,-70.1187835563559,10.680527559201003,9.86874660201594
COMP_00271,2022,2023,10,Veneto,SAS,87535681.62,72778214.75,-16.858801573127003,138.87820336841568,160.97315705269628,155.7370049415427,177.8319586258233
COMP_00272,2022,2023,56,Emilia-Romagna,SRL,8106478029.44,211630851.03,-97.38936131990455,-86.29401597983919,-86.81359309641711,11.095345340065364,10.575768223487444
COMP_00273,2022,2023,46,Umbria,SRL,468663057.19,706348037.79,50.715535810547244,121.83594594853324,84.17697362395003,71.120410137986,33.46143781340279
COMP_00274,2022,2023,62,Sicilia,SRL,250295472.96,210217907.6,-16.01210157181103,133.60563783248446,149.64584612602505,149.6177394042955,165.65794769783608
COMP_00275,2022,2023,62,Sicilia,SRL,5642793934.52,36677399.34,-99.35001349038062,-88.96506600981084,-87.85420388648255,10.384947480569778,11.495809603898067
COMP_00276,2022,2023,62,Veneto,SRL,421522206.62,311253042.22,-26.15975212414065,41.9303225293695,50.72560461885074,68.09007465351014,76.88535674299139
COMP_00277,2022,2023,46,Toscana,SRL,5352904282.6,4910734133.79,-8.26037839397402,-79.70216919787462,-79.86624737719488,71.4417908039006,71.60586898322086
COMP_00278,2022,2023,43,Puglia,SPA,25910408499.56,18838586850.11,-27.293362239233286,-85.41106846397109,-85.07360451220444,58.1177062247378,57.78024227297115
COMP_00279,2022,2023,62,Veneto,SRL,2590725908.84,2307976217.53,-10.913917614565461,-77.08001823321479,-74.79944134112314,66.16610061864932,63.88552372655768
COMP_00281,2022,2023,41,Lombardia,SRL,90065925.31,806847006.89,795.8404680936709,916.773463161324,655.0631255598817,120.93299506765311,140.77734253378924
COMP_00282,2022,2023,62,Campania,SPA,6483860697.41,3669897640.15,-43.39949898035359,-53.551406644680526,-31.8720813035902,10.151907664326934,11.527417676763392
COMP_00283,2022,2023,68,Lazio,SPA,4388565877.67,133040426.25,-96.96847603617074,-65.11162537752264,-70.81419034919261,31.8568506586481,26.154285686978128
COMP_00284,2022,2023,46,Liguria,SRL,472592215.55,1156058736.46,144.6207741942143,135.1025803586284,122.6035066417489,9.518193835585919,22.017267552465412
COMP_00285,2022,2023,10,Lazio,SRL,239260180.06,546572199.39,128.44260973678715,157.52382007102693,166.31113882386524,29.081210334239785,37.86852908707809
COMP_00286,2022,2023,43,Piemonte,SAS,341750708.23,510981487.22,49.518779307432126,-13.090488117007608,-14.505086820760496,62.609267424439736,64.02386612819262
COMP_00287,2022,2023,62,Sicilia,SRL,149088466.86,129669700.31,-13.02499580214679,340.85853188547935,390.24753399246026,353.88352768762616,403.27252979460707
COMP_00288,2022,2023,71,Lombardia,SNC,79900650.57,552384603.1,591.3393059497839,172.99971434979346,170.6405903903666,418.33959159999046,420.69871555941734
COMP_00289,2022,2023,41,Emilia-Romagna,SRL,365351666.0,2330518651.46,537.8836798461458,144.10843092811982,150.9624547674321,393.775248918026,386.92122507871375
COMP_00290,2022,2023,10,Lazio,SRL,2101055456.73,1233638715.96,-41.28480940336593,-71.67352379819388,-77.06362305880339,30.388714394827957,35.77881365543746
COMP_00291,2022,2023,68,Lazio,SRL,740600145.49,373182885.85,-49.61074634908522,-67.24747829991196,-71.35684856169787,17.636731950826743,21.746102212612655
COMP_00292,2022,2023,43,Veneto,SNC,190823117.88,69394870.84,-63.63392883893697,57.47142698769303,65.32900566925309,121.10535582662999,128.96293450819007
COMP_00293,2022,2023,46,Campania,SRL,211699516.09,3323992502.3,1470.1464810561345,368.0500144221886,344.7775075436883,1102.096466633946,1125.3689735124462
COMP_00294,2022,2023,77,Lazio,SAS,463700452.51,52295534.3,-88.72212998350003,-56.45559017040101,-46.847281637393564,32.266539813099016,41.87484834610646
COMP_00295,2022,2023,10,Sicilia,SAS,58473431.42,154012202.56,163.38834376551114,258.87427663084605,365.86339442159453,95.48593286533492,202.4750506560834
COMP_00296,2022,2023,47,Veneto,SRL,1360595197.33,1244434702.79,-8.537476449126867,-16.506961161397477,-14.30586698700435,7.96948471227061,5.768390537877483
COMP_00297,2022,2023,10,Lombardia,SRL,183498846.62,2132210945.39,1061.9751211872767,239.37757047247572,354.5722608057881,822.597550714801,707.4028603814886
COMP_00299,2022,2023,62,Lazio,SRL,1353708704.85,5596036823.25,313.3855978912449,-50.25719068766108,-44.907074458213344,363.642788578906,358.29267234945826
COMP_00300,2022,2023,45,Lazio,SPA,34839889872.49,7969168007.34,-77.12631114361659,-89.03492244607463,-83.79246265985202,11.908611302458041,6.666151516235431
COMP_00301,2022,2023,82,Sicilia,SRL,186245776.32,143370235.47,-23.020946674427112,184.2232628202929,198.14341406727755,207.24420949472,221.16436074170466
COMP_00302,2022,2023,46,Sicilia,SRL,154885758.12,20995036378.98,13455.175526670302,641.0077932907212,580.6208534825923,12814.167733379581,12874.55467318771
COMP_00303,2022,2023,43,Emilia-Romagna,SPA,15618515515.43,11744175001.01,-24.80607398694468,-70.31179207897686,-68.2503990672889,45.50571809203218,43.444325080344214
COMP_00304,2022,2023,41,Puglia,SRL,1204318662.73,918531167.31,-23.73022226294866,-26.531307848967195,-23.694346557348464,2.8010855860185337,0.035875705600197705
COMP_00305,2022,2023,43,Sicilia,SRL,151237445.57,2633380214.72,1641.2223571980023,472.8470407740075,495.2844166087152,1168.3753164239947,1145.937940589287
COMP_00306,2022,2023,43,Sicilia,SRL,456774547.69,1490759603.97,226.36660941575417,70.7749833315428,41.349849642663315,155.59162608421138,185.01675977309085
COMP_00307,2022,2023,10,Lombardia,SRL,905943886.89,157251489.5,-82.64224840240094,-36.13410884408177,-36.92633879987183,46.508139558319165,45.71590960252911
COMP_00308,2022,2023,43,Veneto,SRL,51793915.86,507632617.63,880.1008655189178,1328.0756149336144,957.1905054899272,447.9747494146966,77.08963997100943
COMP_00309,2022,2023,46,Lombardia,SPA,28809634226.97,1596279751.68,-94.45921548637486,-82.8365361428086,-75.83891244525265,11.622679343566261,18.620303041122213
COMP_00310,2022,2023,56,Piemonte,SRL,3555641926.84,1375693634.72,-61.30955638880605,-65.2146458777992,-62.643922204214206,3.9050894889931484,1.3343658154081552
COMP_00311,2022,2023,47,Lazio,SRL,1306195156.2,275200949.32,-78.93110014887682,-9.105916790840531,-16.78962443039427,69.8251833580363,62.14147571848255
COMP_00312,2022,2023,47,Lazio,SRL,5320236519.76,10201898881.93,91.75649135219679,-79.41562949443843,-80.00417541826448,171.1721208466352,171.76066677046128
COMP_00313,2022,2023,10,Sicilia,SRL,374128803.93,928229951.5,148.10438056345777,42.08319781188068,50.85392625495,106.02118275157709,97.25045430850777
COMP_00314,2022,2023,41,Veneto,SRL,2193177645.1,141733937.89,-93.53750763388173,-56.90039546207518,-66.90739098265198,36.63711217180655,26.630116651229756
COMP_00315,2022,2023,47,Toscana,SNC,739990412.41,108663081.46,-85.31560954876345,-41.36347951646355,-30.028454780800182,43.9521300322999,55.287154767963266
COMP_00316,2022,2023,46,Campania,SPA,2650717140.15,60066104313.94,2166.0322146081926,155.79092680185215,109.12379298802051,2010.2412878063406,2056.9084216201722
COMP_00317,2022,2023,10,Lombardia,SRL,741755236.57,1641774984.37,121.33648721670524,-23.628920575967985,-7.4737312020994215,144.96540779267323,128.81021841880465
COMP_00318,2022,2023,62,Lombardia,SRL,345533823.84,326739511.97,-5.439210454459788,73.83383484623207,47.24250855083759,79.27304530069185,52.68171900529738
COMP_00319,2022,2023,56,Lombardia,SRL,712627400.47,5877932077.38,724.8254380203905,72.46133297834076,96.478463407649,652.3641050420497,628.3469746127415
COMP_00320,2022,2023,46,Sicilia,SRL,3521980469.97,432965014.64,-87.70677411951442,-67.58784220344677,-65.93093491444685,20.118931916067652,21.77583920506757
COMP_00322,2022,2023,56,Toscana,SRL,779720599.93,1351203458.83,73.29328723023418,54.32422010541825,72.11217108371125,18.969067124815936,1.181116146522939
COMP_00323,2022,2023,46,Lombardia,SRL,7922323714.82,816068226.44,-89.69913050998646,-85.28269831003009,-87.66451602072812,4.416432199956375,2.0346144892583453
COMP_00324,2022,2023,62,Sardegna,SRL,2063336487.15,5468627104.91,165.03806523886877,-70.20461525456322,-69.55347011140483,235.24268049343198,234.5915353502736
COMP_00325,2022,2023,56,Puglia,SRL,218638645.5,1284880749.55,487.6732114817277,427.0573035600178,398.2595275133166,60.61590792170995,89.41368396841114
COMP_00326,2022,2023,62,Liguria,SNC,211834258.9,127970383.37,-39.589382739828395,6.1598686607273825,-29.06132088667349,45.74925140055578,10.528061853154906
COMP_00327,2022,2023,46,Emilia-Romagna,SRL,3034023692.21,166717594.98,-94.50506614671285,-62.99786389251149,-69.35529401058155,31.50720225420136,25.149772136131304
COMP_00328,2022,2023,25,Campania,SRL,2292680948.34,1011559200.18,-55.878762768434385,-64.57657399526471,-69.35816793056307,8.697811226830325,13.479405162128685
COMP_00329,2022,2023,47,Lombardia,SRL,1488762078.86,806108186.76,-45.853793684934075,-19.76686941402002,-11.3324014295524,26.086924270914054,34.52139225538168
COMP_00330,2022,2023,47,Campania,SRL,1822956013.9,1492173630.15,-18.145384816078472,-40.99734093800418,-37.9831456515863,22.851956121925706,19.837760835507826
COMP_00331,2022,2023,56,Veneto,SPA,15807557506.52,4313664758.2,-72.71137709655156,-56.35764493942254,-69.57653541842015,16.353732157129016,3.1348416781314086
COMP_00332,2022,2023,25,Lazio,SRL,5413812536.98,7986202939.75,47.51532095355787,-82.37690185533225,-71.35328388864616,129.89222280889012,118.86860484220404
COMP_00333,2022,2023,41,Lazio,SRL,1179570174.7,800340704.96,-32.149801501758844,-13.069486957884328,-23.34448366767643,19.080314543874515,8.805317834082416
COMP_00334,2022,2023,68,Lazio,SRL,157598982.75,167647626.99,6.376084454771019,47.929196014747774,42.54336683223537,41.553111559976756,36.16728237746435
COMP_00335,2022,2023,56,Lazio,SPA,59524373005.67,2439338706.98,-95.90194976644668,-89.92335205103322,-90.94720096313814,5.978597715413457,4.954748803308533
COMP_00336,2022,2023,71,Emilia-Romagna,SRL,63518665.31,376311653.53,492.4426335053292,807.8513604365588,714.2996177904934,315.40872693122964,221.85698428516417
COMP_00337,2022,2023,56,Puglia,SRL,1710780996.41,20197355135.99,1080.5926754139355,-30.559830001873934,8.024714367890153,1111.1525054158094,1072.5679610460454
COMP_00338,2022,2023,47,Piemonte,SRL,5954850710.0,10596255836.77,77.94326596594057,-82.541807989732,-82.85553322602235,160.4850739556726,160.79879919196293
COMP_00339,2022,2023,47,Lazio,SRL,7467520302.42,1104455778.86,-85.20987243245821,-85.05876031619165,-83.35242136330487,0.1511121162665603,1.857451069153342
COMP_00340,2022,2023,68,Piemonte,SRL,102706185.04,64421576.59,-37.27585484271435,104.14735978733262,153.0521551713666,141.42321463004697,190.32801001408095
COMP_00342,2022,2023,47,Lombardia,SRL,266238457.33,3304358978.07,1141.1276008763373,337.74297275641464,244.27792643730703,803.3846281199226,896.8496744390302
COMP_00343,2022,2023,25,Piemonte,SPA,38258042.12,3246906259.28,8386.859440155797,11806.703090851888,9443.448594198135,3419.8436506960916,1056.5891540423381
COMP_00344,2022,2023,46,Campania,SRL,2581474875.62,35362537871.88,1269.8579136233848,-55.64598932783723,-61.5197458606712,1325.503902951222,1331.377659484056
COMP_00345,2022,2023,56,Emilia-Romagna,SRL,990261025.04,6440102440.94,550.3439273175335,33.11629907068363,49.49996194888042,517.2276282468498,500.8439653686531
COMP_00346,2022,2023,41,Emilia-Romagna,SRL,145935573.64,746770466.58,411.7124275827119,415.7402303782566,402.1439735385352,4.027802795544744,9.56845404417669
COMP_00347,2022,2023,41,Lazio,SAPA,1050086342.78,139669412.55,-86.69924492301853,-68.40300347870046,-61.34812149790893,18.29624144431807,25.3511234251096
COMP_00348,2022,2023,43,Campania,SRL,547807860.63,192740259.73,-64.8160835975699,44.08149278191578,50.80932473954767,108.89757637948568,115.62540833711756
COMP_00349,2022,2023,41,Emilia-Romagna,SPA,59461479267.72,2284397519.43,-96.15818922172335,-93.4277931088942,-94.03620303949988,2.7303961128291405,2.1219861822234662
COMP_00350,2022,2023,41,Sicilia,SRL,1410927104.5,614291099.44,-56.46188258197148,-46.66022672843714,-42.8963302610119,9.801655853534342,13.565552320959583
COMP_00351,2022,2023,45,Emilia-Romagna,SRL,1562287085.22,563106586.76,-63.95626693152214,-60.81678100859568,-62.37025991160618,3.139485922926454,1.5860070199159537
COMP_00352,2022,2023,71,Toscana,SRL,85493103.58,397617818.06,365.08759351323573,576.4143600978618,531.3882492114972,211.3267665846261,166.30065569826144
COMP_00353,2022,2023,46,Lombardia,SRL,272184293.57,485764220.56,78.46886541051342,342.86647500064726,352.51493501509816,264.3976095901338,274.0460696045848
COMP_00354,2022,2023,41,Lazio,SAS,102249980.76,260814334.29,155.07519155644675,237.31191565145855,229.36020162285587,82.2367240950118,74.28501006640911
COMP_00355,2022,2023,10,Toscana,SNC,206850643.99,183004726.4,-11.528084771712296,6.8155099663062595,68.75306071435234,18.343594738018556,80.28114548606464
COMP_00356,2022,2023,47,Lazio,SRL,1764852206.63,3312297721.44,87.68130889355659,-34.601757763409054,-16.005735910228907,122.28306665696564,103.6870448037855
COMP_00357,2022,2023,43,Liguria,SRL,503177817.35,1128390634.41,124.25285763841912,64.94409163540534,45.404879106156365,59.30876600301377,78.84797853226274
COMP_00358,2022,2023,62,Sardegna,SNC,304510584.33,153065856.75,-49.7338139865373,-15.907073685346921,-3.609604952621502,33.82674030119038,46.1242090339158
COMP_00359,2022,2023,47,Liguria,SRL,683262108.4,2103975035.86,207.93088186712038,65.14633959356456,82.63225462185454,142.78454227355581,125.29862724526583
COMP_00360,2022,2023,62,Campania,SRL,1321147178.35,328964971.91,-75.10005112974247,-52.98500729750657,-60.018517475073395,22.115043832235898,15.081533654669073
COMP_00361,2022,2023,41,Toscana,SRL,772303670.17,2765514663.01,258.08643281486064,8.54340350914765,1.9795085698011559,249.543029305713,256.1069242450595
COMP_00362,2022,2023,47,Piemonte,SRL,327600582.5,849253552.14,159.23444508527393,255.61681048132792,219.69841593363034,96.38236539605398,60.46397084835641
COMP_00363,2022,2023,41,Sicilia,SRL,11417543870.88,3760590895.05,-67.06304843162249,-93.20454508461277,-92.44376121618407,26.141496652990284,25.38071278456158
COMP_00364,2022,2023,71,Sardegna,SRL,887221317.26,291294983.49,-67.16772040716916,-39.9699528156216,-39.34784123145019,27.197767591547553,27.819879175718967
COMP_00365,2022,2023,47,Campania,SRL,10978993149.69,529469110.99,-95.17743472674496,-91.27809037495193,-88.48041769691734,3.899344351793033,6.69701702982762
COMP_00366,2022,2023,43,Sicilia,SRL,428572425.2,4240597584.68,889.470468778074,82.40116744396003,85.29426048014646,807.0693013341139,804.1762082979275
COMP_00367,2022,2023,41,Umbria,SRL,3137316940.64,625525387.47,-80.06177254943215,-73.94522251574631,-73.63209524326253,6.11655003368584,6.429677306169623
COMP_00368,2022,2023,41,Lombardia,SRL,300256538.19,294031669.6,-2.073183360976781,183.38916992903575,205.6823139488507,185.46235329001252,207.75549730982746
COMP_00369,2022,2023,47,Lazio,SPA,590505951.61,52151976832.42,8731.744487964756,937.6752979037194,612.8571800648012,7794.069190061036,8118.887307899954
COMP_00370,2022,2023,41,Lazio,SRL,4642562664.9,1279915975.99,-72.43083037593055,-81.40260136526435,-80.54832979135783,8.971770989333791,8.117499415427275
COMP_00371,2022,2023,47,Lazio,SRL,5465164899.98,317500954.84,-94.1904597454843,-80.4994648428531,-79.49687393841627,13.690994902631203,14.693585807068033
COMP_00372,2022,2023,41,Lazio,SNC,506621490.7,186160839.65,-63.25445266982631,-33.21620014734555,-21.912912079474506,30.038252522480754,41.3415405903518
COMP_00373,2022,2023,47,Toscana,SAS,128252056.19,42828577.22,-66.60593327521293,239.95913096384095,169.86613922170264,306.56506423905387,236.4720724969156
COMP_00374,2022,2023,62,Lazio,SRL,240912654.59,592302682.42,145.85785392968134,157.17858664846247,119.113686301269,11.32073271878113,26.74416762841234
COMP_00375,2022,2023,56,Lombardia,SRL,148208350.1,409984401.93,176.62706025225498,747.9375791686091,581.8124223487675,571.3105189163541,405.18536209651256
COMP_00376,2022,2023,56,Emilia-Romagna,SPA,4455306186.82,22026566724.75,394.38951670505924,35.99734698639342,-17.748475324151613,358.3921697186658,412.13799202921086
COMP_00378,2022,2023,25,Veneto,SNC,110891254.91,436406756.37,293.54479009565756,196.29641705425686,187.68382301162472,97.2483730414007,105.86096708403284
COMP_00379,2022,2023,47,Lombardia,SAS,158208921.28,134202427.92,-15.17391886991823,186.75795477715081,207.86387260099107,201.93187364706904,223.0377914709093
COMP_00380,2022,2023,43,Lazio,SRL,9231758582.51,3206028405.72,-65.271747770853,-91.1084358002939,-91.85148527282317,25.836688029440907,26.579737501970172
COMP_00381,2022,2023,45,Toscana,SRL,281147466.03,326991392.34,16.306007291244164,109.07618876305057,114.3319538166501,92.77018147180641,98.02594652540594
COMP_00382,2022,2023,10,Emilia-Romagna,SRL,6220260563.06,12962705972.38,108.39490309073346,-90.94058626950518,-91.20350020346324,199.33548936023863,199.59840329419671
COMP_00383,2022,2023,41,Emilia-Romagna,SRL,189587916.82,352726149.16,86.04885536818678,365.62655018371106,307.073002117095,279.5776948155243,221.0241467489082
COMP_00384,2022,2023,10,Puglia,SRL,2172947744.52,1031709339.77,-52.52028759679619,-74.06232190444737,-78.81693860725905,21.542034307651186,26.29665101046286
COMP_00386,2022,2023,41,Lombardia,SRL,889238840.33,1513150027.79,70.16238598265276,-9.617902037364798,-14.57813520880976,79.78028802001757,84.74052119146252
COMP_00387,2022,2023,46,Lombardia,SPA,4481499803.21,73936098602.02,1549.8070255199207,25.47648856849214,19.128160016763225,1524.3305369514285,1530.6788655031573
COMP_00388,2022,2023,10,Veneto,SRL,890903949.6,48421766.07,-94.5648724431247,-36.486013779678245,-28.811782635657437,58.078858663446454,65.75308980746726
COMP_00389,2022,2023,47,Veneto,SRL,448732063.13,22037389956.75,4811.035285295772,128.01835258479002,85.84119718966313,4683.0169327109825,4725.194088106109
COMP_00390,2022,2023,43,Lombardia,SRL,499806066.81,1615112326.89,223.14780354676665,65.43769480034241,80.28164570699074,157.71010874642423,142.8661578397759
COMP_00391,2022,2023,68,Campania,SRL,360227420.27,1180820410.85,227.79859177986614,-27.737964593962023,-41.42937620729377,255.53655637382818,269.2279679871599
COMP_00392,2022,2023,68,Campania,SPA,10074211726.49,218941678.01,-97.82671156856576,-89.35221526072044,-85.70881394046998,8.474496307845314,12.117897628095776
COMP_00393,2022,2023,43,Veneto,SRL,1111583750.41,797089356.65,-28.292460522565303,-18.751547471627358,-29.733089523019558,9.540913050937945,1.4406290004542548
COMP_00394,2022,2023,71,Lombardia,SAPA,62817909.31,857379009.29,1264.8639674697254,284.1036140113007,254.08627351629497,980.7603534584247,1010.7776939534303
COMP_00395,2022,2023,82,Friuli-Venezia Giulia,SRL,1502758694.6,1236918350.32,-17.690155128382777,-63.934526362046746,-64.33493315835314,46.24437123366397,46.64477802997036
COMP_00396,2022,2023,62,Emilia-Romagna,SRL,781836350.49,486934976.26,-37.71906666211881,-20.518210507250533,-10.600723713963527,17.20085615486828,27.118342948155288
COMP_00397,2022,2023,62,Campania,SRL,24779604.05,3803560282.2,15249.560366361056,2262.696584826713,2039.146950858196,12986.863781534343,13210.41341550286
COMP_00398,2022,2023,41,Veneto,SRL,5573927060.09,708477173.59,-87.28944304523137,-84.5969513556276,-86.11947070603937,2.69249168960377,1.1699723391920003
COMP_00399,2022,2023,46,Veneto,SAS,621184043.76,323640431.94,-47.89942929296468,-34.99436604112137,-31.367937451993015,12.905063251843316,16.53149184097167
COMP_00400,2022,2023,10,Lazio,SRL,63376866.87,618464184.28,875.8516235089487,833.7903694375826,1164.6322673307811,42.06125407136608,288.7806438218324
COMP_00401,2022,2023,25,Umbria,SAS,334160475.59,302612214.11,-9.44105116689751,-15.489987685558718,-15.371238310212064,6.048936518661208,5.930187143314553
COMP_00402,2022,2023,82,Sicilia,SRL,248520324.61,32847825.97,-86.78264000276528,100.64083490463463,49.252597018012416,187.4234749073999,136.03523702077769
COMP_00403,2022,2023,43,Veneto,SAS,100634185.0,3140375448.6,3020.5851655677443,208.15576583042431,192.96686223330167,2812.42939973732,2827.6183033344428
COMP_00404,2022,2023,56,Lombardia,SRL,121280142.22,1652661408.11,1262.6809614982985,888.9454975598984,897.8964190087949,373.73546393840013,364.7845424895037
COMP_00405,2022,2023,62,Emilia-Romagna,SAS,362054685.94,152875998.52,-57.775439883317866,-39.474123267239044,-32.05308539425914,18.30131661607882,25.722354489058723
COMP_00406,2022,2023,62,Campania,SRL,758624192.95,5179745583.09,582.781491972718,-17.260853346934645,-28.985019851305,600.0423453196526,611.7665118240229
COMP_00407,2022,2023,82,Lazio,SRL,775979080.38,804008067.52,3.6120802543122785,-26.516303630941653,-1.9071873036876963,30.128383885253932,5.519267557999974
COMP_00408,2022,2023,41,Umbria,SRL,92495628.37,439242732.72,374.8794515595332,795.3869734945381,675.5369053172818,420.5075219350049,300.6574537577486
COMP_00409,2022,2023,10,Lazio,SNC,40228049.02,513945122.79,1177.5790407694994,462.82399911424994,564.6315927270463,714.7550416552494,612.9474480424532
COMP_00410,2022,2023,45,Lombardia,SRL,64283132.84,236599191.99,268.0579672102987,786.6649669174199,747.0452490145273,518.6069997071211,478.98728180422853
COMP_00411,2022,2023,25,Sardegna,SRL,1048366915.35,3485038481.96,232.42545438364112,-21.91460204470551,-16.144471911710678,254.34005642834663,248.5699262953518
COMP_00412,2022,2023,10,Sardegna,SAS,84855075.31,43080839.72,-49.23009665289519,167.05586321262243,210.19565345139884,216.2859598655176,259.425750104294
COMP_00413,2022,2023,43,Liguria,SRL,3003715567.88,2901181050.54,-3.413589436910907,-72.28117226820966,-70.72879540736078,68.86758283129875,67.31520597044987
COMP_00414,2022,2023,62,Emilia-Romagna,SRL,555060113.67,2623076085.86,372.57513578421134,13.150058876042687,8.347673799183578,359.42507690816865,364.2274619850278
COMP_00415,2022,2023,46,Piemonte,SRL,3809810285.93,743247497.14,-80.49122026141603,-65.55945578501739,-72.9519059848253,14.93176447639864,7.53931427659073
COMP_00416,2022,2023,43,Lombardia,SRL,345329786.42,1468004972.96,325.1023313623373,147.98995153751937,137.71369239350577,177.1123798248179,187.38863896883151
COMP_00417,2022,2023,47,Lombardia,SAS,912445588.19,625885361.06,-31.40573321182295,-52.822343612462895,-51.674037399345416,21.416610400639943,20.268304187522464
COMP_00418,2022,2023,41,Toscana,SPA,6216008783.56,7442222953.42,19.72671230940135,-25.71474347417528,-16.430436455889552,45.44145578357663,36.1571487652909
COMP_00420,2022,2023,56,Veneto,SAPA,681234616.36,870759199.2,27.82075048573946,-37.1909472769304,-31.28626655935235,65.01169776266985,59.10701704509181
COMP_00421,2022,2023,47,Veneto,SRL,203448081.59,3233700710.72,1489.447629806967,415.1445806247245,386.9313783014249,1074.3030491822424,1102.516251505542
COMP_00422,2022,2023,56,Lazio,SRL,644590661.35,209348803.4,-67.52220968241306,89.16243640157492,63.11885998984853,156.68464608398799,130.6410696722616
COMP_00423,2022,2023,10,Piemonte,SRL,782730455.17,1126878064.63,43.967576218208514,-27.44686175768956,-24.27796399434541,71.41443797589807,68.24554021255392
COMP_00424,2022,2023,62,Lazio,SRL,2995795946.89,1502858814.2,-49.834406586999016,-80.1508849044222,-83.64537280479198,30.316478317423183,33.81096621779296
COMP_00425,2022,2023,47,Sicilia,SRL,2036385819.87,2038788938.13,0.11800898614358063,-33.00589401187445,-39.70413296836759,33.12390299801803,39.82214195451117
COMP_00426,2022,2023,46,Piemonte,SNC,1709764604.72,247977076.51,-85.49642004370479,-73.13072237703986,-70.3248867738652,12.365697666664929,15.171533269839586
COMP_00427,2022,2023,47,Emilia-Romagna,SPA,6273077005.12,1944380934.41,-69.00435092980649,-10.622374153215404,-18.40783547587575,58.38197677659109,50.59651545393074
COMP_00428,2022,2023,68,Campania,SRL,27056800.85,375378548.83,1287.372257758995,846.7179300819562,715.1688314368977,440.65432767703874,572.2034263220972
COMP_00429,2022,2023,46,Lazio,SRL,640449567.93,311615831.41,-51.344204600344256,84.55443263736,104.94845208016751,135.89863723770424,156.29265668051175
COMP_00430,2022,2023,46,Lazio,SPA,519525557.68,834409659.9,60.60993488484964,974.6304093665136,656.2245550542236,914.020474481664,595.614620169374
COMP_00431,2022,2023,82,Veneto,SNC,157839578.48,371081651.43,135.10050837915796,36.67844091397889,36.06376922812909,98.42206746517907,99.03673915102887
COMP_00432,2022,2023,56,Emilia-Romagna,SAS,2108267790.39,130815617.45,-93.79511378742825,-78.05422288601888,-73.15889423672837,15.740890901409372,20.636219550699877
COMP_00433,2022,2023,46,Lazio,SRL,3689609412.3,845322324.69,-77.08911079118671,-68.01448601637904,-73.46772009580127,9.074624774807674,3.6213906953854433
COMP_00434,2022,2023,47,Lazio,SPA,2695215253.62,37766505441.34,1301.2426425167716,111.50629322705713,68.38184688196344,1189.7363492897146,1232.8607956348083
COMP_00436,2022,2023,41,Lazio,SRL,2330663637.55,2146363606.12,-7.907620321555151,-64.6868335426646,-70.31995178255177,56.77921322110945,62.41233146099662
COMP_00437,2022,2023,47,Veneto,SRL,2064741247.7,1525350746.87,-26.123878787758482,-45.270726777533945,-49.25751724220095,19.146847989775463,23.133638454442465
COMP_00438,2022,2023,71,Puglia,SRL,434478430.26,60124400.26,-86.16170652613977,28.5408952488966,46.62187136263157,114.70260177503637,132.78357788877133
COMP_00439,2022,2023,71,Lazio,SRL,446659316.47,558932163.06,25.1361255547752,27.75983227693446,48.11277656013258,2.623706722159259,22.97665100535738
COMP_00440,2022,2023,43,Lazio,SRL,1329061847.87,151010051.75,-88.63784616253834,-38.17228770322014,-30.87361161386094,50.465558459318196,57.76423454867739
COMP_00441,2022,2023,46,Lombardia,SRL,1637666705.1,97712412.0,-94.03343722530933,-32.470870034003504,-41.82435667626279,61.562567191305824,52.20908054904654
COMP_00442,2022,2023,41,Campania,SPA,4019213889.25,1126420397.05,-71.97411165246062,23.578980801843727,8.198856447822305,95.55309245430435,80.17296810028293
COMP_00443,2022,2023,82,Campania,SRL,2843071228.67,153607430.75,-94.59713041301964,-80.97266426527088,-84.04773384020989,13.624466147748763,10.549396572809755
COMP_00445,2022,2023,47,Sardegna,SRL,848104225.75,178270667.9,-78.98009908601142,33.102649712953806,54.62738317666966,112.08274879896523,133.6074822626811
COMP_00446,2022,2023,62,Lombardia,SNC,343743323.6,100265505.35,-70.8312864669119,-33.0428825527526,-43.20527364526258,37.788403914159304,27.626012821649326
COMP_00447,2022,2023,56,Veneto,SRL,125678391.8,2167407278.66,1624.5663694592247,904.8600096545716,640.9085586583686,719.7063598046531,983.657810800856
COMP_00448,2022,2023,47,Campania,SRL,13577432555.38,2984393384.33,-78.0194571237443,-91.54096783027063,-91.80683917509502,13.521510706526328,13.787382051350718
COMP_00449,2022,2023,10,Lazio,SRL,57392094.13,3805340647.31,6530.426550894702,978.0713532356364,806.2496127219619,5552.355197659065,5724.17693817274
COMP_00450,2022,2023,46,Veneto,SPA,2277224848.09,8825133641.48,287.53896651364903,197.5429521383841,152.19235095835347,89.99601437526493,135.34661555529556
COMP_00451,2022,2023,47,Liguria,SAPA,227146948.87,487684633.27,114.70005901294762,115.53702524863334,131.31363323887717,0.8369662356857219,16.613574225929554
COMP_00452,2022,2023,47,Campania,SRL,2165680668.03,251506441.66,-88.38672545898552,-46.57421475866803,-40.328177119753505,41.812510700317496,48.05854833923202
COMP_00453,2022,2023,43,Umbria,SRL,951151156.5,665574827.23,-30.024284501829335,-6.180218808201206,-32.33960335975513,23.844065693628128,2.3153188579257957
COMP_00454,2022,2023,71,Lazio,SAS,204691636.4,59169426.83,-71.09338326145699,-3.606199290175912,-4.466194917193912,67.48718397128108,66.62718834426308
COMP_00455,2022,2023,25,Piemonte,SRL,717620051.54,185766378.37,-74.11354685932358,8.530115508473806,0.06129549388369127,82.64366236779739,74.17484235320727
COMP_00456,2022,2023,46,Lazio,SRL,391119750.86,9073286241.24,2219.8230775330367,199.95929694596057,187.8379210982491,2019.863780587076,2031.9851564347875
COMP_00457,2022,2023,47,Piemonte,SRL,8005652426.68,4767823290.15,-40.444288159943895,-85.92730991956654,-85.11184572929423,45.483021759622645,44.667557569350336
COMP_00458,2022,2023,47,Lazio,SRL,565868034.62,460501646.78,-18.620310990133454,111.49203928971394,159.3671346255947,130.1123502798474,177.98744561572815
COMP_00459,2022,2023,47,Lazio,SRL,282422596.62,1737500804.76,515.2130975191797,266.50710631088657,213.5736712405627,248.70599120829309,301.63942627861695
COMP_00460,2022,2023,41,Lazio,SRL,180491705.29,161154748.16,-10.713487968286898,394.8078379549129,338.6161778634516,405.5213259231998,349.32966583173845
COMP_00461,2022,2023,25,Toscana,SRL,135921937.1,1192774615.3,777.5438613874787,515.5913436291594,456.7335778356483,261.95251775831935,320.8102835518304
COMP_00462,2022,2023,47,Veneto,SNC,178242535.84,429344054.73,140.87631647891394,124.85417546538294,107.06310951847307,16.022141013530998,33.813206960440866
COMP_00463,2022,2023,47,Liguria,SRL,519450326.57,1345555501.18,159.03448941208356,124.65656134502558,133.84303835308765,34.37792806705798,25.19145105899591
COMP_00464,2022,2023,41,Sicilia,SPA,8244069920.41,1704162890.18,-79.32862158336417,-48.65949445165349,-53.11805513789292,30.66912713171068,26.21056644547125
COMP_00465,2022,2023,47,Campania,SRL,4479673747.47,860488686.48,-80.79126438692145,-73.41605035101284,-73.4023608679228,7.375214035908613,7.38890351899866
COMP_00466,2022,2023,46,Lombardia,SRL,565853065.9,1129309377.47,99.57643521358538,90.92833194705827,89.54099150334478,8.648103266527116,10.0354437102406
COMP_00467,2022,2023,47,Emilia-Romagna,SRL,1520156946.19,2319545857.49,52.585946030344054,-23.55327944128232,-24.09479749444639,76.13922547162637,76.68074352479044
COMP_00468,2022,2023,62,Lombardia,SNC,161048868.78,94626001.01,-41.2439207261596,34.02727761196726,31.95474384962663,75.27119833812685,73.19866457578624
COMP_00469,2022,2023,25,Sicilia,SPA,395841509.0,10923796067.19,2659.6388501009883,873.5385431540022,1074.1472596246772,1786.1003069469862,1585.491590476311
COMP_00470,2022,2023,10,Lazio,SRL,421211602.74,733018339.53,74.02615093261521,37.987893377615556,24.846460887317967,36.03825755499965,49.17969004529724
COMP_00471,2022,2023,56,Sicilia,SPA,72932995596.55,127904841119.92,75.37308055665599,-90.44090202219957,-91.4335201216167,165.81398257885556,166.80660067827267
COMP_00472,2022,2023,47,Lazio,SRL,1626801576.97,235207081.08,-85.54174741346851,-30.24186660957287,-28.050858669001833,55.29988080389565,57.49088874446668
COMP_00473,2022,2023,47,Emilia-Romagna,SNC,211682478.56,661893214.04,212.68209751823682,116.70834936030376,103.3036227831593,95.97374815793306,109.37847473507752
COMP_00474,2022,2023,62,Sicilia,SPA,5241169619.81,2746884455.67,-47.59023929911319,-27.155735311597237,-28.99619817045209,20.434503987515956,18.594041128661104
COMP_00475,2022,2023,62,Lombardia,SAS,72957996.67,52521567.89,-28.01122524298062,223.59048133746492,226.55281512184172,251.60170658044555,254.56404036482235
COMP_00476,2022,2023,77,Lazio,SRL,459263421.57,407733114.59,-11.220207088089612,20.573140535873033,35.99385997658106,31.793347623962646,47.21406706467067
COMP_00477,2022,2023,46,Liguria,SRL,1221295259.39,1154869427.24,-5.438965855249269,-7.190944999919237,-23.61871227408709,1.751979144669968,18.179746418837823
COMP_00478,2022,2023,46,Sicilia,SRL,4808900758.94,6618272577.82,37.62547637349934,-76.72336780197638,-77.38563749245544,114.34884417547572,115.01111386595478
COMP_00479,2022,2023,45,Sicilia,SRL,180805397.27,96463969.69,-46.64762714691056,257.31310050878903,206.61079117723065,303.9607276556996,253.25841832414122
COMP_00480,2022,2023,25,Emilia-Romagna,SRL,1113605854.68,801535793.38,-28.023385472382856,-23.04395533430267,-17.952065030805954,4.979430138080186,10.071320441576901
COMP_00481,2022,2023,46,Toscana,SRL,2211672645.65,1977857033.52,-10.571890581993557,-47.628587316141115,-44.05270280483308,37.05669673414756,33.480812222839525
COMP_00482,2022,2023,41,Piemonte,SRL,425751239.44,502603533.5,18.05098539726755,103.85649615090408,96.15599998142754,85.80551075363653,78.10501458415999
COMP_00483,2022,2023,71,Emilia-Romagna,SRL,326736290.49,548544426.86,67.88598108809973,57.382403912478445,72.5445944978414,10.503577175621281,4.658613409741676
COMP_00484,2022,2023,46,Liguria,SRL,197026780.74,2311076435.14,1072.9757886009095,428.6255316522475,492.93048701239314,644.350256948662,580.0453015885164
COMP_00485,2022,2023,47,Umbria,SRL,304073340.84,41596898.22,-86.32011010728894,293.36266383067374,248.58878912732325,379.6827739379627,334.9088992346122
COMP_00486,2022,2023,43,Lazio,SNC,105576157.07,556379854.73,426.9938499097901,225.28521607138532,191.66210649578002,201.70863383840475,235.33174341401005
COMP_00487,2022,2023,10,Lombardia,SRL,1395258052.88,1823741332.75,30.7099664456731,-58.504772773622804,-57.25043367347347,89.21473921929591,87.96040011914657
COMP_00488,2022,2023,10,Sardegna,SRL,445383724.67,375116306.68,-15.776826609922384,32.64977489472141,34.870646167615114,48.4266015046438,50.6474727775375
COMP_00489,2022,2023,45,Emilia-Romagna,SPA,240963129.01,1131352759.9,369.5128107558102,1173.4180161948848,1015.9460319712306,803.9052054390745,646.4332212154204
COMP_00490,2022,2023,25,Piemonte,SRL,501031772.08,374214077.08,-25.31130799819836,51.575107886250855,39.135585499691366,76.8864158844492,64.44689349788973
COMP_00491,2022,2023,47,Emilia-Romagna,SRL,491879697.21,146782576.03,-70.15884638813753,114.75208020854873,72.09432008657973,184.91092659668627,142.25316647471726
COMP_00492,2022,2023,68,Lombardia,SRL,381787352.79,206410462.05,-45.93575178915501,-37.87262354476138,-35.32866438172535,8.063128244393631,10.60708740742966
COMP_00493,2022,2023,68,Lombardia,SRL,19412726.99,93296039.27,380.59213586045496,1104.8108672456685,994.0360259498543,724.2187313852136,613.4438900893994
COMP_00494,2022,2023,47,Piemonte,SNC,2911680847.95,897329363.28,-69.18174037131251,-84.45391989432653,-81.26292245560902,15.272179523014017,12.0811820842965
COMP_00495,2022,2023,41,Campania,SRL,4501163586.01,6509484428.14,44.61781501059042,-81.08075274359314,-83.30660145487288,125.69856775418356,127.9244164654633
COMP_00496,2022,2023,68,Liguria,SRL,879200508.67,38957540.16,-95.56898116233663,-71.19526530048134,-77.04387309348847,24.37371586185529,18.525108068848155
COMP_00497,2022,2023,68,Lazio,SRL,219778396.51,57937446.67,-73.6382430711911,1.254102025634938,0.28475591361714364,74.89234509682603,73.92299898480825
COMP_00498,2022,2023,41,Sicilia,SRL,717686557.74,842787469.13,17.431134809594823,23.00463099500115,53.01497145036774,5.573496185406327,35.583836640772915
COMP_00500,2022,2023,41,Toscana,SRL,7694445538.18,49395985.04,-99.35803061058921,-89.16613372660633,-92.77477226788422,10.191896883982878,6.583258342704994
COMP_00501,2022,2023,62,Sicilia,SRL,74686973.54,1206149439.69,1514.939503532064,796.4780721333835,795.9174126069139,718.4614313986805,719.0220909251501
COMP_00502,2022,2023,82,Lombardia,SRL,2264865535.03,247706874.47,-89.06306486461155,-75.18625156292589,-75.87685009846491,13.876813301685658,13.186214766146634
COMP_00503,2022,2023,10,Veneto,SRL,2289886819.5,666627011.64,-70.88821133152952,-73.67513342867971,-74.48019396381345,2.786922097150196,3.59198263228393
COMP_00504,2022,2023,68,Toscana,SRL,2000403246.11,127530827.79,-93.6247440090893,-87.1986688880737,-87.56771565215743,6.4260751210156,6.057028356931866
COMP_00505,2022,2023,47,Lombardia,SPA,7702402910.37,8783159715.68,14.031423932068547,-29.306091866336946,-33.96742874935267,43.33751579840549,47.99885268142122
COMP_00506,2022,2023,77,Umbria,SPA,3040192834.14,1837757234.51,-39.55129379055132,-7.079048571359711,-21.992978238668464,32.472245219191606,17.558315551882856
COMP_00507,2022,2023,46,Veneto,SAS,1759646404.37,442729526.49,-74.83985842891492,-75.08025279199624,-75.950423464414,0.24039436308132167,1.1105650354990786
COMP_00508,2022,2023,62,Sardegna,SAS,186266507.24,81755408.11,-56.1083689593964,32.5744803646835,38.658372048011316,88.68284932407991,94.76674100740772
COMP_00509,2022,2023,10,Puglia,SRL,1524975980.54,678321783.68,-55.519182443791436,-62.73473013110814,-62.30308342212293,7.2155476873167,6.783900978331495
COMP_00510,2022,2023,43,Emilia-Romagna,SRL,491401533.14,711915423.21,44.87448149804119,73.35379148575944,72.15379255905098,28.479309987718253,27.279311061009793
COMP_00511,2022,2023,10,Campania,SPA,836045293.58,9686985654.96,1058.667566141028,235.60704428773423,269.2605235950592,823.0605218532937,789.4070425459687
COMP_00512,2022,2023,77,Friuli-Venezia Giulia,SPA,1163576869.13,1852068195.03,59.17024858140923,168.33455925692132,305.81438302885044,109.1643106755121,246.64413444744122
COMP_00513,2022,2023,62,Emilia-Romagna,SPA,1764106949.53,1155959706.3,-34.47337721740878,114.80519983972245,119.78492456626144,149.27857705713123,154.25830178367022
COMP_00514,2022,2023,62,Lazio,SRL,240922120.51,124931700.22,-48.14436301841597,172.88855448523125,131.58680196935916,221.03291750364724,179.73116498777512
COMP_00515,2022,2023,71,Lazio,SRL,128932116.55,922988291.6,615.8715115345711,304.8906801385129,263.60573522670796,310.98083139605825,352.2657763078632
COMP_00516,2022,2023,25,Campania,SPA,85314274785.88,41691580930.09,-51.13176425079313,-93.50685683630387,-92.30496812445224,42.375092585510735,41.17320387365911
COMP_00517,2022,2023,43,Veneto,SPA,357395640.83,18134477921.33,4974.062425388089,1207.6905832591503,1049.5778981210824,3766.3718421289386,3924.4845272670063
COMP_00518,2022,2023,10,Lombardia,SAPA,414932856.03,257825148.41,-37.863404967053505,-46.59086483204805,-49.745141941512586,8.727459864994543,11.88173697445908
COMP_00519,2022,2023,41,Lombardia,SRL,71419473.4,263712243.85,269.2441729064891,1161.8409586034497,997.7285664700557,892.5967856969606,728.4843935635666
COMP_00520,2022,2023,41,Emilia-Romagna,SRL,2629922602.11,4239643410.86,61.2079156800475,-67.61679348690684,-61.32976760443694,128.82470916695434,122.53768328448444
COMP_00521,2022,2023,46,Campania,SRL,13321781785.33,8537755818.31,-35.91130709172994,-90.37367677229227,-92.52741556025202,54.46236968056233,56.616108468522086
COMP_00522,2022,2023,41,Sicilia,SPA,1139677048.66,4547570099.36,299.02269723751164,343.2924837470734,238.46787633254442,44.269786509561754,60.554820904967215
COMP_00523,2022,2023,25,Emilia-Romagna,SRL,4251502662.61,773107919.19,-81.81565482743015,-81.36205035050268,-81.4141950749021,0.45360447692746675,0.401459752528055
COMP_00524,2022,2023,25,Veneto,SRL,165496012.43,408976069.79,147.121404186693,364.9716342859731,374.1648530484294,217.85023009928008,227.04344886173638
COMP_00525,2022,2023,25,Piemonte,SAPA,93745648.12,130054710.36,38.73146430597209,236.22554837993522,243.93442190525235,197.49408407396314,205.20295759928027
COMP_00526,2022,2023,77,Campania,SRL,725566612.87,603538483.81,-16.818321970096477,-22.560809629831873,-26.27558434730566,5.742487659735396,9.457262377209183
COMP_00527,2022,2023,56,Lombardia,SPA,20749343370.05,33612913447.55,61.99507062988569,-72.78540089966911,-70.55126517192912,134.7804715295548,132.5463358018148
COMP_00528,2022,2023,77,Lazio,SRL,142397244.31,70622095.56,-50.40487201686635,306.24576292266784,290.8020460911485,356.6506349395342,341.20691810801486
COMP_00529,2022,2023,45,Emilia-Romagna,SPA,17690683338.83,413726755.31,-97.66132971018764,-83.26790539324597,-82.07650784085399,14.393424316941676,15.584821869333652
COMP_00530,2022,2023,41,Veneto,SRL,3910783116.55,673205625.44,-82.78591255569584,-79.98728016000624,-77.08278873341743,2.7986323956896086,5.703123822278414
COMP_00531,2022,2023,62,Lombardia,SAS,1527321208.44,102990172.5,-93.25680990148798,-83.56022420197151,-80.11695723568121,9.696585699516476,13.139852665806771
COMP_00532,2022,2023,43,Lombardia,SAS,2106680850.47,137634942.59,-93.46673975038537,-85.52402266826782,-82.7673953828805,7.942717082117554,10.699344367504878
COMP_00533,2022,2023,43,Liguria,SRL,730149495.84,562051277.34,-23.022438481123856,8.344744137953674,5.1403318569010255,31.367182619077532,28.16277033802488
COMP_00534,2022,2023,41,Veneto,SRL,323387543.85,4834462772.23,1394.9440274274803,154.62538450514396,153.04159333427612,1240.3186429223363,1241.9024340932042
COMP_00535,2022,2023,25,Sardegna,SRL,477301409.25,2416517326.55,406.28749040300477,82.70225078581399,103.40576986331256,323.5852396171908,302.8817205396922
COMP_00536,2022,2023,41,Emilia-Romagna,SRL,522386658.92,3747855293.21,617.4485085355059,48.1970578899695,66.88133602500821,569.2514506455364,550.5671725104977
COMP_00537,2022,2023,43,Lombardia,SAS,222387807.45,78654240.84,-64.63194554508837,26.240032442578393,44.27604339330936,90.87197798766677,108.90798893839772
COMP_00538,2022,2023,47,Piemonte,SRL,86123085.38,3498079599.64,3961.721179873503,1107.299397529227,972.5566605865272,2854.421782344276,2989.1645192869755
COMP_00539,2022,2023,10,Lazio,SRL,555921691.14,821951427.29,47.85381473503336,5.311741499866704,9.54113844972246,42.542073235166654,38.3126762853109
COMP_00540,2022,2023,41,Sardegna,SRL,542707961.05,313733707.8,-42.191062170341816,47.74057390472933,54.914675746181715,89.93163607507114,97.10573791652354
COMP_00541,2022,2023,62,Emilia-Romagna,SPA,1303196304.92,286192549.66,-78.0391834614994,134.87203759764876,163.3302846545304,212.91122105914815,241.3694681160298
COMP_00542,2022,2023,25,Lombardia,SNC,420701041.78,81302138.19,-80.67460497696702,-29.69353673820068,-23.918245463378007,50.98106823876634,56.75635951358901
COMP_00543,2022,2023,43,Toscana,SRL,73239391.89,1051806017.3,1336.1206314762044,1023.1562513896056,1020.4169039204232,312.9643800865988,315.70372755578114
COMP_00544,2022,2023,68,Emilia-Romagna,SRL,373224806.37,169645624.17,-54.54599445841224,-37.733506365931646,-42.73040884449203,16.812488092480592,11.815585613920206
COMP_00545,2022,2023,25,Campania,SRL,850801864.26,472413851.35,-44.4742811229157,3.5923737137674068,17.159550670474054,48.06665483668311,61.63383179338975
COMP_00546,2022,2023,25,Lazio,SRL,598370279.14,749012132.91,25.175356969017255,33.151978432012775,52.078064625591765,7.976621462995521,26.90270765657451
COMP_00547,2022,2023,46,Toscana,SRL,368430398.92,1489695661.28,304.3357078153229,215.22233445141126,395.0452843099545,89.11337336391165,90.70957649463162
COMP_00548,2022,2023,43,Sicilia,SRL,579271302.59,3677124621.03,534.7845309424238,47.22377972794829,51.96329819569456,487.5607512144755,482.8212327467292
COMP_00549,2022,2023,46,Veneto,SRL,908590886.17,486856254.25,-46.41633966831274,37.08559280832954,28.361043713920534,83.50193247664228,74.77738338223327
COMP_00550,2022,2023,62,Sicilia,SRL,379858777.73,454414698.36,19.627273344988655,65.84275011857763,87.89172893323128,46.215476773588975,68.26445558824263
COMP_00551,2022,2023,25,Emilia-Romagna,SRL,189348100.28,776868877.72,310.2860691874907,341.26819132814967,296.2139509561642,30.982122140658987,14.072118231326499
COMP_00552,2022,2023,46,Liguria,SRL,266566473.38,1060888555.79,297.9827404167461,330.17505765599174,279.60761844081645,32.192317239245654,18.37512197592963
COMP_00553,2022,2023,46,Liguria,SRL,2569932429.09,277834758.23,-89.18902477415018,-48.11807116929028,-60.89575440408016,41.0709536048599,28.293270370070026
COMP_00554,2022,2023,25,Emilia-Romagna,SPA,469523398.14,235948977.22,-49.74713120694233,752.4505695587768,654.6068762769787,802.1977007657191,704.354007483921
COMP_00555,2022,2023,47,Campania,SPA,2868681239.6,7383617212.35,157.38716140450478,130.15864116953264,92.69987984683902,27.228520234972137,64.68728155766576
COMP_00556,2022,2023,41,Lazio,SRL,9539985144.56,3337319494.62,-65.01756088663257,-92.35718382532343,-93.20717366136034,27.339622938690866,28.189612774727777
COMP_00557,2022,2023,46,Lazio,SRL,437719101.92,511469252.62,16.848739380233624,169.43723030020496,259.4885635151023,152.58849091997132,242.63982413486872
COMP_00558,2022,2023,25,Veneto,SPA,84774486204.37,9619069081.27,-88.65334428794904,-94.27812004184663,-93.6721646260722,5.624775753897595,5.018820338123163
COMP_00559,2022,2023,46,Emilia-Romagna,SNC,37462871.6,150755313.77,302.4125950077997,1143.6696211799958,1701.376060771236,841.2570261721961,1398.9634657634365
COMP_00560,2022,2023,43,Puglia,SRL,6483809585.73,1347808974.28,-79.2126996257517,-89.85492010014258,-90.02052949447815,10.642220474390882,10.807829868726458
COMP_00561,2022,2023,62,Lombardia,SRL,1937881820.77,1967130361.83,1.509304682386581,-67.376220960022,-68.39922754368014,68.88552564240858,69.90853222606673
COMP_00562,2022,2023,10,Lazio,SRL,2113193959.91,320788997.39,-84.81970876901133,-72.9976885183424,-74.83302770494524,11.822020250668928,9.98668106406609
COMP_00563,2022,2023,45,Lazio,SRL,1678459853.3,450899537.49,-73.13611424166675,-65.19615154673994,-61.47431992439926,7.939962694926805,11.661794317267486
COMP_00565,2022,2023,56,Liguria,SRL,1176438795.25,3755948037.5,219.26421099551035,3.9810845823630645,16.79963855861357,215.2831264131473,202.4645724368968
COMP_00566,2022,2023,46,Campania,SRL,1014953000.39,319188261.12,-68.55142445045726,18.058866945495044,26.383017457179097,86.6102913959523,94.93444190763636
COMP_00567,2022,2023,47,Piemonte,SRL,4849033034.83,1072669875.37,-77.87868493233299,-76.64364641436667,-75.17288667940156,1.2350385179663164,2.70579825293143
COMP_00569,2022,2023,68,Lombardia,SRL,248416716.8,225431931.77,-9.252511395400585,-5.922494759437505,-20.749593736115145,3.33001663596308,11.49708234071456
COMP_00570,2022,2023,43,Sicilia,SRL,727364826.57,324888230.83,-55.33352466848582,8.822550259619769,-1.1129135119217992,64.1560749281056,54.220611156564026
COMP_00571,2022,2023,46,Veneto,SRL,566991490.11,2550894309.3,349.8999286224049,91.26224071202225,108.27696947593017,258.6376879103826,241.62295914647473
COMP_00572,2022,2023,62,Campania,SRL,305316376.34,172519319.51,-43.49490139438748,95.36362005201246,83.67873302922412,138.85852144639995,127.1736344236116
COMP_00573,2022,2023,82,Emilia-Romagna,SAS,216533048.95,41238543.46,-80.95508114813343,-3.4541291199859065,1.4287826889697013,77.50095202814752,82.38386383710314
COMP_00574,2022,2023,68,Emilia-Romagna,SRL,467968475.43,538769761.58,15.129499072548251,-48.126033399574105,-39.582898540558915,63.255532472122354,54.712397613107164
COMP_00575,2022,2023,43,Sardegna,SPA,7845111585.53,13533132055.4,72.5040097627334,-47.821077347507874,-48.49130102096478,120.32508711024127,120.99531078369819
COMP_00576,2022,2023,41,Lazio,SAS,70000244.2,1678935490.02,2298.470904220074,378.6451807932412,305.75724069178136,1919.8257234268326,1992.7136635282925
COMP_00577,2022,2023,46,Friuli-Venezia Giulia,SRL,897508280.37,3874494590.07,331.6945787366697,31.973812259172043,14.663277220759902,299.72076647749765,317.03130151590983
COMP_00578,2022,2023,56,Piemonte,SRL,458317860.73,5357263673.83,1068.8969889362488,161.38566984992735,246.69050611453423,907.5113190863215,822.2064828217146
COMP_00579,2022,2023,46,Lombardia,SRL,255119079.91,396923177.14,55.5834935121376,368.51312360950425,320.30036074094266,312.92963009736667,264.7168672288051
COMP_00580,2022,2023,46,Piemonte,SAS,101507668.22,828442601.02,716.1379485385247,330.80140498763757,284.44997268578896,385.33654355088714,431.68797585273575
COMP_00581,2022,2023,62,Lombardia,SNC,50592463.74,45962075.23,-9.1523285637878,421.22187160353616,471.0690523212074,430.374200167324,480.2213808849952
COMP_00582,2022,2023,43,Piemonte,SPA,16000079570.22,22231253814.35,38.94464534868761,-73.90678177168351,-71.73950472764122,112.85142712037111,110.68415007632882
COMP_00583,2022,2023,62,Lombardia,SRL,3490698473.52,89325739.96,-97.44103535044307,-82.79182547777141,-78.81022761339472,14.649209872671662,18.630807737048357
COMP_00584,2022,2023,45,Emilia-Romagna,SRL,2692326553.79,187333871.61,-93.04193351485208,-77.07203586270633,-76.48444768351553,15.969897652145747,16.55748583133655
COMP_00585,2022,2023,43,Lombardia,SRL,301327729.81,342933629.84,13.807524470527245,159.76578518951172,132.12355401888433,145.95826071898446,118.3160295483571
COMP_00586,2022,2023,46,Lazio,SRL,968511448.19,6475585463.28,568.6121754556315,8.526026422517894,16.90369791276224,560.0861490331135,551.7084775428692
COMP_00587,2022,2023,56,Lazio,SRL,828286283.59,883709698.87,6.691335638178266,38.98036520031196,57.54363241298308,32.28902956213369,50.85229677480481
COMP_00588,2022,2023,25,Lazio,SRL,99096437.44,645181052.39,551.0638213211635,738.8031549342627,625.0726509802989,187.73933361309923,74.00882965913547
COMP_00589,2022,2023,41,Lombardia,SPA,12168760555.12,3403975341.87,-72.02693465409853,-58.463390469720345,-51.80285140275524,13.56354418437818,20.224083251343288
COMP_00590,2022,2023,77,Lazio,SRL,1146122428.94,311151807.2,-72.85178272902563,-52.635055063411905,-49.841003573295666,20.216727665613725,23.010779155729963
COMP_00591,2022,2023,41,Toscana,SRL,725503972.75,342433040.69,-52.80066635720569,14.067140660154811,-3.008037851069558,66.8678070173605,49.79262850613613
COMP_00592,2022,2023,46,Lombardia,SRL,576546963.89,1799197224.77,212.06429613828837,108.64369482497163,119.69882643416616,103.42060131331674,92.3654697041222
COMP_00593,2022,2023,46,Lombardia,SAS,2235540119.93,187971366.98,-91.5916800014358,-81.05373617435261,-82.53094043589917,10.537943827083197,9.060739565536636
COMP_00594,2022,2023,46,Emilia-Romagna,SPA,11629716140.14,45476009192.25,291.0328390156439,-43.18433029636366,-47.49411651424068,334.21716931200757,338.52695552988456
COMP_00595,2022,2023,47,Piemonte,SRL,518923801.19,780779667.86,50.46133287189952,108.444769134204,121.69586583065093,57.98343626230447,71.2345329587514
COMP_00596,2022,2023,41,Toscana,SRL,1194159902.99,964079733.34,-19.26711565795445,-28.75628031918361,-26.648040796496065,9.489164661229161,7.380925138541617
COMP_00597,2022,2023,46,Lombardia,SRL,1503672268.53,3956498009.85,163.12236334037726,-24.073700199185193,-44.50384624300127,187.19606353956246,207.62620958337854
COMP_00598,2022,2023,43,Lombardia,SAS,37439918.36,332388090.38,787.7906388148439,730.3862066492851,659.336755146988,57.404432165558774,128.45388366785585
COMP_00599,2022,2023,47,Lazio,SRL,1057627947.55,1236192639.17,16.883507289462806,0.0432334280202621,-5.048456449540808,16.840273861442544,21.931963739003614
COMP_00600,2022,2023,25,Lombardia,SRL,716097601.75,2100390278.59,193.31061484594616,11.996284662872991,6.626449115361678,181.31433018307317,186.68416573058448
COMP_00601,2022,2023,46,Lombardia,SRL,766651165.23,202401838.27,-73.59922642140924,46.176954021536645,26.329149269655286,119.77618044294589,99.92837569106453
COMP_00602,2022,2023,41,Lombardia,SRL,1223256560.88,584241860.57,-52.23881242462321,-30.215088813073393,-25.468754676327297,22.02372361154982,26.770057748295915
COMP_00603,2022,2023,41,Lazio,SPA,19310495309.33,6445564989.54,-66.62144141675236,-78.60884811566133,-80.64629932608692,11.98740669890897,14.024857909334557
COMP_00604,2022,2023,41,Lazio,SRL,1914963490.96,325812158.38,-82.98598589904888,-56.1702114543608,-52.48927297810509,26.81577444468808,30.496712920943793
COMP_00605,2022,2023,41,Piemonte,SRL,1233143188.21,1139733247.11,-7.5749468507052855,-33.93166570424321,-27.63686607675487,26.356718853537924,20.061919226049586
COMP_00606,2022,2023,62,Lombardia,SRL,587169317.85,3485539753.08,493.6174876852857,7.978982080304613,4.609511128943455,485.6385056049811,489.00797655634227
COMP_00607,2022,2023,41,Campania,SRL,329278690.27,1207982312.0,266.85711760135035,151.93264473459072,170.9861870143802,114.92447286675963,95.87093058697016
COMP_00608,2022,2023,71,Sicilia,SNC,66285739.45,438517716.93,561.5566493918021,199.84565202007406,207.89752765721394,361.71099737172807,353.6591217345882
COMP_00609,2022,2023,77,Toscana,SRL,1011780017.1,1187928944.65,17.409804954923345,-47.407943261451884,-56.85944184532584,64.81774821637524,74.26924680024919
COMP_00610,2022,2023,46,Lazio,SAS,220811352.8,1119004480.26,406.76945096819315,104.66022777802849,79.50449681961247,302.1092231901647,327.26495414858067
COMP_00611,2022,2023,25,Veneto,SPA,140999499.31,6268667659.53,4345.87937560528,2598.904112440075,2362.0620976029077,1746.975263165205,1983.8172780023724
COMP_00612,2022,2023,43,Emilia-Romagna,SRL,91185659.7,1235483538.34,1254.9099084271909,829.0015319977127,867.8034226179449,425.90837642947815,387.106485809246
COMP_00613,2022,2023,62,Lazio,SRL,7312739144.59,238504876.67,-96.73850151148291,-91.70634143096655,-92.00646351694934,5.032160080516363,4.73203799453357
COMP_00614,2022,2023,43,Emilia-Romagna,SRL,1723255208.68,596129522.86,-65.40677667142347,-51.773694140468635,-52.722043195869624,13.633082530954837,12.684733475553848
COMP_00615,2022,2023,25,Friuli-Venezia Giulia,SPA,316224147.64,6634556790.35,1998.0550789255344,1146.7564426304875,1042.1333092593395,851.2986362950469,955.9217696661949
COMP_00616,2022,2023,46,Lazio,SRL,130614122.04,1263429767.26,867.2995136567853,820.0605190695647,719.1335701591213,47.23899458722053,148.165943497664
COMP_00617,2022,2023,62,Lombardia,SRL,864175458.05,366286703.31,-57.61431317009153,-24.856643680920346,-5.76235949240512,32.75766948917118,51.85195367768641
COMP_00618,2022,2023,62,Veneto,SRL,7006529815.72,403653315.27,-94.23889820087037,-91.54699755965274,-92.72441909840863,2.6919006412176287,1.5144791024617348
COMP_00619,2022,2023,41,Veneto,SPA,2020860072.35,850258845.54,-57.92589218949443,137.6082879474764,137.48671237840549,195.53418013697083,195.4126045678999
COMP_00620,2022,2023,47,Lombardia,SRL,525058726.66,4259848730.2,711.3090048607935,123.25997565588624,148.5334543581363,588.0490292049072,562.7755505026572
COMP_00621,2022,2023,41,Lombardia,SRL,6175078199.43,848053862.1,-86.26650813623249,-87.24868804552126,-89.08402866554964,0.9821799092887744,2.81752052931715
COMP_00622,2022,2023,41,Campania,SRL,1103515671.16,1493894700.89,35.37593891345821,-21.934629131585755,6.698215215079068,57.310568045043965,28.67772369837914
COMP_00623,2022,2023,68,Piemonte,SRL,550436105.85,44364018.5,-91.94020558816872,-54.37869343254674,-51.52146870648507,37.56151215562198,40.41873688168366
COMP_00624,2022,2023,41,Emilia-Romagna,SPA,5109830413.36,2151210663.99,-57.90054678985994,1.1833666126549425,-12.906390309218908,59.08391340251488,44.99415648064103
COMP_00625,2022,2023,41,Campania,SRL,404678254.88,275457345.86,-31.93176491737074,111.53163534836601,178.75724673122377,143.46340026573674,210.68901164859452
COMP_00626,2022,2023,10,Piemonte,SPA,37902393839.28,5823076875.32,-84.63665144736775,-92.15512078502596,-84.16275776531114,7.518469337658203,0.4738936820566124
COMP_00627,2022,2023,68,Veneto,SRL,43003605.92,103233145.19,140.05695099626195,440.5168385029108,556.7119697154588,300.45988750664884,416.6550187191969
COMP_00628,2022,2023,62,Lazio,SRL,138066473.03,25197638.39,-81.74963274065465,345.63879307845957,342.1512396506245,427.3884258191142,423.90087239127917
COMP_00629,2022,2023,47,Lombardia,SRL,1550255162.6,163413886.31,-89.45890391128056,-23.448593093412654,-8.590449153156317,66.0103108178679,80.86845475812424
COMP_00630,2022,2023,56,Puglia,SRL,4520279756.62,379656832.58,-91.60103239132516,-73.89559977750929,-83.02550198193863,17.705432613815873,8.57553040938653
COMP_00631,2022,2023,25,Emilia-Romagna,SRL,103882661.55,342631833.83,229.82581377652426,630.8644891811282,533.5514309319509,401.03867540460396,303.7256171554267
COMP_00632,2022,2023,46,Sicilia,SRL,69190088.31,828378301.67,1097.2499557429742,1519.5248292845874,1473.5413488189686,422.27487354161326,376.2913930759944
COMP_00633,2022,2023,43,Sicilia,SRL,142209145.76,1632840759.92,1048.1967289752745,439.2596933179274,383.13956152953835,608.9370356573471,665.0571674457361
COMP_00634,2022,2023,25,Lazio,SRL,232735853.87,1112119662.75,377.8462983925116,249.6869312263114,213.2263862131861,128.15936716620018,164.6199121793255
COMP_00635,2022,2023,46,Piemonte,SRL,798322520.95,2865563395.51,258.94808430307006,30.465675247566818,27.512804406740187,228.48240905550324,231.43527989632986
COMP_00636,2022,2023,71,Sicilia,SAS,33990344.6,127808617.92,276.0144812418289,497.25158019988004,805.9576624739291,221.23709895805115,529.9431812321002
COMP_00637,2022,2023,10,Lombardia,SRL,135391441.65,1935363407.18,1329.457714308931,335.5339739078155,316.574507970562,993.9237404011154,1012.8832063383688
COMP_00638,2022,2023,43,Lombardia,SRL,2355255564.01,791632443.87,-66.38868172241207,-64.50225568357268,-61.849882232319125,1.8864260388393888,4.5387994900929485
COMP_00639,2022,2023,41,Campania,SRL,585938546.49,360724779.54,-38.43641424499517,50.4518312351537,58.6157209860233,88.88824548014887,97.05213523101847
COMP_00640,2022,2023,41,Lazio,SPA,940134462.45,471352052.27,-49.863336459164394,385.38908478155685,374.99147076825795,435.2524212407212,424.8548072274223
COMP_00641,2022,2023,71,Lombardia,SPA,414662986.91,2667434708.93,543.2777443695378,617.6388234903058,720.2600057441214,74.36107912076795,176.98226137458357
COMP_00642,2022,2023,46,Lombardia,SRL,191387419.72,10453187504.5,5361.794468932716,539.4741957110267,414.0916417509924,4822.32027322169,4947.7028271817235
COMP_00643,2022,2023,46,Lombardia,SAS,96392204.1,759814357.32,688.2529136191835,362.45397303127135,288.3997638780026,325.7989405879121,399.85314974118086
COMP_00644,2022,2023,56,Lazio,SRL,1610654669.18,5293131073.4,228.63227448344244,-24.46491117590283,-26.11077432615645,253.09718565934529,254.7430488095989
COMP_00645,2022,2023,25,Emilia-Romagna,SRL,141493512.31,396792445.99,180.43154736357255,426.26574974096286,339.0791235796375,245.8342023773903,158.64757621606495
COMP_00646,2022,2023,46,Emilia-Romagna,SAS,128177889.51,369802872.76,188.50753758989708,253.75012254996543,196.80364820811045,65.24258496006834,8.296110618213362
COMP_00647,2022,2023,45,Toscana,SAS,526660104.57,2106199218.17,299.91622678342793,-57.65190131164354,-54.74231200702008,357.5681280950715,354.658538790448
COMP_00648,2022,2023,47,Veneto,SRL,944830582.03,2693646321.78,185.09304980291932,8.105328948279304,23.230246188565452,176.98772085464003,161.86280361435388
COMP_00649,2022,2023,82,Piemonte,SAS,56312106.29,964148975.2,1612.1522150756691,268.1460518415109,258.5077430452252,1344.0061632341583,1353.644472030444
COMP_00650,2022,2023,56,Lazio,SRL,523056172.19,2868122363.09,448.3392636552533,120.76036382881553,95.19369357812525,327.5788998264378,353.14557007712807
COMP_00651,2022,2023,45,Sicilia,SAS,417845897.6,108420963.85,-74.05240437377935,-49.57089911210129,-44.60300937161214,24.481505261678066,29.449395002167215
COMP_00652,2022,2023,62,Liguria,SRL,224192139.32,1109884554.03,395.05953125582585,204.72211531753575,217.57795341657246,190.3374159382901,177.4815778392534
COMP_00653,2022,2023,41,Veneto,SRL,1172542602.19,216676778.61,-81.52077560292436,-32.954007278240724,-21.02211710049944,48.566768324683636,60.49865850242492
COMP_00654,2022,2023,10,Piemonte,SRL,560754280.44,59184439.3,-89.44556620173091,-3.836749443446537,-3.357685955866518,85.60881675828438,86.0878802458644
COMP_00655,2022,2023,41,Lazio,SRL,917628746.1,205874887.07,-77.56446842527703,-8.03543819560719,3.9412526599811226,69.52903022966984,81.50572108525814
COMP_00656,2022,2023,43,Lombardia,SRL,4970150067.96,6033083845.49,21.38635178004356,-85.00791584544756,-85.89292685597226,106.39426762549112,107.27927863601582
COMP_00657,2022,2023,46,Campania,SRL,1412795854.89,828585156.21,-41.351388217761055,-22.017435638232833,-24.62247782007831,19.333952579528223,16.728910397682746
COMP_00658,2022,2023,47,Toscana,SRL,2442333070.46,2704768935.99,10.745293862829747,-53.48773601403997,-49.93558694520593,64.23302987686972,60.680880808035674
COMP_00659,2022,2023,71,Liguria,SRL,1211920109.75,1440312348.24,18.845486319813087,-54.27648222015769,-47.3636420574646,73.12196853997078,66.2091283772777
COMP_00660,2022,2023,46,Campania,SRL,991609545.82,773387277.96,-22.00687445778304,1.8782367892754752,21.177949892627204,23.885111247058518,43.184824350410246
COMP_00661,2022,2023,46,Lombardia,SRL,272273488.44,3636132474.67,1235.4706312036997,287.87375452928285,242.79515516797449,947.5968766744168,992.6754760357252
COMP_00662,2022,2023,10,Emilia-Romagna,SRL,297005848.9,832058440.35,180.14883997457875,101.75846872541548,111.51397490052928,78.39037124916327,68.63486507404947
COMP_00663,2022,2023,10,Lombardia,SPA,17776732526.91,905597998.14,-94.90571173994363,-81.55823030883046,-69.40378724477966,13.347481431113167,25.501924495163962
COMP_00664,2022,2023,46,Lazio,SAS,752835752.96,178337883.44,-76.31118305170669,-47.164749298304244,-38.10514592159485,29.146433753402448,38.206037130111845
COMP_00665,2022,2023,45,Lombardia,SPA,10064025803.04,686309909.35,-93.1805629001598,-72.31643957137838,-48.70495649824947,20.864123328781417,44.475606401910326
COMP_00666,2022,2023,62,Lombardia,SRL,162354334.78,794286322.74,389.2301297752883,307.3822343945818,321.7337615870554,81.84789538070646,67.49636818823285
COMP_00667,2022,2023,25,Lombardia,SPA,14443491655.71,3105865494.05,-78.49643584747636,-67.89415191582484,-66.61949703784728,10.602283931651527,11.876938809629081
COMP_00668,2022,2023,10,Lombardia,SRL,144695476.43,273661367.29,89.12917946152272,263.92989632220974,317.9400739850658,174.80071686068703,228.81089452354308
COMP_00669,2022,2023,46,Lombardia,SRL,669379653.01,864693101.79,29.178276916804062,68.4063634135395,82.04773449192771,39.22808649673543,52.86945757512365
COMP_00670,2022,2023,41,Lombardia,SRL,156017733.38,236348940.09,51.48851029282913,429.401775186869,381.1323824487871,377.91326489403986,329.643872155958
COMP_00671,2022,2023,10,Emilia-Romagna,SPA,3465873162.75,6087843909.35,75.65108771954007,-11.897358569672251,5.4966619174681295,87.54844628921232,70.15442580207194
COMP_00672,2022,2023,56,Lazio,SRL,1415035350.12,259363407.07,-81.67088850126571,-15.747582309497101,-33.067542494194875,65.9233061917686,48.60334600707083
COMP_00673,2022,2023,25,Sicilia,SRL,2645640074.63,91543097.58,-96.53985066004104,-70.65381358599939,-76.66768316056029,25.886037074041653,19.872167499480753
COMP_00674,2022,2023,47,Campania,SRL,2691123233.97,2934877411.41,9.057711455317078,-52.82229808076532,-50.266549096008454,61.8800095360824,59.32426055132553
COMP_00675,2022,2023,41,Lombardia,SAS,152363863.35,1240347961.54,714.0696450383095,92.71965942984879,79.4259064808254,621.3499856084608,634.6437385574841
COMP_00676,2022,2023,41,Lazio,SRL,331309223.91,354895735.94,7.119183629009748,167.64153948374195,184.94361429926622,160.5223558547322,177.82443067025648
COMP_00677,2022,2023,43,Campania,SRL,146474275.0,5973105691.63,3977.921322109292,407.8492735344425,353.3818871457349,3570.0720485748493,3624.539434963557
COMP_00678,2022,2023,62,Sicilia,SRL,7268764751.14,5224349267.95,-28.126037272968063,-91.90369353801111,-91.50174121747807,63.77765626504305,63.37570394451001
COMP_00679,2022,2023,45,Emilia-Romagna,SRL,58220457.8,634065920.04,989.0775236054568,1024.118176201532,788.8622795295142,35.04065259607512,200.21524407594256
COMP_00680,2022,2023,56,Veneto,SRL,4905454571.24,16033113577.03,226.84256564172304,-75.52987445493204,-78.26209522927986,302.37244009665505,305.1046608710029
COMP_00681,2022,2023,25,Lombardia,SRL,640011203.81,106148417.01,-83.4146001854192,24.467562605984163,17.530009608079375,107.88216279140337,100.94460979349859
COMP_00682,2022,2023,56,Lombardia,SAS,1198218592.56,256971236.04,-78.55389345186343,-61.84274577153732,-56.89639224218359,16.711147680326114,21.657501209679843
COMP_00683,2022,2023,41,Toscana,SRL,147377151.89,1000063144.81,578.5740747361108,467.7884226187097,420.3227220267181,110.78565211740107,158.25135270939268
COMP_00684,2022,2023,47,Friuli-Venezia Giulia,SRL,335106075.89,615787254.07,83.758904530318,214.7737666639578,162.76835844333755,131.01486213363978,79.00945391301954
COMP_00685,2022,2023,46,Liguria,SRL,1477524192.64,1429665484.63,-3.2391150174324626,-21.217467923861886,-10.451485012127357,17.97835290642942,7.212369994694894
COMP_00686,2022,2023,71,Liguria,SRL,153604993.21,921725725.77,500.0623459615463,264.58787786467224,325.99319628027445,235.4744680968741,174.06914968127188
COMP_00687,2022,2023,43,Lombardia,SRL,768203678.8,4272074455.04,456.1122099432467,5.257549870288671,31.441521164824014,450.854660072958,424.6706887784227
COMP_00688,2022,2023,10,Veneto,SRL,321018552.14,787388694.43,145.27825235677048,87.63755438684218,85.45256818401802,57.6406979699283,59.82568417275246
COMP_00689,2022,2023,10,Lombardia,SRL,957731839.96,863315773.19,-9.858298829653956,-33.64573605341372,-40.52578045835493,23.787437223759767,30.667481628700976
COMP_00690,2022,2023,62,Lombardia,SPA,4682953385.53,9363561049.19,99.94990934829188,-27.24033043591641,-44.11228189850018,127.19023978420829,144.06219124679205
COMP_00691,2022,2023,46,Campania,SRL,7077259306.46,2643174306.03,-62.6525722518411,-81.61187102215003,-85.91693181972076,18.959298770308926,23.26435956787966
COMP_00692,2022,2023,56,Sicilia,SRL,1473492283.25,3545730815.58,140.63450184885792,-16.61817970403871,-14.601354706869962,157.25268155289663,155.23585655572788
COMP_00693,2022,2023,41,Lombardia,SPA,838913459.71,4987519349.54,494.5213170455164,449.826830741804,334.6154918631986,44.69448630371244,159.9058251823178
COMP_00694,2022,2023,43,Lazio,SRL,938968489.74,205781942.4,-78.08425472754885,-13.335106277169787,-32.34398206487578,64.74914845037907,45.74027266267307
COMP_00695,2022,2023,10,Emilia-Romagna,SPA,8120416888.84,191795209.37,-97.63811129409395,-67.56385869302625,-72.47286522857863,30.0742526010677,25.16524606551532
COMP_00696,2022,2023,77,Lombardia,SRL,120353458.28,1655132684.0,1275.226526644017,402.0322407833498,400.16981419352186,873.1942858606672,875.0567124504951
COMP_00697,2022,2023,47,Liguria,SRL,354119798.22,5210506083.92,1371.396434232386,245.45450104190175,237.46988806112876,1125.9419331904842,1133.926546171257
COMP_00698,2022,2023,71,Lombardia,SPA,3762553959.09,11840644607.98,214.69700466020007,-26.09999962687157,-12.052996082786853,240.79700428707164,226.7500007429869
COMP_00699,2022,2023,41,Piemonte,SRL,1443841263.32,360255477.37,-75.04881689406626,-40.38650936186511,-32.67995366649604,34.662307532201154,42.36886322757022
COMP_00700,2022,2023,47,Sicilia,SRL,1503333553.18,310380571.07,-79.3538452984401,-24.295882636739993,-32.887550862002776,55.05796266170012,46.46629443643733
COMP_00701,2022,2023,47,Lazio,SPA,168815097.55,2007082582.65,1088.9236281461958,2622.4177125961137,2461.51809637634,1533.4940844499179,1372.5944682301442
COMP_00702,2022,2023,43,Lombardia,SRL,299503432.53,8213759967.94,2642.459376360324,171.13172914547752,186.00808370480902,2471.3276472148464,2456.451292655515
COMP_00703,2022,2023,62,Lazio,SRL,16559872460.95,124048075.04,-99.25091165205215,-96.16588408090242,-95.40722534004294,3.0850275711497375,3.8436863120092113
COMP_00704,2022,2023,71,Lazio,SRL,284467962.39,126632938.19,-55.484288238972674,82.28437545313805,72.44013770000706,137.76866369211072,127.92442593897974
COMP_00705,2022,2023,68,Lombardia,SPA,299873728.33,38132144478.08,12616.067089450724,281.74107790915633,252.94016922660933,12334.326011541567,12363.126920224115
COMP_00706,2022,2023,56,Lombardia,SAS,655412448.65,737792722.57,12.569226307752414,-31.965018281698633,-23.953575810464628,44.53424458945105,36.522802118217044
COMP_00707,2022,2023,41,Veneto,SRL,701305624.96,274270246.91,-60.891480525962784,9.198011535992357,37.194822642142945,70.08949206195514,98.08630316810573
COMP_00708,2022,2023,41,Lombardia,SRL,6073544929.73,499965691.99,-91.76814038959904,-86.7913354063292,-86.85730745617498,4.976804983269844,4.910832933424061
COMP_00709,2022,2023,77,Toscana,SAS,69681815.13,319597548.39,358.65273141027035,215.12244613553187,218.13040345171507,143.53028527473847,140.52232795855528
COMP_00710,2022,2023,10,Veneto,SRL,39689963.51,1630320912.48,4007.6402402567996,1403.2909172531258,1300.1210607503126,2604.349323003674,2707.519179506487
COMP_00711,2022,2023,56,Emilia-Romagna,SRL,1511843424.61,1701061066.58,12.515690374405752,-22.792277471499723,-33.5591439038505,35.30796784590547,46.07483427825625
COMP_00712,2022,2023,47,Piemonte,SPA,135610146463.69,3312282915.19,-97.55749624820524,-95.89259503780517,-95.37306698450912,1.6649012104000747,2.184429263696117
COMP_00713,2022,2023,47,Campania,SPA,1404223991.48,19387407106.94,1280.6491859255582,327.6960771815335,378.9284821542925,952.9531087440247,901.7207037712657
COMP_00714,2022,2023,82,Lombardia,SAS,1081677519.51,115757399.78,-89.29834468294783,-80.51878873643794,-79.13253072210638,8.779555946509888,10.165813960841447
COMP_00715,2022,2023,43,Friuli-Venezia Giulia,SRL,904888540.2,118265124.39,-86.93042080476995,-10.292213874768292,0.9354972930734118,76.63820693000166,87.86591809784336
COMP_00716,2022,2023,43,Veneto,SRL,1144852204.0,445480732.53,-61.08836311154099,-32.01572613264634,-26.8337751937484,29.07263697889465,34.25458791779259
COMP_00717,2022,2023,10,Sicilia,SRL,172977622.82,256980285.5,48.562733901952704,209.08971382230362,247.32205421578016,160.52697992035093,198.75932031382746
COMP_00718,2022,2023,46,Lazio,SRL,2214471269.9,2136701706.99,-3.5118795157596225,-49.035323872092434,-44.19802636478378,45.52344435633281,40.686146849024155
COMP_00719,2022,2023,41,Puglia,SRL,1285144181.21,1648318138.01,28.259393934932753,-35.98426313310509,-33.38065858260386,64.24365706803783,61.64005251753661
COMP_00720,2022,2023,43,Friuli-Venezia Giulia,SPA,1758171070.45,5310392457.53,202.04071417071017,123.95353883204345,121.08354879302506,78.08717533866673,80.95716537768512
COMP_00721,2022,2023,62,Lombardia,SRL,535094649.12,3464961832.92,547.5418579906132,15.966573835927704,4.44323528539235,531.5752841546855,543.0986227052208
COMP_00722,2022,2023,71,Lazio,SPA,3506302286.18,9555138010.48,172.5132413181068,-5.776533025875364,26.337673147870877,178.28977434398215,146.17556817023592
COMP_00723,2022,2023,41,Veneto,SRL,1285956293.09,4974806402.96,286.8565696743963,-35.37663460097065,-45.61366619981423,322.233204275367,332.4702358742106
COMP_00724,2022,2023,43,Liguria,SRL,153373793.31,2999730128.37,1855.8296522711205,478.85860674064924,479.55304010273716,1376.9710455304712,1376.2766121683833
COMP_00725,2022,2023,71,Emilia-Romagna,SRL,906736971.94,4111977516.99,353.4917670989261,-34.81019035040251,-37.30217071030851,388.3019574493286,390.79393780923465
COMP_00726,2022,2023,10,Lazio,SRL,1643039593.37,221150004.01,-86.54019021194709,-67.4069974343813,-70.99912324321234,19.133192777565796,15.541066968734754
COMP_00727,2022,2023,25,Veneto,SRL,8841636996.71,4309687730.28,-51.25690263145108,-92.87090504776528,-94.95431778884398,41.6140024163142,43.6974151573929
COMP_00728,2022,2023,25,Lombardia,SNC,535809375.09,304642278.41,-43.143533395840784,-42.917857711825214,-49.172871871323714,0.22567568401557025,6.0293384754829304
COMP_00729,2022,2023,47,Lombardia,SPA,5160825643.57,3972582079.96,-23.02429195782775,31.50146555355181,29.076754469750085,54.52575751137956,52.101046427577835
COMP_00730,2022,2023,25,Lombardia,SRL,199266754.28,647204313.41,224.79292180399537,289.95745464057615,279.48166210540825,65.16453283658078,54.68874030141288
COMP_00731,2022,2023,77,Veneto,SRL,238740675.49,64425471.85,-73.01445523777177,148.1153642862398,165.9062003281425,221.12981952401157,238.92065556591427
COMP_00732,2022,2023,46,Toscana,SNC,327963879.13,162215807.83,-50.53851410090802,29.616689103223315,38.75021697961057,80.15520320413134,89.28873108051859
COMP_00733,2022,2023,46,Sicilia,SRL,1689451569.89,1434316621.95,-15.101643189251757,-20.109777154500044,-17.124012133221544,5.0081339652482875,2.022368943969788
COMP_00734,2022,2023,41,Campania,SRL,363083955.57,728051400.03,100.51874748556244,134.29671825515734,182.5667241909929,33.7779707695949,82.04797670543044
COMP_00735,2022,2023,46,Emilia-Romagna,SRL,1233305196.79,195049624.98,-84.18480474357298,-7.6982220633687195,-6.698392924429548,76.48658268020426,77.48641181914343
COMP_00736,2022,2023,47,Campania,SNC,1071616307.48,1435768638.8,33.981596657140855,-58.56030948649516,-54.289281286474704,92.54190614363601,88.27087794361556
COMP_00737,2022,2023,56,Veneto,SRL,190952223.33,444033206.87,132.53628532129224,618.0707228903472,577.618007983265,485.53443756905494,445.0817226619728
COMP_00738,2022,2023,56,Piemonte,SRL,577893814.01,351961583.54,-39.09580358755846,109.95888373192146,149.30260649780988,149.0546873194799,188.39841008536834
COMP_00739,2022,2023,46,Campania,SNC,1966095767.01,1533731134.83,-21.991026044348377,-77.04146546531092,-74.22566079613387,55.05043942096255,52.23463475178549
COMP_00740,2022,2023,71,Piemonte,SRL,73337002.5,29605483.93,-59.63090538095009,685.323197685585,753.5076882622764,744.9541030665351,813.1385936432265
COMP_00741,2022,2023,62,Lombardia,SRL,452287097.46,2243841495.89,396.10999484424684,45.10708952008484,64.58282117830353,351.002905324162,331.52717366594334
COMP_00742,2022,2023,56,Veneto,SRL,1593172480.4,5322023788.39,234.05195318549514,-24.07252111219737,-39.07855840549338,258.12447429769253,273.13051159098853
COMP_00743,2022,2023,10,Sicilia,SAS,668637923.24,708821356.51,6.0097448668906255,-66.21625051265882,-59.74423710639856,72.22599537954945,65.75398197328919
COMP_00744,2022,2023,10,Lombardia,SRL,2551601001.87,1215290683.02,-52.37144513858765,-78.4088204585848,-81.73085837929835,26.037375319997146,29.3594132407107
COMP_00745,2022,2023,41,Emilia-Romagna,SAPA,146143611.95,153880683.31,5.2941563827278975,115.73445874090639,147.71061753577573,110.4403023581785,142.41646115304783
COMP_00746,2022,2023,47,Campania,SRL,203318666.91,454956077.99,123.76503097543352,419.6208737690279,532.4421192061492,295.85584279359443,408.67708823071564
COMP_00747,2022,2023,45,Sicilia,SRL,547624310.05,238726263.78,-56.40692726767308,16.323649837242236,15.005654299684771,72.73057710491531,71.41258156735785
COMP_00748,2022,2023,45,Umbria,SAPA,73856810.22,246363803.46,233.56951474907603,216.3751539981961,248.12680294926707,17.194360750879923,14.557288200191039
COMP_00749,2022,2023,68,Emilia-Romagna,SRL,88341397.88,1229344246.45,1291.5834206290242,163.73374607445268,178.79032825795653,1127.8496745545715,1112.7930923710676
COMP_00750,2022,2023,68,Lazio,SRL,1715746111.74,401576768.2,-76.59462752372222,-86.2750063679248,-86.42503163809994,9.680378844202579,9.830404114377714
COMP_00751,2022,2023,71,Friuli-Venezia Giulia,SRL,326532127.47,58727072.9,-82.01491738193648,68.10921544276329,98.01403204925666,150.12413282469976,180.02894943119315
COMP_00752,2022,2023,43,Emilia-Romagna,SRL,1056286795.26,775488845.34,-26.58349523823053,-22.595492022346434,-12.952213018501656,3.9880032158840955,13.631282219728874
COMP_00753,2022,2023,47,Lombardia,SRL,130603766.12,7253193603.15,5453.586867078317,815.5377502266372,743.7525699998397,4638.049116851679,4709.834297078477
COMP_00754,2022,2023,41,Lazio,SRL,1422928789.93,1679394832.96,18.02381432191112,-44.065560640631084,-40.33391271147294,62.08937496254221,58.357727033384066
COMP_00755,2022,2023,41,Veneto,SRL,83415520.43,1949541076.76,2237.1442948629697,821.47392808577,774.8833077867287,1415.6703667771997,1462.260987076241
COMP_00756,2022,2023,41,Emilia-Romagna,SPA,256922049816.64,4275190994.0,-98.33599685311124,-97.91445182069282,-97.55458436125338,0.4215450324184218,0.7814124918578642
COMP_00757,2022,2023,43,Sicilia,SRL,116269188.74,2729551063.89,2247.6134077049383,655.4944940750584,516.1686797048973,1592.11891362988,1731.4447280000409
COMP_00758,2022,2023,45,Emilia-Romagna,SAPA,268987628.51,145141359.1,-46.04162284192034,-10.823210666948231,-3.6503849440683696,35.218412174972116,42.39123789785197
COMP_00759,2022,2023,62,Veneto,SRL,342758392.5,312205753.91,-8.913753611445115,57.001395507040755,71.98933218934334,65.91514911848587,80.90308580078846
COMP_00760,2022,2023,25,Lombardia,SRL,1590569168.04,6331926511.41,298.0918679074234,-50.29974418749436,-49.511133205045354,348.3916120949178,347.60300111246875
COMP_00761,2022,2023,56,Lombardia,SRL,549346604.18,433761848.65,-21.040405938711736,141.73250493094545,130.18633345562236,162.77291086965718,151.2267393943341
COMP_00762,2022,2023,46,Lombardia,SRL,439147817.62,1032054258.03,135.01295386672038,163.02357867156465,175.55053399183078,28.01062480484427,40.537580125110395
COMP_00763,2022,2023,41,Veneto,SRL,4656496480.9,445599293.0,-90.43058885950504,-82.77488065705614,-86.68440465664716,7.655708202448892,3.746184202857876
COMP_00764,2022,2023,46,Lazio,SPA,34619798658.23,197234383040.81,469.7155693709454,-81.08328180189545,-85.4698589133699,550.7988511728408,555.1854282843153
COMP_00765,2022,2023,43,Liguria,SAS,261046811.91,131707295.89,-49.54648366462021,23.708465641953023,31.93134213477016,73.25494930657324,81.47782579939037
COMP_00766,2022,2023,47,Veneto,SNC,618478376.16,474618117.27,-23.260353867696647,-28.99547270311049,-29.1149069527083,5.735118835413843,5.854553085011652
COMP_00768,2022,2023,25,Lombardia,SAS,136072779.93,31889674.56,-76.56425144220245,102.76695177763834,80.65586126649225,179.3312032198408,157.2201127086947
COMP_00769,2022,2023,25,Veneto,SRL,539870852.37,193605430.83,-64.13856573658607,60.10128375359907,47.990589233571605,124.23984949018515,112.12915497015769
COMP_00770,2022,2023,46,Lazio,SRL,1097406577.31,5758323278.79,424.7210466794354,-1.8297805915849958,17.087663698837776,426.5508272710204,407.6333829805976
COMP_00772,2022,2023,43,Lazio,SRL,16319674239.37,861101702.13,-94.72353620850681,-94.16823702645401,-93.93164720525091,0.5552991820528064,0.7918890032559034
COMP_00773,2022,2023,56,Campania,SRL,1823915845.67,1846529695.65,1.2398516101324297,-18.56680414997766,-15.777491415169134,19.80665576011009,17.017343025301564
COMP_00774,2022,2023,47,Veneto,SRL,1073817917.51,10466021069.34,874.6550973566275,4.141511150148917,7.487098180526528,870.5135862064785,867.1679991761009
COMP_00775,2022,2023,71,Lazio,SRL,362450307.92,61580123.54,-83.01005070366999,64.32127064578873,66.41051855229439,147.33132134945873,149.42056925596438
COMP_00776,2022,2023,62,Lombardia,SPA,5739561811.2,228991906.3,-96.01028939433752,-46.16092474012417,-59.08210018485734,49.849364654213346,36.92818920948018
COMP_00777,2022,2023,46,Puglia,SRL,1606680923.44,179815691.22,-88.80825130885329,-34.265663046808626,-38.001836648995415,54.54258826204466,50.80641465985787
COMP_00778,2022,2023,47,Puglia,SAPA,366469175.95,252442085.49,-31.115056311190962,25.346515829496333,48.4645066615366,56.461572140687295,79.57956297272756
COMP_00779,2022,2023,68,Toscana,SRL,151974839.85,293136954.35,92.88518720554522,71.68727372621974,87.74734133344745,21.19791347932548,5.13784587209777
COMP_00780,2022,2023,45,Toscana,SRL,1632758418.87,375602769.81,-76.9958148450432,-63.321053623192064,-61.53991061732167,13.674761221851135,15.455904227721533
COMP_00782,2022,2023,10,Lombardia,SRL,747633722.85,92275878.24,-87.65760887721305,-22.40947981882094,-24.145324300719082,65.24812905839211,63.51228457649397
COMP_00783,2022,2023,62,Lombardia,SRL,1431266140.97,119696118.92,-91.63704670335599,-55.62612622711991,-68.53363328646445,36.01092047623608,23.10341341689154
COMP_00784,2022,2023,62,Lombardia,SPA,1661262591.28,241434946.3,-85.4667800522749,97.81491559279327,102.64493154410744,183.28169564506817,188.11171159638235
COMP_00785,2022,2023,25,Umbria,SAS,784587197.73,743010492.1,-5.299182264290245,-60.75026238498853,-59.49246758263696,55.451080120698286,54.19328531834672
COMP_00786,2022,2023,46,Liguria,SNC,269373425.61,231101872.38,-14.207620199852132,41.40150724356486,36.016807638884835,55.60912744341699,50.224427838736965
COMP_00788,2022,2023,25,Piemonte,SAS,778247221.98,714896877.84,-8.140131098550585,-61.912964998612026,-46.593962751332604,53.77283390006144,38.45383165278202
COMP_00789,2022,2023,82,Sardegna,SRL,545408946.78,181921772.14,-66.64488670124781,2.889306206808205,3.9472761972637915,69.53419290805601,70.5921628985116
COMP_00790,2022,2023,41,Lombardia,SPA,2425754627.81,6129547301.97,152.68620460198105,69.4185616525193,67.78216276397201,83.26764294946175,84.90404183800904
COMP_00791,2022,2023,10,Liguria,SRL,271769439.98,423920360.54,55.98529421527198,103.09523132389907,103.91950223962942,47.10993710862709,47.934208024357446
COMP_00792,2022,2023,47,Sicilia,SRL,7432092585.1,433528131.41,-94.16680932797924,-85.68507863885395,-86.86368909179943,8.481730689125285,7.303120236179808
COMP_00793,2022,2023,56,Emilia-Romagna,SRL,222882957.32,530881758.77,138.1885834401401,402.8971200861955,290.88755973820855,264.70853664605545,152.69897629806846
COMP_00794,2022,2023,10,Lazio,SRL,574391912.6,273906727.82,-52.31361692051791,3.4855549557348446,3.1661010205013627,55.79917187625276,55.479717941019274
COMP_00795,2022,2023,47,Emilia-Romagna,SRL,10042625249.84,1970636409.41,-80.37727824762358,-90.14323957619473,-86.12632490459127,9.765961328571152,5.749046656967693
COMP_00796,2022,2023,46,Friuli-Venezia Giulia,SNC,1048216326.24,98679378.63,-90.58597198309556,-57.60456010394592,-55.91017347240766,32.98141187914964,34.675798510687905
COMP_00797,2022,2023,25,Liguria,SRL,3132602605.68,4814367462.87,53.685866638195435,-74.69508154492674,-72.07306298777999,128.38094818312217,125.75892962597543
COMP_00798,2022,2023,41,Toscana,SRL,172890690.77,824453892.81,376.8642482357756,396.63771103811825,346.4315085322347,19.773462802342635,30.432739703540904
COMP_00799,2022,2023,46,Friuli-Venezia Giulia,SRL,4759974043.19,182693470.29,-96.16188095497336,-76.27693959192293,-73.43088300320379,19.88494136305043,22.730997951769567
COMP_00800,2022,2023,43,Puglia,SRL,537671360.82,158521920.61,-70.51694916979788,56.9201074998216,43.31516866284666,127.43705666961948,113.83211783264454
COMP_00801,2022,2023,71,Lombardia,SRL,256890437.22,2552516974.57,893.6208611704898,98.17952890011152,86.18514051715955,795.4413322703782,807.4357206533302
COMP_00803,2022,2023,82,Emilia-Romagna,SRL,766824870.16,369777512.14,-51.77810129412666,-28.71093643606771,-13.288529125733362,23.06716485805895,38.489572168393295
COMP_00804,2022,2023,41,Campania,SRL,198823411.51,4137314763.12,1980.8991917493124,303.7584930057033,249.19792686461872,1677.1406987436092,1731.7012648846937
COMP_00805,2022,2023,77,Puglia,SPA,2781473342.77,2435711733.19,-12.430879860083957,0.8458391202129323,24.777688633265978,13.27671898029689,37.20856849334994
COMP_00806,2022,2023,45,Friuli-Venezia Giulia,SPA,15184766231.7,4715971389.0,-68.9427461902255,-77.97241020736288,-77.18619625375015,9.029664017137378,8.243450063524648
COMP_00807,2022,2023,43,Friuli-Venezia Giulia,SRL,3252732757.78,195414256.53,-93.99230520667271,-74.14145252871488,-72.59873697553606,19.850852677957832,21.393568231136655
COMP_00808,2022,2023,10,Piemonte,SRL,461103063.26,281672237.86,-38.91338828491477,16.59304759514058,12.032933685776781,55.50643588005535,50.94632197069155
COMP_00809,2022,2023,10,Lazio,SRL,143926414.13,218006594.61,51.47087206180784,270.9720016014932,286.2475605647482,219.5011295396854,234.77668850294037
COMP_00810,2022,2023,47,Lombardia,SPA,92513285381.22,70288725040.27,-24.023101384162423,-92.30585572101529,-92.73795783829598,68.28275433685286,68.71485645413355
COMP_00811,2022,2023,46,Veneto,SRL,218667739.32,851347742.3,289.3339479099527,465.4505559530796,505.9845193595187,176.11660804312686,216.65057144956597
COMP_00812,2022,2023,41,Lazio,SRL,300114174.46,4204225162.67,1300.875240309701,211.94386631226635,224.99644678866832,1088.9313739974345,1075.8787935210325
COMP_00813,2022,2023,47,Friuli-Venezia Giulia,SPA,37694678579.15,1442464407.48,-96.17329431672653,-82.6658342786918,-84.12469837640198,13.507460038034722,12.048595940324546
COMP_00814,2022,2023,41,Emilia-Romagna,SRL,970535682.38,229856468.16,-76.31653608074114,-12.946638201983541,-1.69124491996687,63.369897878757605,74.62529116077428
COMP_00815,2022,2023,46,Sicilia,SRL,359066541.12,624295230.46,73.86616656419697,242.56257668352447,238.5231700350134,168.69641011932748,164.65700347081645
COMP_00816,2022,2023,43,Emilia-Romagna,SRL,265504062.14,2288368001.04,761.8956646446132,192.96336454539656,184.5123388871557,568.9323000992167,577.3833257574576
COMP_00817,2022,2023,62,Campania,SNC,16677976.31,63811312.41,282.60824469296773,1275.2777001252712,1725.9611625852704,992.6694554323035,1443.3529178923027
COMP_00818,2022,2023,62,Lazio,SAS,33795589.77,86358563.21,155.53204958908455,594.5908518100185,506.62767650301606,439.058802220934,351.0956269139315
COMP_00819,2022,2023,46,Lombardia,SPA,672548183.7,84398137628.43,12449.009821737474,786.2858487198735,694.3442787262909,11662.7239730176,11754.665543011184
COMP_00820,2022,2023,43,Veneto,SRL,339344860.53,483920248.59,42.60426630130699,101.5316671672313,117.45268634932238,58.92740086592431,74.84842004801538
COMP_00821,2022,2023,43,Lazio,SRL,2889866264.78,977524668.93,-66.17405169078242,-71.75628986112422,-76.23767476311684,5.582238170341796,10.063623072334423
COMP_00822,2022,2023,62,Lombardia,SNC,4612845334.46,411588550.42,-91.07733902662525,-94.63005377536973,-92.98972068092448,3.552714748744478,1.9123816542992245
COMP_00823,2022,2023,43,Campania,SNC,250878961.62,198283649.63,-20.964417123849863,30.97259616787138,28.30818283391647,51.93701329172124,49.27259995776633
COMP_00824,2022,2023,41,Sicilia,SRL,336432273.08,1660337515.03,393.51315194282495,182.80892333754042,113.30678365791155,210.70422860528453,280.2063682849134
COMP_00825,2022,2023,25,Umbria,SPA,1527960700.29,819396013.12,-46.37322720640116,202.23914899216572,196.52548922162705,248.6123761985669,242.89871642802822
COMP_00826,2022,2023,46,Lombardia,SRL,1051756022.06,531252303.47,-49.48901719341014,1.6433124978310545,0.2871447925458205,51.132329691241196,49.77616198595596
COMP_00827,2022,2023,46,Lombardia,SRL,503925105.42,1320822193.75,162.1068447560578,109.99843396330006,132.73933683328767,52.10841079275774,29.36750792277013
COMP_00828,2022,2023,62,Puglia,SRL,246471336.08,1105586798.61,348.566075144392,174.63082779216128,217.61968171645037,173.93524735223073,130.94639342794164
COMP_00829,2022,2023,41,Piemonte,SRL,547756773.78,1085963583.17,98.25653194134017,58.45273371888584,49.166282710943065,39.80379822245433,49.090249230397106
COMP_00830,2022,2023,43,Lombardia,SNC,500540440.59,249710343.0,-50.11185455751388,-39.52809399578802,-42.54637841116595,10.58376056172586,7.565476146347926
COMP_00831,2022,2023,62,Piemonte,SRL,755090748.36,1044491712.95,38.32664685914336,-6.838176735779166,-18.419865234465117,45.164823594922524,56.74651209360847
COMP_00832,2022,2023,62,Lazio,SRL,429718662.17,306200696.68,-28.74391465017066,51.41456122179296,25.224844191540303,80.15847587196362,53.968758841710965
COMP_00833,2022,2023,43,Lombardia,SAS,191176385.23,195277954.09,2.1454369769914363,46.400639386962766,20.283008269148155,44.25520240997133,18.137571292156718
COMP_00834,2022,2023,46,Piemonte,SAS,1475905328.65,234737046.75,-84.09538591715011,-71.31543954770883,-73.89836279790865,12.779946369441276,10.197023119241464
COMP_00835,2022,2023,43,Campania,SRL,4606783274.98,553229399.21,-87.99098272726098,-82.90516690399653,-82.57150620280517,5.085815823264454,5.419476524455817
COMP_00836,2022,2023,71,Umbria,SRL,882429948.08,2668914192.04,202.45054554721884,-40.976526810304485,-51.60271909780282,243.42707235752331,254.05326464502167
COMP_00837,2022,2023,25,Campania,SRL,152109323.19,62356312.93,-59.005594382856714,474.3943105363847,393.83009561435955,533.3999049192414,452.83568999721626
COMP_00838,2022,2023,71,Liguria,SRL,173815880.89,121299974.32,-30.213526118039166,211.81467104267907,211.35786765240752,242.02819716071824,241.5713937704467
COMP_00839,2022,2023,47,Emilia-Romagna,SNC,506376195.12,477661351.42,-5.670654342903147,-17.933104999109293,-19.46510129147738,12.262450656206147,13.794446948574235
COMP_00840,2022,2023,46,Lazio,SAS,1603463634.28,1331198437.63,-16.979817367186786,-73.28729620682792,-78.60680960667075,56.307478839641135,61.62699223948397
COMP_00841,2022,2023,10,Toscana,SRL,932317686.57,511211992.31,-45.16761832645794,-40.01700610222192,-44.58706941411317,5.150612224236021,0.5805489123447742
COMP_00842,2022,2023,46,Lombardia,SRL,1303766694.1,105833458.27,-91.88248489941235,-16.47093548711471,-16.641212569356,75.41154941229763,75.24127233005635
COMP_00843,2022,2023,45,Sicilia,SRL,305329248.07,908984084.73,197.70619437074228,87.51032383715652,126.42091394415695,110.19587053358576,71.28528042658533
COMP_00844,2022,2023,25,Lazio,SAS,81882134.85,774637952.35,846.0402489127334,266.10194486237265,285.781902625748,579.9383040503608,560.2583462869854
COMP_00845,2022,2023,47,Campania,SRL,456896536.18,20066424828.17,4291.896904262058,160.48334164829816,157.48977600885772,4131.41356261376,4134.4071282532
COMP_00846,2022,2023,77,Lazio,SRL,346214967.01,382956622.14,10.612382083683505,60.995717974467695,114.43331895592634,50.38333589078419,103.82093687224284
COMP_00847,2022,2023,46,Lombardia,SRL,969018011.5,787860744.28,-18.694932918695294,13.125398179372816,16.813047057524994,31.82033109806811,35.507979976220284
COMP_00848,2022,2023,56,Sicilia,SRL,3040992641.29,314447561.47,-89.65970659709947,-60.05664221893182,-62.813919497311915,29.60306437816765,26.845787099787557
COMP_00849,2022,2023,10,Emilia-Romagna,SRL,721782644.27,732870839.58,1.5362235983402586,-20.12369003789104,-20.649186081075044,21.6599136362313,22.1854096794153
COMP_00850,2022,2023,45,Lazio,SRL,76521811.13,236019180.34,208.43386591966046,734.3745415399961,626.970312868789,525.9406756203357,418.5364469491286
COMP_00851,2022,2023,25,Veneto,SNC,79614941.3,140467044.31,76.43301874795203,285.0770947351055,299.96173267399,208.64407598715349,223.528713926038
COMP_00852,2022,2023,47,Lombardia,SAS,101477709.1,119973490.8,18.226447821928613,343.2807036353047,227.977986103291,325.0542558133761,209.75153828136237
COMP_00853,2022,2023,71,Emilia-Romagna,SPA,862310649.92,4269622004.86,395.1373388762055,246.2833000616693,334.1733900899163,148.85403881453618,60.963948786289166
COMP_00854,2022,2023,47,Lombardia,SRL,8432339383.01,1610161014.33,-80.9049311087472,-85.95577285297982,-86.88011417590663,5.0508417442326135,5.975183067159421
COMP_00855,2022,2023,10,Lombardia,SRL,39768877.41,1240816467.8,3020.0691309631816,1402.6385935003145,1565.1622787281067,1617.430537462867,1454.906852235075
COMP_00856,2022,2023,43,Lazio,SRL,212140253.6,1423911601.34,571.2123593596006,247.30856699880852,196.67839531966277,323.90379236079207,374.5339640399378
COMP_00857,2022,2023,46,Piemonte,SRL,1772798423.39,6846946168.54,286.222487464032,-39.22946963787445,-42.333186000035504,325.45195710190643,328.55567346406747
COMP_00858,2022,2023,45,Liguria,SAS,627769478.62,294801606.39,-53.03983127085912,-63.30607268066396,-51.75394238072867,10.266241409804842,1.285888890130451
COMP_00859,2022,2023,62,Lazio,SRL,615693160.87,4632186236.14,652.3530437782562,1.581277965682867,10.311531605410833,650.7717658125733,642.0415121728454
COMP_00860,2022,2023,62,Veneto,SRL,36563066.73,589506718.54,1512.3010766389289,1655.8523909333685,1498.7051579528618,143.55131429443963,13.59591868606708
COMP_00861,2022,2023,47,Piemonte,SAS,667018623.09,357174797.37,-46.452050211826425,-35.760729365973134,-51.98283056577465,10.69132084585329,5.530780353948224
COMP_00862,2022,2023,43,Sicilia,SNC,1034608053.49,124382532.17,-87.9778113315061,-69.44105510375796,-61.90860112668525,18.536756227748143,26.069210204820855
COMP_00863,2022,2023,41,Piemonte,SRL,220124801.41,9440762303.47,4188.822632887162,316.229519895303,321.7863824848702,3872.5931129918595,3867.0362504022924
COMP_00864,2022,2023,25,Campania,SRL,6421193734.13,5039261823.8,-21.5214174738996,-87.54078582706303,-86.65642268428309,66.01936835316343,65.13500521038348
COMP_00865,2022,2023,43,Liguria,SRL,25201147201.47,1409902442.41,-94.40540372571705,-97.08225127672613,-96.855628988787,2.6768475510090752,2.450225263069953
COMP_00866,2022,2023,45,Lombardia,SRL,150108920.7,247469338.02,64.85984767992541,305.1005855792468,277.18130556281426,240.2407378993214,212.32145788288886
COMP_00867,2022,2023,47,Lombardia,SRL,1500210656.48,2233849433.23,48.902384047275326,-24.126346175845292,-15.585260942028514,73.02873022312062,64.48764498930385
COMP_00868,2022,2023,47,Emilia-Romagna,SRL,1745913212.27,2114085342.17,21.087653573645298,-34.413832128208064,-49.02764249612435,55.50148570185336,70.11529606976964
COMP_00869,2022,2023,10,Sardegna,SNC,147039616.69,60457386.72,-58.883606961883736,50.76745436001346,51.903427534196084,109.6510613218972,110.78703449607983
COMP_00870,2022,2023,45,Campania,SRL,171774342.25,74952769.46,-56.36556165593468,223.8648578470502,280.35333872282445,280.2304195029849,336.71890037875914
COMP_00871,2022,2023,41,Lombardia,SRL,302346133.12,203704016.0,-32.625559355458776,185.24098109875214,166.35656355458545,217.8665404542109,198.9821229100442
COMP_00872,2022,2023,25,Toscana,SRL,803661893.43,3767456403.13,368.78624380840455,5.46158477791111,18.106894860129906,363.3246590304934,350.67934894827465
COMP_00873,2022,2023,62,Campania,SRL,245385965.96,437461872.3,78.27501690594237,152.4007956218986,193.3191666853531,74.12577871595623,115.04414977941074
COMP_00874,2022,2023,10,Lazio,SAS,155459423.37,451007539.33,190.11270565219,27.978875429492653,77.2315308061712,162.13383022269733,112.8811748460188
COMP_00875,2022,2023,45,Lombardia,SRL,170811887.31,15195976715.87,8796.322706329802,269.39539805176827,340.62156044081655,8526.927308278033,8455.701145888985
COMP_00876,2022,2023,25,Puglia,SRL,208328370.52,744245800.92,257.24649459039983,281.3278967287207,261.13222805511253,24.08140213832087,3.8857334647127004
COMP_00877,2022,2023,68,Toscana,SRL,88021339.64,727000975.31,725.9371855545187,190.4644468767684,195.7300639669318,535.4727386777503,530.2071215875869
COMP_00878,2022,2023,46,Lazio,SPA,15973997948.55,7974147287.94,-50.08045378731357,-59.351933285434235,-66.43072845031524,9.271479498120662,16.35027466300167
COMP_00879,2022,2023,41,Lombardia,SRL,10438782415.53,701938932.86,-93.27566276488615,-91.85978598842918,-91.94059338115252,1.4158767764569689,1.3350693837336252
COMP_00880,2022,2023,46,Lombardia,SPA,1995135903.28,4931028196.86,147.15249666718935,181.73553004353695,154.49918714609058,34.5830333763476,7.346690478901223
COMP_00881,2022,2023,56,Toscana,SRL,2969309711.99,6978387890.59,135.0171779794961,-58.043815727019464,-47.361112916536044,193.06099370651555,182.37829089603213
COMP_00882,2022,2023,77,Lazio,SRL,326304481.96,1098880324.42,236.7653174174623,77.09622074181691,71.80680945649267,159.6690966756454,164.95850796096965
COMP_00883,2022,2023,41,Lazio,SRL,1891965944.26,1575250642.46,-16.740010715355453,-55.408684106668126,-59.3900190154318,38.66867339131267,42.650008300076344
COMP_00884,2022,2023,68,Veneto,SNC,81527487.49,67992201.26,-16.60211377378728,-2.1909085816503038,20.956254904059225,14.411205192136977,37.5583686778465
COMP_00885,2022,2023,71,Lombardia,SNC,770696551.56,172492453.16,-77.61862917242193,-70.81679561715153,-57.11153127764867,6.801833555270406,20.50709789477326
COMP_00886,2022,2023,71,Toscana,SRL,1146887598.55,570826653.49,-50.22819549084922,-53.215310395706474,-58.23043001255634,2.9871149048572576,8.002234521707123
COMP_00887,2022,2023,47,Lombardia,SRL,548232498.08,1443196651.66,163.2453670138693,116.37903377675893,161.53363328023602,46.86633323711037,1.711733733633281
COMP_00888,2022,2023,47,Lazio,SRL,21271849710.8,1574459959.91,-92.59838715807292,-94.98725693904608,-96.02408043881644,2.3888697809731525,3.4256932807435163
COMP_00890,2022,2023,56,Puglia,SRL,2479541672.46,2448114435.64,-1.2674615300504555,-51.34551896241005,-37.01363688426736,50.07805743235959,35.74617535421691
COMP_00891,2022,2023,46,Emilia-Romagna,SAS,387138769.97,377251503.83,-2.5539333455975552,10.927627641848742,-0.25254849677343566,13.481560987446297,2.3013848488241195
COMP_00892,2022,2023,47,Veneto,SNC,30173849.9,429613473.51,1323.7940300418875,1382.643272350928,914.0314285684922,58.84924230904062,409.7626014733953
COMP_00893,2022,2023,45,Campania,SRL,151910612.49,1243030454.32,718.2643950578675,305.5777307004095,328.0347862058378,412.686664357458,390.22960885202974
COMP_00894,2022,2023,56,Toscana,SRL,1532809447.19,4229392086.85,175.92419231258455,-16.889805486449387,-13.913013497501554,192.81399779903393,189.83720581008612
COMP_00895,2022,2023,62,Lombardia,SAS,91590038.35,589672445.25,543.8172271493542,145.91706554976594,187.82793978482215,397.9001615995882,355.989287364532
COMP_00896,2022,2023,25,Lombardia,SPA,6661446348.12,2552910912.78,-61.676327041191506,-32.78802099461985,-22.111000289140545,28.888306046571657,39.565326752050964
COMP_00897,2022,2023,62,Emilia-Romagna,SRL,1958140017.08,303107577.56,-84.5206382119703,-60.57705675072022,-61.35805206981954,23.943581461250076,23.16258614215075
COMP_00898,2022,2023,46,Lazio,SRL,734750541.53,5820082157.69,692.116756466843,41.454172497122364,80.99484934008818,650.6625839697206,611.1219071267548
COMP_00899,2022,2023,62,Lazio,SRL,663366119.65,1364776806.45,105.73507841643658,-1.6438343694764062,6.910683343053411,107.37891278591299,98.82439507338317
COMP_00900,2022,2023,45,Lombardia,SRL,46724887.7,277119377.28,493.08730511940854,1274.2673965479676,1390.9146742811156,781.1800914285591,897.8273691617071
COMP_00901,2022,2023,43,Lazio,SRL,518059416.61,222482510.71,-57.05463435722336,55.66394477692348,30.052243734552597,112.71857913414684,87.10687809177595
COMP_00902,2022,2023,71,Lombardia,SRL,956413332.78,996830743.77,4.225935545306442,-40.471290595753416,-28.620398605239856,44.69722614105986,32.8463341505463
COMP_00903,2022,2023,41,Liguria,SRL,751778466.63,2712097357.55,260.7575207238282,17.320976576151622,16.52639072830898,243.43654414767656,244.2311299955192
COMP_00904,2022,2023,62,Campania,SRL,1830425520.16,101313986.94,-94.46500358391287,-65.14963524165603,-59.43120745126066,29.315368342256846,35.03379613265221
COMP_00905,2022,2023,46,Emilia-Romagna,SRL,6753461027.69,849395246.7,-87.42281560199463,-83.96615754631715,-84.8364948516275,3.4566580556774795,2.586320750367122
COMP_00906,2022,2023,46,Veneto,SRL,172112352.04,1552336844.8,801.9322706363499,608.8330272382143,661.529278451078,193.09924339813563,140.40299218527196
COMP_00907,2022,2023,43,Lombardia,SPA,47755588845.66,79213243502.77,65.87219510323105,-91.8368766313768,-90.62127599200987,157.70907173460785,156.49347109524092
COMP_00908,2022,2023,46,Lombardia,SAS,270404960.51,272933506.81,0.935096122212781,46.325147648159444,12.426946664216985,45.39005152594666,11.491850542004203
COMP_00909,2022,2023,43,Campania,SRL,1757870565.17,7709121777.49,338.5488858074409,-54.84438544417549,-51.96855970510602,393.3932712516164,390.51744551254694
COMP_00910,2022,2023,10,Emilia-Romagna,SRL,68676410.77,1323204599.43,1826.7235788740686,723.5436418419516,637.5224171980876,1103.1799370321169,1189.201161675981
COMP_00911,2022,2023,41,Lombardia,SNC,250161724.1,150188346.11,-39.963498952396286,36.066316999755834,38.682911949101786,76.02981595215212,78.64641090149807
COMP_00913,2022,2023,77,Campania,SRL,3393042379.67,839568905.96,-75.2561621101339,-84.2036183075575,-85.1976589105296,8.947456197423605,9.941496800395697
COMP_00914,2022,2023,77,Liguria,SRL,4361511955.07,1103171704.74,-74.7066678687507,-87.87274908780843,-87.85832547827484,13.16608121905773,13.151657609524136
COMP_00915,2022,2023,45,Piemonte,SRL,225355952.1,801261154.77,255.55357970507313,173.15512434325083,182.289720982294,82.3984553618223,73.26385872277913
COMP_00916,2022,2023,56,Lombardia,SRL,388777089.24,3222240458.62,728.8143894793259,199.28298317383212,182.33546669796365,529.5314063054938,546.4789227813623
COMP_00917,2022,2023,43,Sardegna,SAS,191799949.36,164220170.27,-14.379450663062471,64.25488857837024,52.61390101811903,78.63433924143271,66.99335168118151
COMP_00918,2022,2023,47,Veneto,SRL,2889865935.33,508319048.08,-82.41028963089411,-59.912178384175114,-58.96141974627388,22.498111246719,23.44886988462023
COMP_00919,2022,2023,62,Lazio,SRL,183295098.16,125501446.55,-31.530385804180852,222.43378164377083,199.14847824690736,253.9641674479517,230.67886405108823
COMP_00920,2022,2023,71,Emilia-Romagna,SNC,342691544.95,624553445.8,82.24944706211666,-42.24463440097768,-34.73170924918387,124.49408146309435,116.98115631130054
COMP_00921,2022,2023,45,Piemonte,SRL,972485107.64,481874929.18,-50.44911995111156,-39.232451250292435,-33.80232754003026,11.216668700819127,16.6467924110813
COMP_00922,2022,2023,62,Emilia-Romagna,SRL,383655492.01,2654924880.99,592.0075266173432,58.137701223609625,41.83210535869227,533.8698253937335,550.1754212586509
COMP_00923,2022,2023,41,Veneto,SRL,2420739334.89,1891951329.29,-21.84407044486797,-68.31810636067208,-72.48591331519256,46.47403591580411,50.641842870324595
COMP_00924,2022,2023,82,Campania,SRL,14448352319.74,390341975.6,-97.29836339146647,-96.39181490230753,-96.13073400488811,0.9065484891589364,1.167629386578355
COMP_00925,2022,2023,10,Lazio,SRL,3723809375.49,654843769.96,-82.41468066893646,-84.8593522365401,-86.67819884937082,2.444671567603649,4.26351818043436
COMP_00926,2022,2023,47,Lombardia,SRL,465489575.79,5331087246.67,1045.2645824823057,143.08534164611078,156.4464562327209,902.1792408361949,888.8181262495848
COMP_00927,2022,2023,47,Sicilia,SRL,961105709.4,315462711.28,-67.17710568206516,32.6451145551697,33.952874346400435,99.82222023723486,101.1299800284656
COMP_00928,2022,2023,47,Emilia-Romagna,SRL,493141032.18,1889677341.4,283.1920724678725,108.80065686998935,104.70674475387791,174.39141559788314,178.4853277139946
COMP_00929,2022,2023,25,Lombardia,SRL,1318449681.61,245291619.17,-81.39545083962047,-40.308943719872076,-35.056143624680104,41.08650711974839,46.33930721494036
COMP_00930,2022,2023,71,Lazio,SRL,47777545.91,3066283851.89,6317.834556982168,1186.609764071382,1202.6508953302891,5131.224792910785,5115.1836616518785
COMP_00931,2022,2023,41,Veneto,SRL,1010766636.36,600929227.25,-40.5471841241137,-5.293571256574355,-9.676093195454495,35.253612867539346,30.871090928659203
COMP_00932,2022,2023,47,Lombardia,SRL,5479033221.0,759194109.91,-86.14364835387079,-80.46151067012573,-80.61738248140632,5.682137683745054,5.526265872464464
COMP_00933,2022,2023,41,Sicilia,SRL,1187608791.84,1852191979.52,55.959773306354556,-31.850476144239494,-33.57265646690113,87.81024945059406,89.53242977325569
COMP_00934,2022,2023,43,Lombardia,SNC,782453567.21,116195922.14,-85.14979968021355,-59.65186733284382,-52.861438547100306,25.497932347369726,32.28836113311324
COMP_00935,2022,2023,46,Lombardia,SRL,6647614010.22,227327986.13,-96.58030707287595,-84.89879218262581,-84.80122232929978,11.681514890250142,11.779084743576178
COMP_00936,2022,2023,45,Lazio,SRL,49270368.12,32046831.65,-34.95719055325784,1183.785543049257,1215.2652487284022,1218.7427336025148,1250.22243928166
COMP_00937,2022,2023,25,Umbria,SPA,2946498645.25,4317060117.04,46.51491946210322,56.496856374664766,80.37726009888128,9.981936912561544,33.86234063677806
COMP_00938,2022,2023,41,Lazio,SRL,64177396.74,1154649412.65,1699.1527723191973,1301.1404691820835,842.2860062117794,398.0123031371138,856.8667661074179
COMP_00939,2022,2023,45,Liguria,SRL,972593005.24,249953520.73,-74.30029628186348,-39.157090269645806,-40.50108204287505,35.143206012217675,33.799214238988434
COMP_00940,2022,2023,56,Lombardia,SPA,4157955639.98,11730933197.56,182.13223548523538,51.84724417482455,72.18561883006204,130.28499131041082,109.94661665517334
COMP_00941,2022,2023,68,Liguria,SAS,68347178.72,68487684.14,0.2055760349313242,22.980747358437956,72.66677557386186,22.775171323506633,72.46119953893053
COMP_00942,2022,2023,25,Toscana,SRL,6212703295.15,312726104.87,-94.96634411763826,-87.05209409059371,-81.84968740311663,7.914250027044545,13.116656714521625
COMP_00943,2022,2023,45,Veneto,SRL,964924623.71,230281740.56,-76.13474307717438,-35.341049840418904,-40.079179441350256,40.79369323675547,36.05556363582412
COMP_00944,2022,2023,25,Lombardia,SRL,1337715974.16,358175338.32,-73.22485899557931,-44.163343186121395,-53.23469914408356,29.061515809457916,19.990159851495754
COMP_00945,2022,2023,10,Lazio,SPA,2368168276.37,360849382.78,-84.76251090851024,44.32689632774853,48.296542713278235,129.08940723625875,133.05905362178848
COMP_00946,2022,2023,47,Lazio,SRL,878637416.63,175419006.22,-80.03510857836935,25.797467661119615,38.940819872882194,105.83257623948896,118.97592845125155
COMP_00947,2022,2023,47,Umbria,SRL,1927342624.06,2140699418.08,11.06999821186739,-39.377093467987414,-53.9762467581238,50.44709167985481,65.04624496999119
COMP_00948,2022,2023,25,Emilia-Romagna,SAS,1072847267.29,50467106.38,-95.29596542595674,-72.21145054318627,-70.81112429736635,23.084514882770463,24.48484112859039
COMP_00949,2022,2023,41,Emilia-Romagna,SRL,800707190.94,630878370.17,-21.20985332611132,2.055323144329484,-16.9933670748147,23.265176470440803,4.216486251296619
COMP_00950,2022,2023,10,Emilia-Romagna,SPA,25279549868.88,53610551737.14,112.07083201721262,-88.48329470299684,-88.31655200108406,200.55412672020947,200.3873840182967
COMP_00951,2022,2023,62,Toscana,SRL,1052872040.74,877737877.39,-16.633945681272802,-41.84955773859767,-44.49603282369,25.215612057324865,27.8620871424172
COMP_00952,2022,2023,77,Lombardia,SRL,430448439.18,373462148.91,-13.238819120487067,23.565871999069916,-2.094080633539993,36.804691119556985,11.144738486947073
COMP_00953,2022,2023,25,Umbria,SRL,298600600.72,1685176549.62,464.3580574039777,192.38982347631853,159.00112314988766,271.9682339276592,305.35693425409
COMP_00954,2022,2023,41,Campania,SPA,599897902.38,14591970711.36,2332.4090238470026,597.8993912817978,573.5862729835216,1734.5096325652048,1758.822750863481
COMP_00955,2022,2023,68,Campania,SRL,154830932.69,75347898.56,-51.33537126533989,42.9793808911321,44.86219833301173,94.314752156472,96.19756959835162
COMP_00956,2022,2023,71,Sicilia,SRL,489360647.48,1323932194.09,170.5432488099911,13.227756654616217,20.116195554311116,157.31549215537487,150.42705325568
COMP_00957,2022,2023,45,Lazio,SRL,293859564.14,3920938208.91,1234.289806215732,92.08496729818273,109.68681181946879,1142.2048389175493,1124.602994396263
COMP_00958,2022,2023,10,Lombardia,SPA,2868772422.12,3859200793.97,34.524466430769756,2.2009564723372326,-4.824847613321113,32.323509958432524,39.34931404409087
COMP_00959,2022,2023,10,Puglia,SNC,1432970517.67,502031884.88,-64.96565151275406,-84.0442473830232,-84.29494825800023,19.07859587026914,19.329296745246168
COMP_00960,2022,2023,46,Lazio,SRL,124816161.79,831640602.47,566.2924019961565,778.8101995882743,625.5558360745994,212.51779759211774,59.263434078442856
COMP_00961,2022,2023,45,Emilia-Romagna,SRL,144981893.87,7281025341.27,4922.023886512774,348.18638219510433,367.9695975294803,4573.837504317669,4554.054288983294
COMP_00962,2022,2023,10,Lombardia,SNC,433820338.11,252148137.08,-41.877289990939744,-48.25298897605313,-58.80343853748174,6.375698985113388,16.926148546541995
COMP_00963,2022,2023,46,Campania,SRL,2034422802.77,452639239.34,-77.75097493383863,-48.14925346324503,-44.28883436575097,29.601721470593603,33.46214056808766
COMP_00964,2022,2023,10,Lombardia,SRL,1179049703.26,4347188148.29,268.7027049216239,-48.498981571698536,-54.516469300785054,317.2016864933224,323.2191742224089
COMP_00965,2022,2023,62,Campania,SRL,217671788.33,119725499.46,-44.99723626173785,199.34523602034545,233.9525690123643,244.3424722820833,278.9498052741022
COMP_00966,2022,2023,43,Puglia,SPA,2838722589.04,7907189356.78,178.54744902896817,41.08318739832038,89.32737157723639,137.4642616306478,89.22007745173178
COMP_00967,2022,2023,10,Lombardia,SRL,117011445.84,115526845.99,-1.2687646403669195,398.67630920559066,399.59298662294714,399.94507384595755,400.86175126331403
COMP_00968,2022,2023,46,Liguria,SRL,11136208831.88,1106859710.07,-90.06071341890289,-90.79202364176382,-90.4269103747386,0.7313102228609267,0.36619695583570433
COMP_00969,2022,2023,45,Piemonte,SRL,209421643.16,232463249.46,11.002495230350197,162.85238426723066,184.09111088295143,151.84988903688046,173.08861565260122
COMP_00970,2022,2023,77,Toscana,SRL,228577431.61,123726702.98,-45.87098905236492,100.62115518483431,124.420566631017,146.49214423719923,170.29155568338192
COMP_00971,2022,2023,46,Friuli-Venezia Giulia,SRL,3422845783.12,11004728331.51,221.50815516669132,-67.44053245653355,-70.87961846703956,288.9486876232249,292.3877736337309
COMP_00972,2022,2023,41,Puglia,SRL,774159347.7,6299949750.13,713.7794588216143,11.923947160364909,25.088944514530414,701.8555116612494,688.6905143070838
COMP_00973,2022,2023,47,Lombardia,SRL,479127563.73,119503674.68,-75.05806726090523,128.5724733124541,154.84992355095778,203.63054057335933,229.90799081186302
COMP_00974,2022,2023,41,Lazio,SRL,975607195.94,2566812441.98,163.0989657171265,-9.953598403909378,-15.390457482305248,173.05256412103589,178.48942319943174
COMP_00975,2022,2023,71,Lombardia,SRL,33209749.86,206134443.79,520.7045962676215,1419.4012878382675,1337.111674010072,898.6966915706461,816.4070777424505
COMP_00976,2022,2023,43,Emilia-Romagna,SPA,20835400258.27,2188232705.23,-89.49752499061569,-77.289403791862,-76.84084559902838,12.208121198753688,12.656679391587303
COMP_00977,2022,2023,46,Lazio,SPA,4823094243.3,6716041218.53,39.24756348809866,37.47763768114582,28.152956202299702,1.7699258069528412,11.094607285798961
COMP_00978,2022,2023,10,Piemonte,SPA,3088509527.43,2987250307.04,-3.278578857882279,10.043667579856109,3.909558797350839,13.322246437738388,7.188137655233119
COMP_00979,2022,2023,45,Emilia-Romagna,SRL,745980608.56,1835780361.72,146.0895552316956,-20.012492411461363,-34.363865879099734,166.10204764315696,180.45342111079535
COMP_00980,2022,2023,62,Lombardia,SRL,436847493.2,485497046.3,11.136507329739215,53.77675583485601,128.91675775799771,42.640248505116794,117.7802504282585
COMP_00981,2022,2023,62,Veneto,SRL,776484567.22,347862443.32,-55.20034035377798,-20.260328915955796,-13.107075069919265,34.940011437822186,42.09326528385871
COMP_00982,2022,2023,41,Lazio,SNC,508547941.55,74389184.72,-85.37223757247554,-35.963860321559295,-21.87809135964777,49.408377250916246,63.49414621282777
COMP_00983,2022,2023,41,Lazio,SPA,1248924455.6,4615130429.11,269.5283896809299,295.7991166201927,170.9716090453118,26.27072693926283,98.55678063561808
COMP_00984,2022,2023,62,Puglia,SPA,30648698769.05,41846656127.21,36.536485423218174,-88.01568018716559,-89.52932732266257,124.55216561038375,126.06581274588075
COMP_00985,2022,2023,71,Piemonte,SRL,30927452.87,221731366.79,616.940278664468,1657.8962947638904,1489.1202617494919,1040.9560160994224,872.1799830850239
COMP_00986,2022,2023,25,Toscana,SRL,2554732312.83,1346519630.2,-47.29312251472658,-68.83844644126916,-67.36406365894881,21.545323926542572,20.070941144222225
COMP_00987,2022,2023,46,Piemonte,SRL,758338407.77,5602616945.49,638.8016864351204,59.4764997955081,14.678020041348447,579.3251866396123,624.1236663937719
COMP_00988,2022,2023,43,Lombardia,SRL,5177320183.77,258045247.6,-95.0158530196968,-84.92470236664423,-87.05708801703042,10.09115065305258,7.958765002666382
COMP_00989,2022,2023,68,Veneto,SRL,533227020.9,200890019.3,-62.32561152641317,-54.18686997681175,-61.00601477433509,8.13874154960142,1.319596752078077
COMP_00990,2022,2023,25,Veneto,SNC,313699242.09,89213512.42,-71.5608135277532,-8.889914755554821,15.406690746097183,62.67089877219838,86.96750427385038
COMP_00991,2022,2023,41,Toscana,SRL,3165781512.83,818168994.31,-74.15586037778675,-73.08035560704394,-78.95874527767347,1.0755047707428105,4.80288489988672
COMP_00992,2022,2023,56,Lombardia,SRL,18164658.98,345335348.88,1801.1386300190259,6979.674259282159,8654.00297285761,5178.535629263133,6852.864342838584
COMP_00993,2022,2023,10,Emilia-Romagna,SRL,2173231772.74,710979630.77,-67.28468451049744,-73.43870780527818,-73.50165369912925,6.1540232947807425,6.216969188631808
COMP_00994,2022,2023,46,Campania,SAS,386417579.03,892617417.83,130.99813938865879,6.257985012934337,15.780491441189731,124.74015437572444,115.21764794746906
COMP_00995,2022,2023,46,Lazio,SRL,582119892.54,486565566.8,-16.414887545426733,96.83752859039527,57.701854766668546,113.252416135822,74.11674231209528
COMP_00996,2022,2023,43,Umbria,SRL,241713225.65,1159164123.16,379.5617285909155,247.39814520253583,229.8023429290105,132.16358338837966,149.759385661905
COMP_00998,2022,2023,46,Sardegna,SRL,484565968.45,2290432159.95,372.67705721813155,111.72840052070073,133.29854435785586,260.9486566974308,239.3785128602757
COMP_00999,2022,2023,25,Piemonte,SRL,647291643.53,1255123455.85,93.9038559195966,32.37000880076397,3.0770209750043405,61.533847118832625,90.82683494459225
COMP_01000,2022,2023,46,Lombardia,SRL,874909844.11,3221661014.84,268.2277707273059,27.46090378944132,43.786595853289036,240.76686693786456,224.44117487401684
COMP_01001,2022,2023,62,Sicilia,SRL,91894292.84,366708671.59,299.05489259108595,637.1338168265844,846.9603637851471,338.07892423549845,547.9054711940612
COMP_01002,2022,2023,56,Emilia-Romagna,SPA,11387664219.08,20174138326.42,77.15782568139203,-53.82566948300179,-54.76793654975021,130.98349516439382,131.92576223114224
COMP_01003,2022,2023,25,Puglia,SPA,120267279921.62,283735753221.68,135.9209864949094,-95.91804122646647,-94.56696086474672,231.83902772137588,230.48794735965612
COMP_01004,2022,2023,25,Veneto,SRL,388066824.1,269288593.67,-30.607674517261056,94.9297139857714,128.69703507923845,125.53738850303246,159.3047095964995
COMP_01005,2022,2023,41,Toscana,SRL,217994448.4,499551977.52,129.15811901932818,327.6745243152111,332.00994013475474,198.51640529588292,202.85182111542656
COMP_01006,2022,2023,43,Toscana,SRL,1666290663.71,51823481.43,-96.88988946774658,-51.15920565001451,-50.05116751807284,45.73068381773207,46.83872194967375
COMP_01007,2022,2023,45,Emilia-Romagna,SRL,94343687.77,557319983.56,490.73372764343026,577.9662624057945,499.21113703437175,87.23253476236425,8.477409390941489
COMP_01008,2022,2023,47,Lombardia,SRL,648224232.77,3207558984.15,394.82244291352987,67.14286852028073,64.55258030233713,327.67957439324914,330.2698626111927
COMP_01009,2022,2023,10,Piemonte,SRL,1595262237.61,2082936043.0,30.570134106642325,-64.07074888415212,-72.91673294255617,94.64088299079445,103.4868670491985
COMP_01010,2022,2023,10,Lombardia,SRL,143315850.34,431193344.77,200.869264458219,320.67439401265955,313.83915573822327,119.80512955444055,112.96989128000428
COMP_01011,2022,2023,45,Lombardia,SPA,1792687477.68,2272672380.21,26.774600063094695,65.63312106431292,92.49532888797201,38.85852100121822,65.72072882487731
COMP_01012,2022,2023,47,Sardegna,SRL,3506658314.48,1360806063.76,-61.19365099984676,-66.97670557622894,-66.3185990350815,5.7830545763821775,5.124948035234745
COMP_01013,2022,2023,41,Lazio,SRL,639915710.28,109363572.71,-82.90969092442704,48.12406733890302,25.02251553917103,131.03375826333007,107.93220646359808
COMP_01014,2022,2023,47,Puglia,SRL,581768568.43,1607218215.21,176.26418861839647,107.7903931434024,61.928720481714166,68.47379547499408,114.33546813668231
COMP_01015,2022,2023,41,Friuli-Venezia Giulia,SAS,141697475.27,234747369.29,65.66799714864106,130.52229665420563,163.67603486705332,64.85429950556457,98.00803771841225
COMP_01016,2022,2023,68,Lombardia,SRL,323253058.45,53784578.46,-83.36146339406739,-28.356866242872123,-23.02721361879661,55.00459715119526,60.33424977527078
COMP_01017,2022,2023,68,Liguria,SRL,532060864.64,69406340.13,-86.95518788494972,-55.11128735590893,-56.06384842368406,31.843900529040795,30.891339461265666
COMP_01018,2022,2023,43,Umbria,SRL,2503961735.57,687554228.58,-72.54134442979075,-67.66137428851118,-70.0926966815333,4.879970141279571,2.448647748257457
COMP_01019,2022,2023,41,Lazio,SPA,2980915920.92,8645981238.04,190.04445168556086,40.71733573548131,13.308447432103208,149.32711595007953,176.73600425345765
COMP_01020,2022,2023,45,Toscana,SRL,1045487535.77,1207803210.06,15.52535718854407,-41.08199286273905,-46.737897916637486,56.60735005128312,62.26325510518156
COMP_01021,2022,2023,41,Lombardia,SPA,4850743971.92,382255321.77,-92.11965578923973,-13.088646306860143,-13.206324191221269,79.03100948237959,78.91333159801846
COMP_01022,2022,2023,47,Friuli-Venezia Giulia,SNC,917593069.4,359247973.69,-60.84887891264189,-50.39559612123538,-37.78304575413856,10.453282791406508,23.065833158503324
COMP_01023,2022,2023,62,Sicilia,SPA,762255769.53,44654691084.8,5758.22933322416,367.15965244505435,330.5918424262199,5391.0696807791055,5427.63749079794
COMP_01024,2022,2023,47,Sardegna,SRL,627475144.08,2118181642.07,237.57219900330296,83.90150962695336,73.99782781662644,153.6706893763496,163.5743711866765
COMP_01025,2022,2023,62,Piemonte,SRL,8577278117.71,965976867.38,-88.7379556297062,-92.8644079414998,-92.29897276297574,4.126452311793599,3.56101713326953
COMP_01026,2022,2023,45,Emilia-Romagna,SRL,164861834.72,157091176.87,-4.713436474365104,238.68265326393418,251.71971562790344,243.39608973829928,256.43315210226854
COMP_01027,2022,2023,25,Emilia-Romagna,SAPA,899834069.95,259156786.17,-71.19949168134963,-64.722894231448,-60.71324308241846,6.476597449901632,10.48624859893117
COMP_01028,2022,2023,56,Lombardia,SRL,1723344776.17,669605759.37,-61.14499149391645,-28.25123766681883,-45.1517194263221,32.89375382709762,15.993272067594347
COMP_01029,2022,2023,43,Veneto,SRL,134034493.9,157414493.98,17.443271056361993,542.2485011472949,468.206695476656,524.8052300909328,450.76342442029403
COMP_01030,2022,2023,47,Lazio,SRL,2946544349.41,343025081.85,-88.35839406528243,-61.44372156556963,-56.99828191736109,26.914672499712793,31.360112147921335
COMP_01032,2022,2023,25,Lombardia,SRL,85056079.0,80013343.86,-5.928718087275103,937.9202391592572,727.5090822420798,943.8489572465323,733.4378003293549
COMP_01034,2022,2023,25,Lazio,SRL,1910750261.4,697828078.95,-63.47884425049332,-58.009183692302315,-55.22874140804949,5.469660558191002,8.25010284244383
COMP_01035,2022,2023,82,Toscana,SPA,8801725429.56,1830601556.81,-79.20178751927381,-63.830431624974835,-52.72544976859624,15.371355894298972,26.476337750677565
COMP_01036,2022,2023,77,Lombardia,SRL,9990686042.45,1278583964.73,-87.20224057389701,-94.61817004257163,-96.2389055245476,7.415929468674619,9.03666495065059
COMP_01037,2022,2023,62,Puglia,SRL,1919125031.76,1480938423.06,-22.83262431828873,-67.76761953497979,-65.456844248146,44.93499521669106,42.62421992985727
COMP_01038,2022,2023,47,Lazio,SRL,2503293265.4,13894944760.52,455.0665977723442,-53.09695416385093,-52.82255236610545,508.1635519361951,507.8891501384497
COMP_01039,2022,2023,46,Lombardia,SRL,1434199072.61,3566205141.33,148.65482131710692,-23.21981935893764,-34.407099447662006,171.87464067604458,183.06192076476893
COMP_01040,2022,2023,68,Sicilia,SPA,627832185.41,584757358.72,-6.860882205627978,82.59507833601842,66.67765569073823,89.45596054164639,73.53853789636621
COMP_01041,2022,2023,41,Veneto,SRL,9302610297.86,1771694079.11,-80.9548715641935,-91.6180563391954,-91.35580890500985,10.663184775001909,10.400937340816355
COMP_01042,2022,2023,46,Lombardia,SRL,1112760663.8,1258417687.72,13.08969921911074,-0.07378022226307936,11.28460462752988,13.16347944137382,1.8050945915808594
COMP_01043,2022,2023,47,Emilia-Romagna,SRL,2032625599.09,662026360.78,-67.42999000522344,-43.13709748269204,-36.75518712063021,24.292892522531403,30.674802884593234
COMP_01044,2022,2023,45,Emilia-Romagna,SNC,377355009.93,194355727.13,-48.495257247001085,-43.46815092221228,-37.95905531101844,5.027106324788804,10.536201935982646
COMP_01045,2022,2023,45,Emilia-Romagna,SRL,286112875.14,6236656126.66,2079.7887017871167,97.96773524586999,46.014640684081925,1981.8209665412467,2033.7740611030347
COMP_01046,2022,2023,43,Lombardia,SPA,2012830332.03,6588273403.18,227.31389716964014,135.45254133947657,127.56041495378267,91.86135583016357,99.75348221585747
COMP_01047,2022,2023,46,Lazio,SRL,3516556142.48,847082847.4,-75.91157902564845,-67.5088798198987,-67.13858043473894,8.402699205749755,8.77299859090951
COMP_01048,2022,2023,62,Emilia-Romagna,SRL,566679800.57,1394484049.85,146.07971705491275,9.964032829133076,4.299148172331373,136.11568422577966,141.78056888258138
COMP_01049,2022,2023,41,Lazio,SRL,877993270.43,4056515638.39,362.02126770326026,-6.606549329985553,-4.8758021051716725,368.62781703324583,366.8970698084319
COMP_01050,2022,2023,71,Emilia-Romagna,SAS,712682784.13,25232605.83,-96.4594899172705,-69.83368398139413,-57.59705048898296,26.62580593587637,38.862439428287544
COMP_01051,2022,2023,47,Sicilia,SRL,528125917.35,800678364.63,51.60747434013427,126.07656006653646,132.47613650879825,74.4690857264022,80.86866216866397
COMP_01052,2022,2023,62,Friuli-Venezia Giulia,SAS,109362578.67,763072311.77,597.745354078162,102.85126061683879,116.63384333408945,494.8940934613232,481.1115107440726
COMP_01053,2022,2023,46,Veneto,SRL,1188747233.42,13837026033.09,1064.0006928370447,-12.988745114941477,6.635287898827633,1076.989437951986,1057.3654049382171
COMP_01054,2022,2023,56,Lombardia,SRL,864277864.66,698596563.24,-19.16991145957182,49.732860022330335,53.90979612770749,68.90277148190216,73.0797075872793
COMP_01055,2022,2023,10,Campania,SRL,2739868009.28,1336392830.08,-51.22418942979718,-78.59281815583904,-73.38202883739095,27.368628726041862,22.15783940759377
COMP_01056,2022,2023,62,Veneto,SPA,15453354213.22,3675564321.58,-76.215103395251,-76.65357737151322,-72.61194858359048,0.43847397626221607,3.6031548116605308
COMP_01057,2022,2023,10,Campania,SRL,800336367.14,3741502173.88,367.4912108830252,-28.507415918659326,-45.362830624486236,395.9986268016845,412.8540415075114
COMP_01058,2022,2023,68,Piemonte,SAS,17052390.5,773323085.66,4434.983442116224,367.625314879915,695.1006899127086,4067.358127236309,3739.8827522035153
COMP_01059,2022,2023,82,Emilia-Romagna,SAS,188374444.75,222568903.99,18.152387541410395,17.878190285335247,31.306118910027884,0.2741972560751478,13.153731368617489
COMP_01060,2022,2023,43,Emilia-Romagna,SNC,381629053.89,10744664.98,-97.18452647394687,-18.645303224433146,-26.66772874248355,78.53922324951373,70.51679773146333
COMP_01061,2022,2023,41,Lombardia,SRL,2144489596.08,366144666.02,-82.92625589374317,-60.038487992156206,-55.65610770255435,22.88776790158697,27.270148191188824
COMP_01062,2022,2023,56,Veneto,SRL,1358240511.86,2496269116.04,83.78697250176718,4.466858438946273,0.018613955424569128,79.3201140628209,83.76835854634261
COMP_01063,2022,2023,41,Campania,SPA,19926962301.62,27146976604.46,36.232388025610085,-77.48590664260301,-81.57538311318322,113.7182946682131,117.8077711387933
COMP_01064,2022,2023,68,Campania,SRL,122173214.72,31470398.7,-74.24116343985484,106.12230962885212,87.13595473509287,180.36347306870698,161.37711817494773
COMP_01065,2022,2023,25,Puglia,SRL,148603308.24,416831721.73,180.49962458224744,420.9676857581507,236.36256024717457,240.46806117590327,55.862935664927136
COMP_01066,2022,2023,25,Lombardia,SRL,1067796918.51,564814810.83,-47.10465997428231,-25.262362492200992,-6.544651041280877,21.84229748208132,40.560008933001434
COMP_01067,2022,2023,77,Lazio,SRL,268833480.18,96129554.89,-64.24197059620866,92.0398966387925,62.50097417671927,156.28186723500116,126.74294477292793
COMP_01068,2022,2023,47,Campania,SRL,543775340.47,797258172.8,46.61535995930005,108.52976021909645,105.31835386102146,61.914400259796395,58.70299390172141
COMP_01069,2022,2023,62,Lombardia,SRL,446190830.18,10846057730.74,2330.8114369729515,49.25753397991686,51.83853920861933,2281.5539029930346,2278.972897764332
COMP_01070,2022,2023,43,Lombardia,SRL,993902860.49,865714112.23,-12.897512760633589,-9.83498282715105,-27.29567829915373,3.062529933482539,14.398165538520143
COMP_01071,2022,2023,47,Lombardia,SRL,2429611217.14,1093851658.16,-54.978325320393445,-53.364360925245165,-56.01153635796303,1.6139643951482796,1.0332110375695862
COMP_01072,2022,2023,47,Lazio,SRL,488766057.46,631076101.26,29.116187924249733,154.18802493375827,175.16921781450498,125.07183700950854,146.05302989025523
COMP_01073,2022,2023,47,Lazio,SRL,741733045.75,9554175971.03,1188.0882179611317,64.14936426426736,73.17531919422248,1123.9388536968643,1114.9128987669092
COMP_01074,2022,2023,47,Lombardia,SRL,21926823615.56,177911548.28,-99.18861230701128,-94.73854482086321,-94.13774854115744,4.450067486148072,5.0508637658538476
COMP_01075,2022,2023,46,Campania,SRL,7145185620.7,1921113556.39,-73.1131749632308,-84.18871290067325,-83.33212489506501,11.075537937442448,10.218949931834203
COMP_01076,2022,2023,45,Campania,SRL,32351410.51,672734798.75,1979.4604876410378,1906.1895281978705,1376.6997447460215,73.27095944316738,602.7607428950164
COMP_01077,2022,2023,41,Toscana,SRL,73672241.18,656657704.37,791.3231006039554,1043.650109465189,949.4344115205081,252.3270088612336,158.11131091655272
COMP_01078,2022,2023,56,Lombardia,SRL,998970334.32,704972464.38,-29.430090147784487,17.963547399088952,32.66054225245033,47.393637546873435,62.09063240023481
COMP_01079,2022,2023,41,Sardegna,SPA,3788390271.62,13017441257.22,243.6140503985998,17.74995890849414,14.326249714457028,225.86409149010566,229.28780068414278
COMP_01080,2022,2023,47,Veneto,SRL,365744437.97,425243546.97,16.267946364472227,187.49684517968882,185.2870834668781,171.22889881521658,169.01913710240586
COMP_01082,2022,2023,47,Campania,SRL,4301839257.4,46403549.39,-98.92130908168694,-72.94454438427842,-70.65830435985495,25.976764697408527,28.26300472183199
COMP_01083,2022,2023,56,Emilia-Romagna,SRL,851100801.82,3299998556.63,287.73298645392646,62.180243604465986,94.61776934219306,225.55274284946046,193.1152171117334
COMP_01084,2022,2023,41,Sardegna,SRL,451287522.02,1725061458.12,282.25330281645796,82.52890542709792,75.92925839251585,199.72439738936004,206.3240444239421
COMP_01085,2022,2023,10,Piemonte,SRL,278435574.09,1367040112.49,390.9717865462571,104.6584878848518,118.54771165369377,286.31329866140527,272.42407489256334
COMP_01086,2022,2023,25,Emilia-Romagna,SRL,369025119.5,1566541628.09,324.5081283931404,113.50371203695222,93.89807393803083,211.0044163561882,230.61005445510955
COMP_01087,2022,2023,47,Lombardia,SRL,1348409207.3,14536831.92,-98.92192727242585,-16.397628675197506,-8.615948609232635,82.52429859722834,90.30597866319322
COMP_01088,2022,2023,62,Lombardia,SRL,1179737015.66,730447055.18,-38.083908067311626,-48.102131917661346,-26.59610657511363,10.01822385034972,11.487801492197995
COMP_01089,2022,2023,10,Lombardia,SRL,34864705.35,852530048.91,2345.2524131542673,1606.0106375603818,2001.167790090157,739.2417755938854,344.08462306411025
COMP_01090,2022,2023,56,Sardegna,SRL,6258633473.32,1749513714.42,-72.04639444252452,-83.02294937351425,-82.05172844130789,10.976554930989735,10.005333998783371
COMP_01091,2022,2023,43,Toscana,SAS,241729854.34,252006701.98,4.251377087062363,17.122697764601448,31.17091925211112,12.871320677539085,26.919542165048757
COMP_01092,2022,2023,46,Emilia-Romagna,SRL,205897655.69,1659793214.39,706.1253581677436,389.1924909206558,276.9589851880305,316.93286724708776,429.16637297971306
COMP_01093,2022,2023,71,Sicilia,SRL,3878618820.63,468974287.5,-87.90872964866847,-85.82053411042372,-84.23170835735392,2.0881955382447472,3.6770212913145457
COMP_01094,2022,2023,43,Lombardia,SRL,151288943.44,425371331.29,181.16485026461893,467.63241883910786,374.6716818945238,286.46756857448895,193.50683162990484
COMP_01095,2022,2023,46,Lombardia,SRL,635431666.79,3570652638.33,461.9255106324507,85.96822588006464,71.99383980405612,375.95728475238604,389.9316708283946
COMP_01096,2022,2023,10,Lombardia,SPA,1939289331.53,8023421286.17,313.7299760134261,45.27017258840573,63.52539210463836,268.45980342502037,250.20458390878775
COMP_01097,2022,2023,25,Lombardia,SRL,553506079.81,1463768603.71,164.45393413067166,35.80607728221901,28.91915071229419,128.64785684845265,135.53478341837746
COMP_01098,2022,2023,41,Veneto,SRL,786007350.8,1199410633.79,52.595345650296686,7.108662151997998,24.879502696005527,45.48668349829869,27.71584295429116
COMP_01099,2022,2023,10,Campania,SAS,168687886.35,151189865.95,-10.373015382796636,32.200260589124454,35.7368165981413,42.57327597192109,46.10983198093794
COMP_01100,2022,2023,47,Lazio,SRL,2889976205.66,1080630115.7,-62.6076466102526,-59.885159276900225,-61.04320380930116,2.722487333352376,1.56444280095144
COMP_01102,2022,2023,46,Emilia-Romagna,SNC,66214833.55,1125735133.88,1600.1252944779171,510.06403202986814,456.0348489514113,1090.061262448049,1144.0904455265058
COMP_01103,2022,2023,41,Friuli-Venezia Giulia,SRL,745115343.22,1185920604.31,59.15933218943921,27.658749370486767,13.877319300638971,31.500582818952445,45.28201288880024
COMP_01104,2022,2023,43,Lombardia,SRL,2220648768.35,199232344.32,-91.02819197886775,-63.11620627373594,-65.86960078279714,27.911985705131812,25.158591196070617
COMP_01105,2022,2023,47,Lombardia,SRL,9733386345.32,828115644.61,-91.49200889361414,-89.26506190390782,-84.84879245801287,2.2269469897063203,6.643216435601275
COMP_01106,2022,2023,77,Campania,SRL,1001994352.51,675614645.89,-32.57300860053926,-46.75207413618395,-39.01971683875032,14.179065535644689,6.446708238211059
COMP_01107,2022,2023,10,Veneto,SRL,3091255777.34,618868403.11,-79.98003246297104,-82.32372857884963,-84.0795672627576,2.3436961158785863,4.099534799786568
COMP_01108,2022,2023,68,Toscana,SAS,13945859.61,5593185.47,-59.893576829144635,614.292839730771,757.0878534419523,674.1864165599156,816.981430271097
COMP_01109,2022,2023,46,Lombardia,SRL,976192435.87,1762493228.6,80.54772438686585,20.59471778914948,51.398885920795834,59.95300659771637,29.148838466070018
COMP_01110,2022,2023,46,Veneto,SPA,81959620093.87,47389588689.86,-42.179345590445934,-92.81116648844169,-93.0848372177037,50.63182089799575,50.90549162725776
COMP_01111,2022,2023,46,Lombardia,SAS,1004977131.33,3121213666.84,210.5755911788107,-59.67992547127853,-57.847121262318815,270.25551665008925,268.42271244112953
COMP_01112,2022,2023,10,Lombardia,SRL,960644297.52,927070875.29,-3.4948859132015033,-43.800090419567034,-50.28020720262663,40.305204506365534,46.78532128942513
COMP_01113,2022,2023,25,Sicilia,SRL,2944934397.17,1664232127.36,-43.48831237261921,-74.11842836404279,-71.38452695928092,30.630115991423573,27.896214586661706
COMP_01115,2022,2023,43,Liguria,SAS,729393899.74,120296510.77,-83.50733248346594,-55.95161432659895,-58.77658261404273,27.555718156866995,24.730749869423214
COMP_01116,2022,2023,71,Lazio,SPA,794747052.04,28232786976.01,3452.424246625457,232.43958085148054,226.96513379439116,3219.9846657739763,3225.459112831066
COMP_01117,2022,2023,45,Emilia-Romagna,SRL,197450069.4,1063897581.86,438.8185403494216,207.5674468918521,232.15246808342366,231.2510934575695,206.66607226599794
COMP_01118,2022,2023,25,Lombardia,SRL,1603664769.39,1571365882.01,-2.0140672786798155,-51.87551165389138,-51.72288472813022,49.86144437521156,49.7088174494504
COMP_01119,2022,2023,56,Lazio,SRL,321549987.19,238085647.57,-25.95687853990861,295.3687272585145,396.54368577241934,321.3256057984231,422.5005643123279
COMP_01120,2022,2023,43,Emilia-Romagna,SAS,304562089.16,772368026.73,153.59953002037648,8.92157351852477,32.55115043670229,144.6779565018517,121.04837958367419
COMP_01121,2022,2023,46,Sardegna,SRL,464338949.04,2086042012.98,349.24984589227296,152.07340095365154,185.01251302764211,197.17644493862142,164.23733286463084
COMP_01122,2022,2023,47,Emilia-Romagna,SRL,1348236059.3,832607803.45,-38.24465695701037,-16.54531870244974,-35.26771951324345,21.69933825456063,2.9769374437669214
COMP_01123,2022,2023,71,Veneto,SAS,354240586.83,66023922.24,-81.36184144486953,-51.013643755782766,-38.822939349902946,30.34819768908676,42.53890209496658
COMP_01125,2022,2023,47,Liguria,SRL,2741351175.35,220340243.16,-91.96234889052957,-59.10716308083193,-59.05577061541792,32.85518580969764,32.90657827511165
COMP_01126,2022,2023,47,Lazio,SRL,1638290826.61,392875446.48,-76.01918779628708,-29.586147214028113,-33.889925342075905,46.43304058225897,42.12926245421118
COMP_01127,2022,2023,71,Campania,SRL,96317718.67,613791556.06,537.2571573906858,463.5324471438359,412.93850376986484,73.72471024684995,124.31865362082101
COMP_01128,2022,2023,43,Campania,SRL,1250501506.6,192350424.54,-84.61813732132293,-38.09480767227753,-44.24928315013361,46.5233296490454,40.36885417118933
COMP_01129,2022,2023,10,Lombardia,SNC,177798459.05,293691985.34,65.1825257143588,13.946625069656042,27.61640293521824,51.23590064470276,37.566122779140564
COMP_01130,2022,2023,41,Puglia,SRL,724822666.94,528676044.6,-27.061325657498625,23.58354135947021,34.79186126380925,50.64486701696883,61.85318692130788
COMP_01131,2022,2023,41,Piemonte,SRL,719589084.39,698121321.24,-2.983336409028262,18.428263331972794,22.002309212502603,21.411599741001055,24.985645621530864
COMP_01132,2022,2023,47,Lazio,SRL,657718696.51,5692791890.29,765.5359685679008,75.7444304144984,69.1640072096046,689.7915381534024,696.3719613582962
COMP_01133,2022,2023,47,Lombardia,SRL,136569902.99,1450576737.46,962.1496432974803,778.3408313554606,814.4495288455272,183.8088119420197,147.70011445195314
COMP_01134,2022,2023,47,Toscana,SRL,6074874637.51,1594804815.24,-73.74752714413731,-80.90578687281598,-83.15905318320459,7.158259728678672,9.411526039067283
COMP_01135,2022,2023,10,Lazio,SPA,25107278859.91,5159496825.39,-79.45019508414981,-89.56519599501264,-83.6874604593752,10.115000910862832,4.237265375225391
COMP_01136,2022,2023,56,Emilia-Romagna,SAS,1126319471.25,1127733593.56,0.12555250495940876,-59.58374229398153,-73.16797039287547,59.70929479894094,73.29352289783489
COMP_01137,2022,2023,43,Piemonte,SRL,3431388026.78,535493397.15,-84.39426281811373,-77.55343904694254,-76.04398070653433,6.840823771171188,8.350282111579403
COMP_01138,2022,2023,47,Piemonte,SRL,5120765753.46,946833069.26,-81.50993201319073,-78.95837932901517,-79.78481536768712,2.5515526841755616,1.7251166455036184
COMP_01139,2022,2023,46,Emilia-Romagna,SRL,841535726.79,610348196.6,-27.472099262125724,45.710129560064395,36.4720790339294,73.18222882219013,63.94417829605512
COMP_01140,2022,2023,43,Veneto,SNC,261593869.74,2516407218.52,861.9519069850813,15.963611499151785,8.51416733801984,845.9882954859296,853.4377396470614
COMP_01141,2022,2023,25,Lombardia,SRL,67244057.96,396406855.77,489.5046607773164,1183.5587135835742,998.2519101553206,694.0540528062578,508.7472493780042
COMP_01142,2022,2023,25,Toscana,SPA,24957536112.86,49169980727.74,97.01456307781889,-83.88894134820663,-84.83053985189936,180.9035044260255,181.84510292971825
COMP_01143,2022,2023,62,Liguria,SRL,539866046.0,263412683.07,-51.20776996040236,14.70655895780135,10.857970777496178,65.91432891820371,62.06574073789854
COMP_01144,2022,2023,71,Lombardia,SNC,467246868.35,130602006.03,-72.04860751850559,-57.484353613362515,-41.18756509316129,14.564253905143076,30.8610424253443
COMP_01146,2022,2023,25,Veneto,SPA,116113797981.85,545573455.07,-99.53013899764498,-96.95940810286088,-96.45238121540977,2.5707308947841057,3.07775778223521
COMP_01147,2022,2023,45,Toscana,SRL,352220873.73,1241564714.25,252.4960633655515,62.890399911821355,70.9667304991952,189.60566345373013,181.5293328663563
COMP_01148,2022,2023,56,Emilia-Romagna,SRL,3916445479.42,1316023706.41,-66.39749708439975,-68.50917477343651,-62.633663838129166,2.1116776890367674,3.763833246270579
COMP_01149,2022,2023,56,Emilia-Romagna,SRL,3989460039.5,831096418.16,-79.16769663234523,-68.30825787092454,-73.9744411889377,10.85943876142069,5.193255443407523
COMP_01150,2022,2023,25,Puglia,SPA,2826214635.76,182409382597.15,6354.19425294633,69.27314780733172,114.15093025421326,6284.921105138998,6240.043322692117
COMP_01151,2022,2023,10,Veneto,SRL,176872709.15,1600009105.64,804.6105039772327,197.55084191761762,197.03129805337548,607.0596620596151,607.5792059238572
COMP_01152,2022,2023,56,Toscana,SNC,829029675.1,141063324.96,-82.98452646547489,-42.41076680602928,-32.28083180028093,40.57375965944561,50.70369466519396
COMP_01153,2022,2023,43,Toscana,SAS,238176066.75,2070644719.18,769.3756461069781,24.337310872167656,31.01993992071329,745.0383352348105,738.3557061862648
COMP_01154,2022,2023,41,Emilia-Romagna,SRL,2275528879.58,2460071508.42,8.109878564760805,-63.18272172782957,-63.74382132979521,71.29260029259038,71.85369989455602
COMP_01155,2022,2023,10,Veneto,SPA,2709819466.59,15424510256.05,469.20803936285813,5.206447157414602,4.973715059287404,464.0015922054435,464.2343243035707
COMP_01156,2022,2023,46,Lombardia,SRL,427945614.62,2383063015.38,456.86118375019987,166.54359011331127,99.54131150932167,290.3175936368886,357.3198722408782
COMP_01157,2022,2023,62,Emilia-Romagna,SRL,567630365.53,2804659380.01,394.0996025452713,19.65238035027134,37.407288942687934,374.44722219499994,356.69231360258334
COMP_01158,2022,2023,77,Emilia-Romagna,SRL,236531416.52,361940889.94,53.02021831395743,141.82439862265008,118.0360746644947,88.80418030869265,65.01585635053728
COMP_01159,2022,2023,46,Lazio,SRL,3118795519.63,281291411.78,-90.98076773518737,-64.20768089728784,-59.50796132671763,26.773086837899527,31.472806408469744
COMP_01160,2022,2023,46,Veneto,SPA,221878165.19,1368119004.22,516.6082196724695,1749.641746562985,1123.6447742151433,1233.0335268905155,607.0365545426738
COMP_01161,2022,2023,25,Lazio,SRL,492509934.85,157053712.83,-68.11156451537721,59.135689150528556,73.47668867997649,127.24725366590576,141.5882531953537
COMP_01163,2022,2023,43,Veneto,SRL,667012649.75,2315028720.1,247.07418531982646,27.105742792321454,24.309210021734827,219.968442527505,222.76497529809163
COMP_01164,2022,2023,47,Lombardia,SPA,1503854308.07,2297164164.35,52.75177602131614,288.7615953017106,282.2608647359924,236.00981928039445,229.50908871467627
COMP_01165,2022,2023,43,Veneto,SRL,3159955808.04,153847286.56,-95.13134689515087,-74.54603974832138,-73.5488577266041,20.585307146829493,21.582489168546772
COMP_01166,2022,2023,41,Veneto,SAS,301987899.95,129760815.38,-57.03112098150805,11.845099570076759,15.274668836558112,68.87622055158481,72.30578981806616
COMP_01167,2022,2023,25,Sicilia,SRL,545021125.46,29362877699.38,5287.475150545332,52.04115638041229,41.275052349701284,5235.4339941649205,5246.200098195631
COMP_01168,2022,2023,43,Lazio,SRL,1029205565.93,138059193.02,-86.58584858164382,-23.143305518256653,-32.101271126064944,63.44254306338716,54.48457745557887
COMP_01169,2022,2023,25,Lombardia,SRL,489176697.53,1172178806.68,139.62278101117303,73.50622378755533,72.37258586528289,66.1165572236177,67.25019514589015
COMP_01170,2022,2023,41,Emilia-Romagna,SRL,420450876.28,2269329344.52,439.7370947584222,95.39593439824802,93.33097737338993,344.3411603601742,346.40611738503225
COMP_01171,2022,2023,82,Lombardia,SAS,53571860.04,66694027.54,24.494515385880188,291.68203609427826,478.9558982642438,267.1875207083981,454.4613828783636
COMP_01172,2022,2023,46,Emilia-Romagna,SRL,342785605.96,1562212305.99,355.7403458102894,245.03688182467226,216.33296751682929,110.70346398561713,139.4073782934601
COMP_01173,2022,2023,46,Lombardia,SPA,1038498088.95,1566112949.56,50.80556875588075,436.4154616765509,409.80035876384704,385.6098929206701,358.9947900079663
COMP_01174,2022,2023,68,Emilia-Romagna,SRL,226633724.84,249621141.37,10.142981388241653,18.040751456987824,18.888113692475596,7.897770068746171,8.745132304233943
COMP_01175,2022,2023,82,Sicilia,SRL,96521044.9,157401544.57,63.07484521440359,540.0857570355006,409.3674503186328,477.010911821097,346.2926051042292
COMP_01176,2022,2023,46,Veneto,SAPA,1160560342.03,237234045.64,-79.55866342761283,-57.2967044965759,-59.16951977418722,22.26195893103693,20.389143653425606
COMP_01177,2022,2023,62,Lazio,SPA,495497236.6,17393022818.01,3410.215907026513,559.5372495565534,508.17574835812115,2850.6786574699595,2902.040158668392
COMP_01178,2022,2023,43,Veneto,SRL,573202028.27,22249857337.08,3781.6780541117473,36.620168810636585,65.79452331588135,3745.0578853011107,3715.883530795866
COMP_01179,2022,2023,43,Sicilia,SRL,163004684.48,15435302160.67,9369.238390240158,437.83890983784033,386.646407604401,8931.399480402317,8982.591982635757
COMP_01180,2022,2023,45,Sicilia,SRL,682713764.42,808625094.92,18.44277017132767,-10.622308200977594,-37.67990634587152,29.065078372305265,56.122676517199196
COMP_01181,2022,2023,47,Lombardia,SRL,359933847.41,1163085256.44,223.13861694566657,200.64555673650153,208.17618654451255,22.493060209165037,14.962430401154023
COMP_01182,2022,2023,47,Emilia-Romagna,SPA,17459880029.46,29619318400.72,69.64216449794283,-63.66138732384407,-67.5727433267839,133.3035518217869,137.2149078247267
COMP_01183,2022,2023,43,Friuli-Venezia Giulia,SPA,552038589.05,24666989474.4,4368.345141749834,666.9493967340652,638.8955340862042,3701.3957450157686,3729.4496076636296
COMP_01184,2022,2023,25,Lazio,SRL,167918260.48,941061554.14,460.42836047130544,376.82193216157145,326.3361400556473,83.60642830973399,134.09222041565812
COMP_01185,2022,2023,47,Friuli-Venezia Giulia,SAS,152541769.55,1090245099.64,614.7190588231904,184.21608585416973,213.6935375349416,430.5029729690207,401.0255212882488
COMP_01186,2022,2023,25,Toscana,SRL,288728443.78,506980604.2,75.59080690584811,196.86023276988308,193.82552996771625,121.26942586403497,118.23472306186814
COMP_01187,2022,2023,46,Lazio,SRL,1454349191.28,689218707.54,-52.609819452410484,-22.838161697705836,-3.046460853477975,29.77165775470465,49.56335859893251
COMP_01188,2022,2023,47,Lombardia,SRL,260278431.17,2655157487.0,920.1219805515858,344.5082344134165,426.56723493346686,575.6137461381693,493.55474561811894
COMP_01189,2022,2023,47,Puglia,SRL,1073815282.78,1349571373.26,25.680030346196524,22.370503383413816,5.10443069800123,3.3095269627827086,20.575599648195293
COMP_01190,2022,2023,56,Lazio,SRL,849483905.05,399481871.36,-52.97357972468156,44.00210455944856,8.735171823422862,96.97568428413012,61.708751548104416
COMP_01191,2022,2023,68,Liguria,SRL,242180073.63,221196273.18,-8.664544582664057,-0.43766731770051387,-0.41458205436841855,8.226877264963543,8.249962528295638
COMP_01192,2022,2023,46,Lombardia,SRL,3260893474.05,1244027946.65,-61.850089352813825,-65.94125654165005,-69.19339383813154,4.0911671888362235,7.3433044853177165
COMP_01193,2022,2023,56,Emilia-Romagna,SRL,322955354.69,5592188340.03,1631.5669979826957,322.8384912080219,390.6219788178299,1308.7285067746739,1240.9450191648657
COMP_01194,2022,2023,47,Lazio,SPA,63148205708.58,14254772506.35,-77.42648053670163,-89.46309727002183,-93.40567545908627,12.036616733320201,15.979194922384636
COMP_01195,2022,2023,41,Emilia-Romagna,SRL,574275193.56,237350677.41,-58.66952289221566,56.236822603293255,55.91893178442878,114.90634549550892,114.58845467664443
COMP_01196,2022,2023,10,Sicilia,SRL,208299532.8,556595119.83,167.20901019226866,180.99929973945393,161.25198797142832,13.790289547185267,5.957022220840344
COMP_01197,2022,2023,41,Sicilia,SPA,8246483776.34,12315851545.89,49.34670193889703,-42.79974495655381,-44.08951839941673,92.14644689545084,93.43622033831376
COMP_01198,2022,2023,46,Veneto,SNC,608101531.78,688278592.49,13.184814791587572,-27.217262118554345,-21.92373896604193,40.402076910141915,35.1085537576295
COMP_01199,2022,2023,47,Lazio,SNC,72769885.67,739968207.29,916.8604780357077,568.3131251541192,430.2244541996983,348.5473528815885,486.63602383600943
COMP_01200,2022,2023,62,Veneto,SRL,530099722.69,593807109.74,12.018000448428042,15.022771609545172,12.04204023813737,3.00477116111713,0.024039789709327408
COMP_01201,2022,2023,41,Lazio,SRL,2902316077.66,1431723594.51,-50.66961846332289,-71.11100528706132,-63.683796114725276,20.441386823738426,13.014177651402385
COMP_01202,2022,2023,25,Lazio,SRL,272641978.95,80524451.22,-70.46513103737138,179.16369206035293,203.22550418581537,249.6288230977243,273.69063522318675
COMP_01203,2022,2023,77,Lombardia,SRL,677378621.13,277576775.28,-59.021916750642696,-21.007265514503633,-30.804863266227848,38.01465123613906,28.217053484414848
COMP_01204,2022,2023,25,Piemonte,SNC,150574240.65,240809519.76,59.92743428123672,103.55750871095609,70.92766913203616,43.630074429719365,11.000234850799437
COMP_01205,2022,2023,46,Veneto,SRL,1316333142.25,1500288703.06,13.974848380370172,-13.921495879169575,-16.218158035907738,27.896344259539745,30.19300641627791
COMP_01206,2022,2023,46,Toscana,SRL,180083724.33,665807065.55,269.7208440280373,533.0800812894062,568.022994959055,263.3592372613689,298.30215093101776
COMP_01207,2022,2023,46,Piemonte,SRL,3825228213.24,3645434770.57,-4.700201730388083,-69.03124163726005,-56.88381668251178,64.33103990687196,52.1836149521237
COMP_01208,2022,2023,25,Lombardia,SRL,1903618002.13,245220005.48,-87.11821356986444,-59.21309138290852,-49.45431503279692,27.905122186955914,37.66389853706752
COMP_01209,2022,2023,10,Lombardia,SPA,1823737639.49,966525726.51,-47.00302798047834,61.8400144426315,74.54531246256364,108.84304242310984,121.54834044304198
COMP_01210,2022,2023,25,Campania,SRL,116292555.77,189838912.27,63.242531745073904,675.440870309111,827.0080253825566,612.1983385640372,763.7654936374827
COMP_01211,2022,2023,46,Piemonte,SRL,7018892978.98,3081073946.27,-56.10313541612443,-85.4250727995384,-84.10618709821121,29.321937383413967,28.003051682086777
COMP_01212,2022,2023,46,Lombardia,SRL,1667245719.59,15477101727.34,828.3035814988355,-32.50241603649296,-34.04592561327294,860.8059975353284,862.3495071121084
COMP_01213,2022,2023,41,Veneto,SRL,3877386636.32,1008066318.81,-74.00139801980778,-79.80096474195506,-81.3635197423853,5.799566722147276,7.362121722577513
COMP_01214,2022,2023,47,Toscana,SRL,1177869809.32,7318150045.64,521.3038136926922,-3.243561616732499,3.1490032118995126,524.5473753094246,518.1548104807927
COMP_01215,2022,2023,62,Lombardia,SRL,2768907343.24,1291054536.27,-53.37314051255721,-76.59938566025403,-78.27462044892269,23.226245147696822,24.901479936365483
COMP_01217,2022,2023,46,Toscana,SPA,29778951411.77,15788560980.74,-46.980802774339324,-79.68337730548755,-87.23917877318222,32.70257453114823,40.258375998842894
COMP_01218,2022,2023,47,Toscana,SNC,746040228.34,245673477.11,-67.06967429133903,-38.563848959657456,-25.341359040253906,28.50582533168157,41.72831525108512
COMP_01219,2022,2023,41,Lombardia,SAS,136095523.15,690105517.22,407.0743704474309,109.73297418355996,124.50066769701016,297.34139626387093,282.57370275042075
COMP_01220,2022,2023,43,Sardegna,SNC,570965374.64,371387617.32,-34.95444140475874,-41.10844858704802,-23.66024873420586,6.154007182289277,11.294192670552878
COMP_01221,2022,2023,47,Lombardia,SRL,1041251618.5,5976604769.61,473.98275915477,7.5063198451580195,13.289604371210057,466.476439309612,460.69315478356
COMP_01222,2022,2023,68,Piemonte,SRL,113217381.44,115423189.66,1.9482946805027244,110.25352300465104,118.80064527708966,108.30522832414832,116.85235059658693
COMP_01223,2022,2023,62,Sardegna,SRL,2642631584.84,744566661.09,-71.82480277003575,-75.00828097492864,-74.35735064707737,3.183478204892893,2.5325478770416225
COMP_01224,2022,2023,46,Campania,SAS,1130357597.26,56603051.14,-94.99246510332601,-62.87315595819452,-60.50357701327633,32.11930914513149,34.488888090049684
COMP_01225,2022,2023,56,Emilia-Romagna,SNC,200115596.28,132840991.45,-33.61787191032825,145.6946214183227,109.15945021326948,179.31249332865093,142.77732212359774
COMP_01226,2022,2023,43,Campania,SAS,312941449.37,758792494.91,142.4710745213099,-15.820521715749718,-16.871721687670792,158.29159623705962,159.3427962089807
COMP_01227,2022,2023,47,Lombardia,SRL,203423966.88,2817163813.39,1284.87310841394,446.2255900738297,651.8117914528588,838.6475183401102,633.0613169610812
COMP_01228,2022,2023,46,Lombardia,SNC,196718186.41,655661284.27,233.29978088729982,121.6620777486791,80.8621446289835,111.63770313862072,152.43763625831633
COMP_01229,2022,2023,41,Campania,SRL,437409411.4,150868054.16,-65.50873158464464,92.08878190735892,115.56208081189523,157.59751349200354,181.07081239653985
COMP_01230,2022,2023,47,Emilia-Romagna,SRL,1422076146.9,353503236.18,-75.1417505349059,-20.332664993896554,-17.47973543433571,54.80908554100934,57.66201510057019
COMP_01231,2022,2023,46,Lombardia,SRL,378137146.02,150187274.96,-60.282327049652906,207.0724816705511,202.46666166508234,267.354808720204,262.7489887147352
COMP_01232,2022,2023,43,Lombardia,SRL,3827216769.02,4299450825.76,12.338837469635168,-79.88093948073163,-77.1723705637747,92.21977695036679,89.51120803340987
COMP_01233,2022,2023,71,Lazio,SRL,829465046.77,452422747.8,-45.456080450674975,-33.005361181132685,5.173300680024189,12.45071926954229,50.629381130699166
COMP_01234,2022,2023,10,Toscana,SRL,254228732.24,161785926.86,-36.36206048210595,115.09547026287784,143.07674235100757,151.45753074498379,179.43880283311353
COMP_01235,2022,2023,43,Campania,SRL,383760854.83,1522376815.62,296.69934972768107,115.23317235150857,92.63014862749837,181.46617737617248,204.06920110018268
COMP_01236,2022,2023,10,Emilia-Romagna,SRL,5710746936.42,3044506338.49,-46.68812377109876,-90.368303736278,-91.27536370122232,43.680179965179235,44.58723993012356
COMP_01237,2022,2023,56,Piemonte,SAS,22420678.49,842130541.22,3656.043964483967,1470.083725894005,1654.2645641779093,2185.960238589962,2001.7794003060578
COMP_01238,2022,2023,47,Sicilia,SRL,5345766658.6,13169418312.03,146.35228495885997,-80.16951937962766,-78.14889661443347,226.52180433848764,224.50118157329342
COMP_01239,2022,2023,43,Lombardia,SRL,1077374746.7,35572021.7,-96.69826847074732,-25.809757382222784,-12.923512065207076,70.88851108852454,83.77475640554024
COMP_01241,2022,2023,45,Veneto,SAS,792560198.53,70676630.68,-91.08249054001355,-71.29615532365911,-63.036817489551815,19.786335216354445,28.045673050461737
COMP_01242,2022,2023,56,Veneto,SRL,1237037313.77,216143690.37,-82.52731037584634,-1.5669707652768476,17.330350154894962,80.96033961056949,99.8576605307413
COMP_01243,2022,2023,46,Emilia-Romagna,SRL,2106089345.55,3901878987.53,85.26654606436149,-45.31919031161782,-51.314314263955325,130.5857363759793,136.58086032831682
COMP_01244,2022,2023,45,Veneto,SRL,5115705829.62,431767821.2,-91.55995603382706,-87.29188122178299,-83.37644429300006,4.268074812044077,8.183511740827
COMP_01245,2022,2023,71,Emilia-Romagna,SRL,464041716.07,1076952733.76,132.08101695700637,19.265657432521543,29.011199681795933,112.81535952448482,103.06981727521044
COMP_01246,2022,2023,41,Lazio,SRL,886420207.69,580610791.92,-34.49937322242863,-6.496675038960055,-19.087799306857637,28.002698183468574,15.411573915570994
COMP_01247,2022,2023,25,Lazio,SAS,531771280.99,381226128.05,-28.310132254553064,-44.46926106384542,-48.36078826991637,16.15912880929236,20.050656015363305
COMP_01248,2022,2023,46,Friuli-Venezia Giulia,SRL,448221080.63,663338484.83,47.993593674273505,143.09566120985866,167.80495910871304,95.10206753558515,119.81136543443952
COMP_01249,2022,2023,77,Emilia-Romagna,SPA,253141528.53,9906182734.74,3813.298142847395,1075.2537658570755,1610.5021344575134,2738.0443769903195,2202.7960083898815
COMP_01250,2022,2023,43,Veneto,SAS,79890034.24,893509755.68,1018.4245496700892,276.606522694224,221.39113869023151,741.8180269758652,797.0334109798576
COMP_01251,2022,2023,10,Piemonte,SAS,367185623.61,163345390.3,-55.514219567186935,-43.22984179182216,-32.059158514924626,12.284377775364774,23.45506105226231
COMP_01252,2022,2023,43,Lazio,SRL,206100992.6,2442583533.2,1085.1391409553066,311.2450734579012,210.08960883219052,773.8940674974054,875.0495321231161
COMP_01253,2022,2023,46,Lazio,SAS,1768074270.21,781773689.26,-55.783888582511516,-76.70816945490161,-81.13164554442974,20.924280872390092,25.34775696191823
COMP_01254,2022,2023,25,Toscana,SRL,4624109651.33,327117933.93,-92.92581797155451,-84.44693132661617,-82.38630669776376,8.478886644938342,10.539511273790751
COMP_01255,2022,2023,47,Piemonte,SRL,718332532.75,957556134.0,33.30262661697609,64.84055107073492,90.92818104064136,31.537924453758826,57.62555442366527
COMP_01256,2022,2023,82,Lombardia,SRL,835336256.55,1102358323.25,31.965817909403427,-34.84014594078105,-31.2012437063444,66.80596385018447,63.167061615747826
COMP_01257,2022,2023,46,Piemonte,SRL,834484095.49,6848372507.16,720.6714237182327,41.645201479117546,39.74413675626373,679.0262222391152,680.927286961969
COMP_01258,2022,2023,43,Lazio,SPA,1012662230.71,15107391762.87,1391.8490395635542,300.09764581394853,234.413515947354,1091.7513937496058,1157.4355236162003
COMP_01259,2022,2023,45,Liguria,SRL,247396146.42,405428164.75,63.87812446428001,147.2434631731924,178.62486172708532,83.36533870891239,114.74673726280531
COMP_01260,2022,2023,25,Lombardia,SRL,305622891.22,1693589159.72,454.1434258930835,167.3279037063156,157.81956764687905,286.8155221867679,296.3238582462044
COMP_01261,2022,2023,68,Veneto,SRL,271361091.65,204265584.39,-24.72554442202031,-23.490220736453136,1.1577748810959665,1.2353236855671739,25.883319303116277
COMP_01262,2022,2023,45,Lombardia,SRL,134394933.77,161068799.51,19.84737444467136,386.1891167972033,426.7007989670463,366.341742352532,406.85342452237495
COMP_01263,2022,2023,43,Piemonte,SRL,433358840.29,128352174.01,-70.38201091637872,85.31815206050663,71.31666318680757,155.70016297688534,141.6986741031863
COMP_01264,2022,2023,47,Lazio,SPA,59086696340.23,4155413717.09,-92.96726001879931,-89.08561475925137,-88.05898263079061,3.8816452595479376,4.908277388008699
COMP_01265,2022,2023,46,Lazio,SRL,150135071.58,407247281.42,171.25392963428723,723.1845542062949,628.2150616290592,551.9306245720077,456.9611319947719
COMP_01266,2022,2023,47,Campania,SRL,484525815.15,2308153527.85,376.3736947917706,146.2841041041267,190.9854201569114,230.08959068764392,185.38827463485921
COMP_01267,2022,2023,10,Piemonte,SRL,287606878.92,193504536.64,-32.71908607797079,89.14951142900928,114.08441951246432,121.86859750698008,146.80350559043512
COMP_01268,2022,2023,62,Emilia-Romagna,SRL,1300608220.76,148369707.42,-88.59228282185533,-55.905026669476,-60.80046567648209,32.687256152379334,27.791817145373244
COMP_01269,2022,2023,71,Lombardia,SRL,590976031.62,15091075.41,-97.44641498088646,-3.3381744652734215,-1.9320369545209326,94.10824051561303,95.51437802636552
COMP_01270,2022,2023,47,Toscana,SRL,1819928505.18,670954807.69,-63.13290298051355,-37.523380124621156,-27.89615707076795,25.609522855892394,35.2367459097456
COMP_01271,2022,2023,77,Emilia-Romagna,SNC,36632268.41,85322844.94,132.91717560332214,482.59212728536846,524.1589550127965,349.6749516820463,391.24177940947436
COMP_01273,2022,2023,46,Lazio,SRL,3399585126.08,4400971573.04,29.456136846753434,-66.22448493528745,-66.27846687496675,95.68062178204089,95.73460372172019
COMP_01274,2022,2023,47,Piemonte,SRL,1008658900.87,8265384697.82,719.4429941272363,12.131992783923181,28.385941107521376,707.3110013433131,691.0570530197149
COMP_01275,2022,2023,46,Lazio,SAS,346957745.97,135665920.22,-60.898431640223286,28.6986260372759,28.22259742474561,89.59705767749918,89.1210290649689
COMP_01276,2022,2023,45,Lombardia,SRL,233178872.2,111151264.93,-52.332188640716815,160.8186233228479,137.3534984731426,213.15081196356473,189.68568711385942
COMP_01277,2022,2023,43,Lombardia,SRL,1340017297.29,997992609.83,-25.523900934092243,-26.8093074614025,-44.47298840881982,1.2854065273102577,18.94908747472758
COMP_01278,2022,2023,25,Lazio,SPA,5664155611.27,2899696337.77,-48.80620278156803,-28.85801099632023,-18.184076081134652,19.948191785247804,30.62212670043338
COMP_01279,2022,2023,45,Piemonte,SRL,451328726.45,202207921.55,-55.19719669951001,27.56824702511457,36.57953918509202,82.76544372462457,91.77673588460203
COMP_01280,2022,2023,25,Emilia-Romagna,SRL,167270273.88,2841543454.37,1598.7737201940186,390.87032309243966,326.32810260401385,1207.9033971015788,1272.4456175900048
COMP_01281,2022,2023,56,Puglia,SRL,846227423.54,448501637.38,-46.999869668156656,50.16044617757482,72.31350462456047,97.16031584573147,119.31337429271713
COMP_01282,2022,2023,41,Liguria,SRL,230317412.78,451989884.87,96.24651015932622,274.44232071020235,260.33802152122587,178.19581055087613,164.09151136189965
COMP_01283,2022,2023,10,Lazio,SRL,1138217142.25,384870355.21,-66.18656134020283,-51.165542915701685,-56.77637034844385,15.021018424501143,9.41019099175898
COMP_01284,2022,2023,46,Lombardia,SRL,2152508554.62,1290567753.0,-40.043548248390834,-47.934823593167444,-45.11946220259253,7.891275344776609,5.075913954201695
COMP_01285,2022,2023,47,Sicilia,SRL,1554655382.79,570119657.16,-63.328229299482594,-27.11580232094715,-24.43139077452463,36.21242697853545,38.896838524957964
COMP_01286,2022,2023,68,Lazio,SRL,170575581.7,27406304.55,-83.93304347734784,31.468378282948898,17.360892371581432,115.40142176029673,101.29393584892927
COMP_01287,2022,2023,46,Campania,SRL,1258155671.63,386515784.1,-69.27917643138305,-9.290147856464614,-23.064631243968808,59.989028574918436,46.214545187414245
COMP_01289,2022,2023,62,Lazio,SPA,4902294007.58,186191859359.72,3698.0557484277233,-44.133514124916545,-45.77785215868931,3742.18926255264,3743.8336005864126
COMP_01290,2022,2023,46,Campania,SPA,9802303094.8,45268894465.69,361.81896262424885,-42.16973343357562,-53.996723457988146,403.9886960578245,415.815686082237
COMP_01291,2022,2023,10,Lazio,SRL,1081895474.41,3253958952.13,200.76463291470108,-51.5215853319993,-55.43781901426287,252.28621824670037,256.20245192896397
COMP_01292,2022,2023,46,Liguria,SRL,1957572155.6,1547415897.4,-20.95229322846013,-42.20460294869785,-50.41574284248111,21.252309720237715,29.463449614020977
COMP_01293,2022,2023,71,Toscana,SRL,110752150.62,605794450.32,446.9821099894774,389.1759195365274,503.0176142991713,57.806190452950034,56.03550430969392
COMP_01294,2022,2023,45,Veneto,SRL,1091537313.41,98910630.08,-90.93841054585666,-46.93612194075773,-28.20727933985921,44.002288605098926,62.73113120599744
COMP_01295,2022,2023,43,Lombardia,SNC,967599544.96,215944999.16,-77.68239967817192,-67.82044245158842,-72.07533750051776,9.861957226583499,5.607062177654157
COMP_01296,2022,2023,25,Lombardia,SRL,3317274279.41,290006385.67,-91.25769046382322,-75.60246940072236,-77.95573923430936,15.655221063100868,13.301951229513861
COMP_01297,2022,2023,25,Lazio,SRL,4711492286.73,128195805.02,-97.27908277848472,-83.39557370540795,-81.94755996249268,13.883509073076766,15.331522815992045
COMP_01298,2022,2023,45,Emilia-Romagna,SRL,558396977.33,815692506.12,46.077528932959126,8.147901395997211,8.115460768945233,37.92962753696192,37.96206816401389
COMP_01299,2022,2023,47,Puglia,SRL,356869427.37,1499266697.54,320.11631777736164,220.3757777716818,249.91307897908155,99.74054000567983,70.2032387982801
COMP_01300,2022,2023,25,Lazio,SRL,3571926805.68,1463238534.82,-59.035035866547155,-76.84173019056266,-76.72295425906466,17.806694324015503,17.68791839251751
COMP_01301,2022,2023,71,Friuli-Venezia Giulia,SRL,418401423.16,867693638.49,107.38305140950419,27.27707941234519,70.56979695717263,80.105971997159,36.81325445233156
COMP_01302,2022,2023,56,Lazio,SRL,1723753544.98,2245801000.31,30.285504377950794,-14.601158139700766,-33.05656864062606,44.88666251765156,63.342073018576855
COMP_01303,2022,2023,46,Sicilia,SAS,173134597.56,744511791.87,330.01907323115387,150.52093192421526,184.6544032879286,179.4981413069386,145.36466994322527
COMP_01304,2022,2023,62,Puglia,SRL,1656006349.59,356403214.81,-78.4781492596185,-60.46109970923857,-65.40145370079478,18.017049550379937,13.07669555882373
COMP_01305,2022,2023,25,Emilia-Romagna,SAS,171424315.29,610140789.19,255.9242970624206,75.42037465049937,79.58293417682262,180.50392241192122,176.341362885598
COMP_01306,2022,2023,46,Puglia,SPA,4247849336.98,5050935124.41,18.905703185813838,49.69246296815532,16.37740347995254,30.78675978234148,2.528299705861297
COMP_01307,2022,2023,47,Veneto,SRL,677769727.87,2236956498.46,230.04668200363483,44.026240884132285,38.057767400412594,186.02044111950255,191.98891460322224
COMP_01308,2022,2023,62,Lombardia,SPA,330661373.6,118524462.65,-64.15533469797452,862.0272898181298,892.77357950552,926.1826245161044,956.9289142034945
COMP_01309,2022,2023,62,Veneto,SRL,18970510.34,764778136.79,3931.4051814275017,3172.21862731647,2572.7052769026263,759.1865541110319,1358.6999045248754
COMP_01310,2022,2023,41,Lazio,SNC,139561654.49,201298512.08,44.2362608953046,152.758947211737,135.15264343455874,108.52268631643238,90.91638253925413
COMP_01311,2022,2023,71,Emilia-Romagna,SRL,2537872020.63,2772532184.0,9.246335570213189,-79.16350470729788,-81.30571299111608,88.40984027751107,90.55204856132927
COMP_01312,2022,2023,25,Sicilia,SRL,882433321.52,1398065064.5,58.43294109653739,-6.468519478700134,5.541110677937552,64.90146057523752,52.89183041859984
COMP_01313,2022,2023,68,Veneto,SRL,81880155.68,371319059.81,353.4909059786975,189.09206057755796,253.28071387572595,164.39884540113957,100.21019210297158
COMP_01315,2022,2023,41,Toscana,SAPA,272007222.82,1501517120.49,452.013694681786,39.35923071425973,79.83985959913352,412.6544639675262,372.17383508265243
COMP_01316,2022,2023,56,Sicilia,SRL,881939647.43,559619888.33,-36.54669115276197,38.47387931525967,36.63288999707909,75.02057046802165,73.17958114984106
COMP_01317,2022,2023,10,Puglia,SRL,396530656.85,831335045.21,109.65214942371485,47.80424344842346,44.6464086841244,61.84790597529138,65.00574073959044
COMP_01318,2022,2023,45,Lazio,SRL,2302357099.75,77179279.8,-96.64781454586776,-74.03534203241911,-75.5568701485368,22.61247251344865,21.090944397330958
COMP_01319,2022,2023,46,Lazio,SNC,225722427.05,173020313.95,-23.348195298434355,103.80147968409719,169.5026762399594,127.14967498253154,192.85087153839376
COMP_01320,2022,2023,46,Lombardia,SRL,288084652.33,76663979.41,-73.3883847022223,328.23301209137543,325.21241480426687,401.62139679359774,398.6007995064892
COMP_01321,2022,2023,71,Lombardia,SRL,1228797705.0,1191076356.65,-3.0697769206852406,-56.55630161653727,-51.87221365419878,53.486524695852026,48.80243673351354
COMP_01322,2022,2023,47,Emilia-Romagna,SRL,825179840.82,2616066867.3,217.02990522652064,40.672064769030634,68.49383251739633,176.35784045749,148.5360727091243
COMP_01323,2022,2023,46,Lombardia,SPA,5634847009.74,1980026778.73,-64.8610374814531,23.215081418567788,-13.11741105360435,88.07611890002089,51.743626427848746
COMP_01324,2022,2023,62,Sicilia,SRL,339367823.71,355919149.49,4.877105200799366,100.98219368019645,123.84938747091773,96.10508847939708,118.97228227011837
COMP_01325,2022,2023,77,Lombardia,SRL,649788456.72,458495378.75,-29.43928535382247,-18.33566693277872,0.2557907047536191,11.103618421043748,29.69507605857609
COMP_01326,2022,2023,10,Lombardia,SRL,4829515024.3,147834458.87,-96.93893779963076,-88.00272814120291,-89.76605929881745,8.936209658427856,7.172878500813312
COMP_01327,2022,2023,82,Veneto,SPA,13664428844.61,398381488.1,-97.08453611467893,-82.61163446775674,-81.5225760595552,14.472901646922182,15.56196005512372
COMP_01328,2022,2023,25,Toscana,SRL,283246865.96,133792716.41,-52.764626024531495,168.7921508967839,157.3192827671648,221.55677692131542,210.08390879169627
COMP_01329,2022,2023,62,Piemonte,SRL,624684758.21,3360478670.26,437.94792110652224,10.350185109657204,12.283170206633924,427.597735996865,425.6647508998883
COMP_01330,2022,2023,41,Liguria,SRL,305462158.82,986689925.63,223.01543649189873,153.18245876554212,91.72052489559914,69.8329777263566,131.29491159629958
COMP_01331,2022,2023,25,Puglia,SAS,422505822.99,213593404.12,-49.446044883254686,-31.630109693533168,-34.66641013231595,17.815935189721518,14.779634750938733
COMP_01332,2022,2023,45,Lombardia,SNC,333332639.65,285246723.84,-14.425804763821004,-35.14592799640398,-43.4993085550547,20.72012323258297,29.07350379123369
COMP_01333,2022,2023,47,Lombardia,SRL,2419205894.21,297415018.29,-87.70608905170835,-52.85330596572671,-52.20434894279865,34.852783085981635,35.501740108909694
COMP_01335,2022,2023,10,Toscana,SRL,614472710.84,553595743.27,-9.907188146204193,-3.925923739680867,3.7806690535954317,5.9812644065233265,13.687857199799625
COMP_01336,2022,2023,47,Lombardia,SRL,933376833.77,2330102309.67,149.64218366750006,11.583595593312833,25.59381428105674,138.05858807418724,124.04836938644333
COMP_01337,2022,2023,71,Toscana,SRL,2260109787.7,1127339319.71,-50.120152310953145,-77.09299513601124,-74.99300171991558,26.972842825058095,24.872849408962438
COMP_01338,2022,2023,43,Lazio,SRL,910378219.71,762441145.39,-16.250067402439093,-12.224149154574969,-11.212229908119781,4.025918247864125,5.037837494319312
COMP_01339,2022,2023,41,Lazio,SRL,392857110.58,511474460.7,30.193509783971493,130.63381327292382,130.99515707914617,100.44030348895232,100.80164729517467
COMP_01340,2022,2023,46,Lombardia,SNC,303810976.29,314593828.32,3.549197649694953,52.632312683214664,69.08241493017591,49.08311503351971,65.53321728048097
COMP_01341,2022,2023,10,Piemonte,SRL,615874350.67,73713352.92,-88.03110523440238,-4.539482674295303,-9.279606801046318,83.49162256010707,78.75149843335606
COMP_01342,2022,2023,62,Emilia-Romagna,SRL,132793557.69,1733774557.15,1205.6164676282046,366.1566922568773,328.21728215301613,839.4597753713274,877.3991854751885
COMP_01343,2022,2023,62,Puglia,SRL,336831224.61,560511537.34,66.40723792427148,100.29394953990183,109.37548583088608,33.88671161563035,42.96824790661459
COMP_01344,2022,2023,46,Veneto,SRL,422881989.2,6037332516.47,1327.66366756156,176.43550810365585,219.2185214194081,1151.2281594579042,1108.445146142152
COMP_01345,2022,2023,43,Campania,SRL,1690770635.95,2832022382.51,67.49890980444906,-53.59066225737168,-50.37540444396202,121.08957206182075,117.87431424841108
COMP_01346,2022,2023,62,Lombardia,SRL,185699766.53,3725935497.78,1906.4298234742644,248.90060062679424,235.33303481137511,1657.52922284747,1671.0967886628891
COMP_01347,2022,2023,46,Campania,SRL,6831466628.5,7767650106.74,13.703989628440292,-84.98636503473703,-88.04557627403587,98.69035466317733,101.74956590247616
COMP_01348,2022,2023,62,Lombardia,SPA,1668922060.43,1154491480.35,-30.82412248463277,119.33783174933322,102.95390212165617,150.161954233966,133.77802460628894
COMP_01349,2022,2023,47,Lazio,SNC,74430204.29,271864599.64,265.26112246144413,531.5006266270108,377.1028465112671,266.23950416556664,111.84172404982297
COMP_01350,2022,2023,62,Emilia-Romagna,SRL,3525840402.33,180959764.73,-94.86761327567704,-82.46522907628837,-84.00416445789982,12.402384199388678,10.863448817777225
COMP_01351,2022,2023,47,Liguria,SRL,1654793780.01,984346089.68,-40.51548286131149,-29.783311910140018,-26.41613631335782,10.732170951171472,14.099346547953669
COMP_01352,2022,2023,45,Piemonte,SRL,1193957697.3,225617077.68,-81.1034278525774,-48.278521006704096,-47.707612924809496,32.8249068458733,33.3958149277679
COMP_01353,2022,2023,77,Puglia,SRL,501158644.95,1368672997.51,173.10174358990673,8.371098791205544,13.786602957631564,164.73064479870118,159.31514063227516
COMP_01354,2022,2023,46,Piemonte,SRL,9030781175.83,709644199.38,-92.14194004302426,-88.56888666020348,-88.51526723619287,3.573053382820788,3.626672806831394
COMP_01355,2022,2023,47,Emilia-Romagna,SPA,1397395435.85,4271475451.75,205.67406634985684,307.0122240544759,303.54747630939676,101.33815770461905,97.87340995953991
COMP_01356,2022,2023,41,Umbria,SAPA,495901422.01,101358405.44,-79.56077539984226,-32.22087468538107,-27.953514112730495,47.33990071446119,51.60726128711176
COMP_01357,2022,2023,47,Campania,SNC,841564554.84,1777400974.14,111.20197659440673,-48.61291582618933,-50.269396319112474,159.81489242059607,161.4713729135192
COMP_01358,2022,2023,46,Lombardia,SRL,945061231.23,2386713770.75,152.54594008090723,14.544395379884723,33.653085124335696,138.0015447010225,118.89285495657154
COMP_01359,2022,2023,41,Emilia-Romagna,SAS,1485768064.55,61896042.19,-95.83407103256411,-78.08778205434633,-79.06292334736814,17.746288978217777,16.77114768519597
COMP_01360,2022,2023,10,Umbria,SPA,2749895301.76,1533142415.09,-44.247244100211695,24.070323426320204,11.29453999423234,68.3175675265319,55.54178409444403
COMP_01361,2022,2023,47,Lombardia,SRL,1186255648.25,221884993.42,-81.29534778213015,-0.7498527819242549,19.394286342562296,80.54549500020589,100.68963412469245
COMP_01362,2022,2023,56,Emilia-Romagna,SRL,13674497482.96,6621568610.84,-51.57724355800834,-90.81320383708771,-90.25003165913408,39.23596027907937,38.67278810112574
COMP_01363,2022,2023,46,Emilia-Romagna,SPA,259365821574.04,51471396648.57,-80.15490385888154,-97.18167237004312,-97.97633765582265,17.026768511161578,17.821433796941108
COMP_01364,2022,2023,41,Puglia,SRL,62833134.15,715698255.15,1039.0459266943951,1296.714443616806,1025.1528247938186,257.66851692241084,13.89310190057654
COMP_01365,2022,2023,47,Lazio,SRL,339855433.82,5790371441.79,1603.7748600061504,230.92547407877944,235.40972072829823,1372.849385927371,1368.3651392778522
COMP_01366,2022,2023,25,Puglia,SRL,1708868343.4,261302850.16,-84.70901218521571,-55.30209158143558,-59.06982166850903,29.40692060378013,25.639190516706684
COMP_01367,2022,2023,46,Umbria,SRL,742004582.87,2538229760.41,242.07736973704118,45.02897313288112,70.36607854298609,197.04839660416008,171.7112911940551
COMP_01368,2022,2023,25,Lombardia,SRL,2058857554.12,511088639.24,-75.17610491229685,-61.043444241948805,-60.14718978432697,14.132660670348045,15.028915127969881
COMP_01369,2022,2023,41,Lombardia,SAS,252964539.3,552315008.44,118.33692974057097,23.03495985748582,34.841347050268475,95.30196988308515,83.49558269030248
COMP_01370,2022,2023,41,Sicilia,SRL,407369830.84,1480602609.33,263.45416308247104,101.33073903876108,106.21770520880429,162.12342404370997,157.23645787366675
COMP_01371,2022,2023,43,Lombardia,SRL,336203948.56,1376940362.94,309.55508370368443,151.80791989789122,136.11101926708844,157.7471638057932,173.444064436596
COMP_01372,2022,2023,10,Emilia-Romagna,SRL,612186345.51,7181670450.23,1073.1183654949205,-9.259524836719088,-5.629558016212619,1082.3778903316395,1078.747923511133
COMP_01373,2022,2023,45,Piemonte,SRL,805018325.09,459457530.79,-42.92582957802442,-26.14528981921724,-35.411165003922676,16.78053975880718,7.514664574101744
COMP_01374,2022,2023,46,Lombardia,SRL,147624789.73,6692192656.26,4433.244496740528,721.0728869471072,582.6643253254557,3712.171609793421,3850.5801714150725
COMP_01375,2022,2023,46,Emilia-Romagna,SRL,403424308.93,1035058913.58,156.5683055454147,194.6626478910287,121.546473541515,38.094342345614024,35.02183200389969
COMP_01376,2022,2023,43,Piemonte,SRL,1361350776.3,579201956.8,-57.45387839170985,-40.047949978183475,-42.12722585741616,17.405928413526375,15.326652534293693
COMP_01377,2022,2023,62,Sicilia,SRL,34293209.18,773416428.14,2155.304903313222,1607.8713052395985,1837.023844899267,547.4335980736234,318.28105841395495
COMP_01378,2022,2023,25,Campania,SRL,272186354.48,21093828655.44,7649.77448657881,209.38763444718117,232.9170266156562,7440.386852131629,7416.857459963154
COMP_01379,2022,2023,46,Emilia-Romagna,SRL,5548408400.75,457987753.9,-91.74560124597008,-79.5944266887074,-79.22226577770269,12.151174557262678,12.52333546826739
COMP_01381,2022,2023,10,Campania,SRL,2630663922.95,694127968.16,-73.61396253985907,-77.77169941703157,-76.90101004035158,4.157736877172496,3.2870475004925055
COMP_01382,2022,2023,46,Sicilia,SAPA,264833981.23,604742833.65,128.34789963180737,69.85750588414379,77.32831070615238,58.490393747663575,51.019588925654986
COMP_01383,2022,2023,46,Lombardia,SRL,3016754006.85,89482206.68,-97.03382488340723,-64.94244809561137,-64.5906805474398,32.091376787795866,32.44314433596743
COMP_01384,2022,2023,68,Toscana,SRL,182916620.66,281070983.65,53.66071308109633,21.813218382887026,61.08898434025279,31.847494698209307,7.42827125915646
COMP_01385,2022,2023,46,Lombardia,SRL,352854865.06,922814538.82,161.52807576086082,239.19464329427717,256.1003164103557,77.66656753341636,94.57224064949486
COMP_01386,2022,2023,77,Veneto,SRL,149033810.12,211900966.82,42.18315068867944,302.2713871198405,417.1460829295326,260.088236431161,374.96293224085315
COMP_01387,2022,2023,10,Lazio,SNC,839269355.92,85176068.29,-89.85116426696759,-72.6991709929576,-73.01284662908712,17.151993274009982,16.838317637880465
COMP_01388,2022,2023,25,Sicilia,SRL,2259473925.19,5706063737.62,152.53948160256707,-63.82370469373693,-62.56643607476126,216.36318629630398,215.10591767732834
COMP_01389,2022,2023,10,Piemonte,SRL,5572624801.26,1233473206.34,-77.86548977671876,-89.75564994624116,-89.13754621394271,11.890160169522403,11.272056437223952
COMP_01391,2022,2023,46,Lazio,SRL,700212606.88,1424419350.26,103.42669301641294,53.38588821116315,55.83920446459488,50.04080480524979,47.58748855181806
COMP_01392,2022,2023,47,Lombardia,SPA,5730753045.12,6939153116.56,21.086235297977268,-0.2456902456205571,-15.24718051561116,21.331925543597826,36.33341581358843
COMP_01393,2022,2023,10,Sicilia,SRL,364953679.85,909200798.54,149.1277246234896,64.45283674823497,89.25554981291928,84.67488787525463,59.872174810570314
COMP_01394,2022,2023,71,Lombardia,SRL,529418656.01,594873854.59,12.363598795952457,10.75107574532972,55.28895131057238,1.6125230506227375,42.925352514619924
COMP_01395,2022,2023,62,Veneto,SRL,354573608.74,527202605.44,48.686363690024244,70.40818667883168,40.807681198533054,21.72182298880744,7.87868249149119
COMP_01396,2022,2023,43,Piemonte,SRL,507475219.38,2393097104.1,371.5692535733526,57.11387286397733,29.584799801919985,314.4553807093753,341.98445377143264
COMP_01397,2022,2023,10,Lombardia,SAS,164242354.52,250058484.62,52.24969548859581,13.829215177631383,15.72476228982067,38.42048031096443,36.524933198775145
COMP_01398,2022,2023,25,Emilia-Romagna,SRL,1090359788.46,2639576500.5,142.08307463613266,-29.89370660727562,-19.676730434681243,171.97678124340828,161.7598050708139
COMP_01399,2022,2023,25,Puglia,SRL,347348118.87,586610445.59,68.88257448993049,140.39315877529953,143.15810229558184,71.51058428536903,74.27552780565135
COMP_01400,2022,2023,25,Lombardia,SRL,150582093.06,1158371232.72,669.2622736080862,448.9653394706814,319.17579157931607,220.29693413740478,350.0864820287701
COMP_01401,2022,2023,46,Lombardia,SRL,2528257577.77,3550270971.03,40.42362622567307,-53.78618483916221,-55.11147003773531,94.20981106483528,95.53509626340838
COMP_01402,2022,2023,41,Lazio,SRL,9091545606.91,413142782.13,-95.45574757040221,-90.58129518476305,-93.45139012458975,4.8744523856391595,2.0043574458124596
COMP_01403,2022,2023,43,Puglia,SRL,900444386.7,255836606.55,-71.58773930641019,-9.022796388345839,1.5955612381205533,62.56494291806435,73.18330054453074
COMP_01404,2022,2023,82,Toscana,SRL,5343300126.65,2117278357.58,-60.375080804090366,-88.80786011411838,-89.36314345584141,28.432779310028018,28.988062651751044
COMP_01405,2022,2023,47,Piemonte,SRL,782643515.79,4140653576.71,429.05997343253097,51.1032285139223,48.8087944553002,377.95674491860865,380.2511789772308
COMP_01406,2022,2023,71,Emilia-Romagna,SRL,399080998.94,122188274.73,-69.38258773167738,50.154928840846914,67.46967833825161,119.53751657252428,136.852266069929
COMP_01407,2022,2023,25,Veneto,SNC,700205893.03,158136416.71,-77.41572610511794,-61.328687677367654,-53.053194041045145,16.087038427750286,24.362532064072795
COMP_01408,2022,2023,43,Liguria,SRL,234033743.7,298015040.09,27.338492039000776,247.28609321285737,150.11589741216153,219.94760117385658,122.77740537316075
COMP_01409,2022,2023,46,Emilia-Romagna,SRL,709370770.23,909931718.66,28.27307761285003,52.36255855488331,55.36842604893508,24.089480942033276,27.095348436085047
COMP_01410,2022,2023,10,Lombardia,SRL,857417442.21,237594850.41,-72.28947783035561,-31.084398088338723,-30.26285957018858,41.205079742016885,42.02661826016703
COMP_01411,2022,2023,10,Lazio,SRL,110863249.47,580726854.52,423.82268903018826,390.5828092766621,422.16047609351415,33.23987975352617,1.6622129366741092
COMP_01413,2022,2023,47,Lazio,SPA,135255629634.96,857779719.89,-99.36580849003842,-94.78257759911213,-95.99237212743107,4.583230890926288,3.3734363626073502
COMP_01414,2022,2023,45,Sicilia,SRL,475783898.02,533931214.86,12.221371316260006,22.77675847879323,12.566997201978884,10.555387162533224,0.34562588571887787
COMP_01415,2022,2023,46,Friuli-Venezia Giulia,SRL,4020456149.68,246182531.32,-93.87675124028912,-73.66918852411202,-71.67171302121487,20.207562716177108,22.205038219074254
COMP_01416,2022,2023,45,Lazio,SRL,410984003.73,170604109.85,-58.488868593026794,57.9702530217027,58.48676671117118,116.4591216147295,116.97563530419797
COMP_01417,2022,2023,10,Lazio,SRL,232370708.25,344837157.86,48.39958119377123,166.10197936674254,163.95809866443713,117.7023981729713,115.55851747066589
COMP_01418,2022,2023,43,Piemonte,SRL,459499395.56,1093486887.73,137.9735203780515,84.22188098986189,123.2752229266635,53.7516393881896,14.698297451387987
COMP_01419,2022,2023,41,Friuli-Venezia Giulia,SPA,3487974983.23,36796704992.01,954.9589710054294,17.49135392089916,50.72767843906813,937.4676170845302,904.2312925663613
COMP_01420,2022,2023,25,Lombardia,SRL,156682885.87,1000478653.33,538.5372900012184,424.8303635142834,352.5607605020527,113.70692648693495,185.97652949916568
COMP_01421,2022,2023,77,Sicilia,SRL,5781892800.95,1230071919.93,-78.7254457618465,-91.30406700621894,-92.67583824627809,12.578621244372442,13.950392484431589
COMP_01422,2022,2023,47,Lazio,SRL,199107986.07,2727015497.27,1269.6163328733928,434.4229496701756,458.2780492413351,835.1933832032172,811.3382836320577
COMP_01423,2022,2023,56,Lazio,SRL,10663402329.79,27373267504.5,156.70294206219896,-89.70178321627053,-87.66124315583095,246.40472527846947,244.3641852180299
COMP_01424,2022,2023,43,Lombardia,SRL,3934869615.24,462869593.3,-88.23672348615372,-79.17480365590635,-84.14129568243781,9.061919830247376,4.095427803715907
COMP_01425,2022,2023,45,Sicilia,SRL,361249921.25,3732404359.86,933.191743528996,55.60437567861663,13.56307093770122,877.5873678503793,919.6286725912947
COMP_01426,2022,2023,41,Lazio,SRL,3944394158.49,2975513254.87,-24.563490987191518,-78.31472981737383,-79.53504373309148,53.75123883018232,54.97155274589997
COMP_01427,2022,2023,25,Sardegna,SRL,774380875.11,146000985.63,-81.14610131490389,-1.8699784337892897,-3.367577526848627,79.2761228811146,77.77852378805527
COMP_01428,2022,2023,41,Emilia-Romagna,SRL,10493258040.15,3062616626.72,-70.81348219016807,-90.95787105291808,-91.58281426925555,20.144388862750006,20.769332079087476
COMP_01429,2022,2023,62,Emilia-Romagna,SRL,325920145.36,285806504.56,-12.307812625602471,96.75652187495393,115.51225973987883,109.0643345005564,127.8200723654813
COMP_01430,2022,2023,47,Piemonte,SRL,7949793818.9,4184729141.83,-47.36053239668757,-85.92944896475063,-80.05398481240894,38.56891656806307,32.693452415721374
COMP_01431,2022,2023,46,Sicilia,SRL,1543777181.86,90124302.43,-94.1620912986021,-31.272120064684824,-16.05103473754301,62.88997123391728,78.1110565610591
COMP_01432,2022,2023,46,Piemonte,SRL,537895283.67,6730577542.79,1151.2802672051732,102.48920342055231,135.89157673751518,1048.791063784621,1015.3886904676581
COMP_01433,2022,2023,71,Toscana,SRL,488062602.09,598294078.13,22.585519883712184,16.16568182570165,28.200547423242732,6.419838058010534,5.615027539530548
COMP_01434,2022,2023,10,Lazio,SRL,1410948375.43,350486609.15,-75.15950156268575,-62.146065685502045,-65.65797856416995,13.013435877183703,9.501522998515796
COMP_01435,2022,2023,41,Lazio,SAS,113890625.45,282334969.07,147.90009533659997,195.38816044548597,172.3210203584323,47.48806510888599,24.420925021832318
COMP_01436,2022,2023,43,Lombardia,SRL,410684243.55,1678652677.49,308.74533266227616,115.2850955816575,121.01246827969712,193.46023708061864,187.73286438257904
COMP_01437,2022,2023,62,Puglia,SRL,147004369.22,276803219.04,88.29591290973741,310.4688442586539,248.5142846971387,222.1729313489165,160.21837178740128
COMP_01438,2022,2023,82,Lombardia,SRL,1142602494.86,42271120.67,-96.30045261933553,-48.685102179270146,-51.22666900556198,47.615350440065384,45.07378361377355
COMP_01439,2022,2023,41,Toscana,SRL,7347394515.22,1312932493.8,-82.13063840412703,-89.26037164895106,-91.58331542025769,7.129733244824038,9.452677016130664
COMP_01440,2022,2023,68,Sicilia,SRL,751009570.46,87303276.54,-88.375211185854,-67.3954081084066,-63.20769501836019,20.9798030774474,25.167516167493808
COMP_01442,2022,2023,41,Toscana,SRL,614350787.89,213851585.22,-65.1906387302802,33.59052165550482,26.181723202959226,98.78116038578503,91.37236193323943
COMP_01443,2022,2023,45,Piemonte,SRL,1106657989.79,8793699451.07,694.6176264212123,-45.70836079515783,-34.40549627762005,740.3259872163701,729.0231226988324
COMP_01444,2022,2023,45,Emilia-Romagna,SRL,49074144.84,110750698.28,125.68034275704353,1164.7792399767948,1100.9600549119782,1039.0988972197513,975.2797121549347
COMP_01445,2022,2023,77,Lombardia,SPA,22106409317.54,13477825337.88,-39.0320465694706,-85.90257276874286,-81.31271237636767,46.870526199272255,42.28066580689707
COMP_01447,2022,2023,62,Veneto,SRL,1878850669.47,603138826.61,-67.89852240997217,-58.12180630340127,-48.831717154808246,9.776716106570902,19.066805255163928
COMP_01448,2022,2023,43,Sardegna,SRL,803092210.57,7285935943.7,807.235289771863,-2.5207930246477157,-2.4846890003887103,809.7560827965107,809.7199787722517
COMP_01449,2022,2023,56,Toscana,SRL,1413922112.82,302273492.65,-78.6216305757373,-18.522177177571116,-43.95905746386772,60.09945339816618,34.66257311186958
COMP_01450,2022,2023,45,Piemonte,SRL,3758968811.77,147957889.47,-96.06387025594047,-84.43002041392744,-87.69034816958573,11.633849842013035,8.37352208635474
COMP_01451,2022,2023,46,Emilia-Romagna,SRL,442319384.34,750466587.61,69.66622177994688,170.96830908169338,142.90557320218977,101.3020873017465,73.23935142224289
COMP_01452,2022,2023,62,Emilia-Romagna,SRL,124418796.22,1453025851.92,1067.8507557256287,453.3627556487816,415.31253397556907,614.4880000768471,652.5382217500596
COMP_01453,2022,2023,62,Liguria,SRL,178819080.4,408765582.93,128.59170398127156,261.13932946837866,202.52666654925176,132.5476254871071,73.9349625679802
COMP_01454,2022,2023,68,Lazio,SAS,18935634.73,121450433.95,541.3855974818965,368.62358047418235,470.1618091326958,172.76201700771418,71.22378834920073
COMP_01455,2022,2023,10,Friuli-Venezia Giulia,SAPA,1122354386.84,713131673.33,-36.46109627300255,-78.13016850329885,-75.0163611196227,41.669072230296294,38.55526484662015
COMP_01456,2022,2023,47,Toscana,SRL,7573637737.11,804084874.37,-89.38310885362166,-85.43512495458316,-85.35781494092845,3.9479838990385048,4.025293912693215
COMP_01457,2022,2023,25,Toscana,SRL,527470183.45,286061135.93,-45.76733531003154,45.51079635644702,44.208394694769794,91.27813166647856,89.97573000480133
COMP_01458,2022,2023,45,Lombardia,SRL,288792649.06,157774812.04,-45.36744181212852,96.2969110771119,101.54039237914292,141.66435288924043,146.90783419127143
COMP_01459,2022,2023,46,Toscana,SRL,564221596.98,2728651122.4,383.6133776170788,94.118547528758,109.42249215418302,289.4948300883208,274.1908854628958
COMP_01460,2022,2023,45,Campania,SRL,2040290081.39,382861609.67,-81.23494236617738,-71.7595273854015,-69.61664914434283,9.47541498077588,11.618293221834548
COMP_01461,2022,2023,46,Toscana,SRL,27188168916.17,1124584493.42,-95.86369903435771,-96.12293822908342,-94.95401076772585,0.25923919472570844,0.9096882666318606
COMP_01462,2022,2023,82,Lazio,SAS,890436368.48,377662078.08,-57.586853878769595,-76.85770071979837,-62.85340185196753,19.270846841028778,5.266547973197937
COMP_01463,2022,2023,25,Toscana,SRL,59335861.02,5997785073.87,10008.195905084045,1287.9087829747427,1115.1126098335428,8720.287122109303,8893.083295250502
COMP_01464,2022,2023,47,Lombardia,SRL,708365186.71,111043307.57,-84.32400269616012,53.00109921758819,55.30864086134723,137.3251019137483,139.63264355750735
COMP_01465,2022,2023,45,Lazio,SRL,12319616896.18,3414603730.84,-72.28319874217208,-95.68961266785303,-96.0056502014564,23.40641392568095,23.72245145928433
COMP_01466,2022,2023,25,Sicilia,SPA,1975181073.44,6741962108.57,241.33387562427956,141.33809323083534,100.18332194008164,99.99578239344422,141.15055368419792
COMP_01467,2022,2023,25,Campania,SRL,192746828.96,1010590230.35,424.30965313557704,312.29331499004246,237.86698037905754,112.01633814553458,186.4426727565195
COMP_01468,2022,2023,71,Emilia-Romagna,SRL,389718270.61,345876265.71,-11.249666286206462,39.04593457644882,49.27052446034566,50.295600862655284,60.520190746552124
COMP_01470,2022,2023,71,Liguria,SPA,6834130213.85,1919530303.54,-71.91258809131419,-54.82695068619765,-59.57608442324685,17.085637405116543,12.336503668067344
COMP_01471,2022,2023,82,Puglia,SRL,64743833.25,505250891.19,680.3845800094019,717.3269680951066,938.7545449951999,36.94238808570469,258.369964985798
COMP_01472,2022,2023,41,Emilia-Romagna,SAS,11393128.22,47094492.26,313.3587488055146,2811.3618352038557,3543.774509842413,2498.003086398341,3230.4157610368984
COMP_01473,2022,2023,43,Campania,SRL,2094569901.25,600460222.63,-71.3325288274382,-61.62642144624754,-61.2771450119647,9.706107381190655,10.055383815473498
COMP_01474,2022,2023,47,Lombardia,SRL,2387582181.07,1065545196.82,-55.371370867641765,-52.394272962652614,-53.25783878558626,2.977097904989151,2.1135320820555066
COMP_01475,2022,2023,46,Toscana,SRL,547211703.39,606026530.19,10.748093733310107,102.3591193197326,135.3038550661591,91.6110255864225,124.55576133284899
COMP_01476,2022,2023,45,Veneto,SRL,1399581523.74,76119869.65,-94.56124074526288,-60.603405298965335,-69.1023662484713,33.957835446297544,25.45887449679158
COMP_01477,2022,2023,43,Veneto,SRL,543380966.37,28194855.54,-94.81121767507743,62.423095307695526,78.3615372795317,157.23431298277296,173.17275495460913
COMP_01478,2022,2023,47,Veneto,SAS,381105854.21,238925462.34,-37.307322965355084,-1.994882204694626,-15.92436094796152,35.31244076066046,21.382962017393567
COMP_01479,2022,2023,46,Piemonte,SRL,3367379929.84,8197978261.24,143.4527268097581,-69.1078625034362,-76.51366144218866,212.5605893131943,219.96638825194677
COMP_01481,2022,2023,46,Lazio,SRL,2611185680.98,1904390508.84,-27.06797824790208,-56.30699444769514,-56.414506931480666,29.23901619979306,29.346528683578587
COMP_01482,2022,2023,46,Sicilia,SRL,1479822453.26,439578288.11,-70.29520080996045,-20.92053017697034,-20.509956323248094,49.37467063299011,49.78524448671236
COMP_01483,2022,2023,46,Lazio,SRL,619716160.98,11210660606.95,1708.9992342981354,71.76454112498938,73.43033619409135,1637.234693173146,1635.5688981040441
COMP_01484,2022,2023,41,Lombardia,SRL,486950990.75,194181964.09,-60.122893724700766,85.30717153235933,105.73624877577544,145.4300652570601,165.8591425004762
COMP_01485,2022,2023,56,Campania,SRL,3479363906.88,4633807039.69,33.17971800900833,-65.62582681425765,-64.16989299828336,98.80554482326599,97.34961100729168
COMP_01486,2022,2023,10,Campania,SRL,5286896313.46,1026107584.04,-80.59149407890571,-89.43187716100606,-89.13771954146445,8.840383082100345,8.546225462558738
COMP_01487,2022,2023,43,Toscana,SNC,882435093.43,40845758.92,-95.37124495341253,-67.36476996160584,-64.03479175928638,28.006474991806684,31.33645319412615
COMP_01488,2022,2023,62,Campania,SRL,4118055133.91,637047151.12,-84.53038800101886,-84.26504461015229,-86.23621997037215,0.2653433908665761,1.7058319693532837
COMP_01489,2022,2023,46,Piemonte,SPA,2883455034.65,1131466661.46,-60.76003794533457,96.49392648515334,69.6052758427048,157.2539644304879,130.36531378803937
COMP_01490,2022,2023,41,Lombardia,SRL,1176318193.15,2579052532.72,119.24786573381917,-13.138210416479334,-19.751601103155,132.3860761502985,138.99946683697416
COMP_01491,2022,2023,47,Campania,SRL,1922129065.4,315993238.22,-83.56024868942706,-39.915949742702566,-43.18943067588585,43.64429894672449,40.370818013541204
COMP_01492,2022,2023,46,Lombardia,SRL,1279462646.98,1912005771.26,49.43818608327748,-19.92941718691868,-15.699986697307306,69.36760327019616,65.13817278058478
COMP_01493,2022,2023,62,Lazio,SRL,2133781696.84,803764320.61,-62.33146428239001,-69.9985510714781,-68.5711347587222,7.667086789088096,6.239670476332186
COMP_01494,2022,2023,56,Emilia-Romagna,SAS,174149563.03,107819614.52,-38.08792129933374,136.92870107806323,108.88772946392494,175.01662237739697,146.97565076325867
COMP_01495,2022,2023,47,Toscana,SRL,2456186738.42,371293180.98,-84.88334884428033,-52.484706569382155,-53.503575914784946,32.39864227489818,31.379772929495388
COMP_01496,2022,2023,46,Emilia-Romagna,SRL,518890686.67,2376910205.17,358.07532612001734,132.30616756940802,130.1597834720449,225.76915855060932,227.91554264797244
COMP_01497,2022,2023,25,Piemonte,SAS,518100319.58,640613024.98,23.646521874241543,-45.92480147870918,-39.99608698894936,69.57132335295071,63.6426088631909
COMP_01498,2022,2023,41,Campania,SRL,245035117.23,1029886869.0,320.301743130682,234.97006630804003,267.1285904048417,85.33167682264195,53.17315272584028
COMP_01499,2022,2023,45,Emilia-Romagna,SRL,2073565544.69,1062869397.66,-48.741943538664465,-71.37556694176014,-70.98837187050087,22.633623403095676,22.246428331836405
COMP_01500,2022,2023,47,Sicilia,SRL,1643865706.1,1025423463.08,-37.62121447786798,-27.96103417997437,-55.27758200783725,9.66018029789361,17.656367529969273
COMP_01501,2022,2023,46,Piemonte,SPA,4173596074.24,3347002044.66,-19.805319318796812,63.251226262336516,43.55465887859667,83.05654558113332,63.35997819739348
COMP_01502,2022,2023,41,Lazio,SRL,278643212.39,268948678.85,-3.4791924256281943,216.50220139771162,238.07638724766298,219.9813938233398,241.55557967329116
COMP_01503,2022,2023,10,Lombardia,SRL,332441061.59,3925456873.37,1080.797839651731,79.72154921054964,111.06731163137644,1001.0762904411814,969.7305280203545
COMP_01504,2022,2023,46,Campania,SRL,3346377555.61,526326259.86,-84.2717609978693,-65.98844761168846,-59.82845389597336,18.283313386180836,24.443307101895932
COMP_01505,2022,2023,41,Campania,SNC,28433254.57,1115670045.4,3823.821111133533,1123.2888985840007,1186.8177064177505,2700.5322125495322,2637.0034047157824
COMP_01506,2022,2023,56,Liguria,SRL,481776067.03,437416011.41,-9.207608815744196,174.41488659575248,192.00168723257693,183.6224954114967,201.20929604832114
COMP_01507,2022,2023,10,Sicilia,SRL,361843812.45,138305713.24,-61.77751049450064,68.57264813184219,39.572273481385636,130.35015862634282,101.34978397588628
COMP_01508,2022,2023,46,Emilia-Romagna,SRL,3721626238.41,2327153566.07,-37.469444350643975,-68.96537576705883,-75.80434718261338,31.495931416414855,38.33490283196941
COMP_01509,2022,2023,71,Veneto,SNC,341529944.46,323130965.32,-5.387222830223859,-42.189069503432144,-25.527187071640768,36.80184667320829,20.13996424141691
COMP_01510,2022,2023,41,Veneto,SPA,3670493034.18,1885965717.38,-48.61819107630234,15.481347014408398,20.559830733577854,64.09953809071074,69.17802180988019
COMP_01511,2022,2023,46,Puglia,SAPA,196629647.23,98034477.29,-50.14257581649021,153.67716752695185,188.4957162057771,203.81974334344204,238.6382920222673
COMP_01512,2022,2023,25,Sardegna,SRL,977686443.71,2910147839.93,197.6565604087688,-10.680937168041702,-6.1814330449486246,208.3374975768105,203.83799345371742
COMP_01513,2022,2023,47,Lazio,SRL,13287684529.8,5144298560.9,-61.285214520535966,-92.94785463885704,-90.62873470453437,31.66264011832107,29.3435201839984
COMP_01514,2022,2023,46,Lombardia,SRL,4675263790.22,702921892.88,-84.9650859412379,-71.83413360539858,-75.82586168740059,13.130952335839325,9.139224253837313
COMP_01515,2022,2023,45,Lazio,SPA,17199575132.46,2903743469.61,-83.11735349712276,-81.59442877403171,-79.83398911065407,1.5229247230910516,3.2833643864686906
COMP_01516,2022,2023,46,Toscana,SRL,781590413.23,233867395.32,-70.07801127530215,40.87587839456627,32.533009206209414,110.95388966986842,102.61102048151156
COMP_01517,2022,2023,68,Emilia-Romagna,SRL,55106269.33,123622378.67,124.3345088917127,357.1367639353915,375.99096403177793,232.80225504367883,251.65645514006525
COMP_01518,2022,2023,41,Lombardia,SPA,1507091744.6,7033371821.12,366.6850472986129,225.76272283816752,179.43764665059226,140.9223244604454,187.24740064802066
COMP_01519,2022,2023,10,Friuli-Venezia Giulia,SRL,2122375055.14,379607692.66,-82.11401459225313,-74.29409545686043,-75.11589069619208,7.819919135392695,6.9981238960610455
COMP_01520,2022,2023,68,Lazio,SRL,454644600.12,542882857.64,19.408183336326914,-48.09633287669643,-44.007354705396224,67.50451621302335,63.41553804172314
COMP_01521,2022,2023,46,Friuli-Venezia Giulia,SRL,7142850656.53,1413293369.33,-80.21387486188073,-84.80055301265078,-89.46589668849843,4.586678150770055,9.252021826617707
COMP_01522,2022,2023,68,Campania,SRL,1114688520.15,55008969.9,-95.0650815088149,-77.65607508049085,-75.80354710433244,17.409006428324048,19.26153440448246
COMP_01523,2022,2023,47,Lazio,SPA,154088519075.72,14204340897.13,-90.78170068585713,-95.77471518974136,-96.41322927176314,4.9930145038842255,5.631528585906011
COMP_01524,2022,2023,62,Piemonte,SRL,251209981.59,316838280.65,26.124877142466403,121.30112716930427,114.21685254375531,95.17625002683786,88.0919754012889
COMP_01525,2022,2023,45,Lombardia,SRL,139682701.5,1268762565.63,808.3176026846819,303.77733024256054,333.6122499858195,504.54027244212136,474.7053526988624
COMP_01526,2022,2023,56,Lombardia,SRL,245322212.34,577259879.56,135.30681304958915,373.06984661651285,345.81048402823416,237.7630335669237,210.503670978645
COMP_01527,2022,2023,71,Lombardia,SRL,161003707.29,172727131.06,7.281462003159822,268.05918075025716,248.4865271216527,260.7777187470973,241.20506511849288
COMP_01528,2022,2023,46,Veneto,SRL,589793934.59,1483890647.46,151.59476224378918,69.60106086769223,116.86545074546841,81.99370137609695,34.72931149832077
COMP_01529,2022,2023,41,Sicilia,SRL,2776027700.12,396338648.58,-85.72281362455904,-67.95033749122273,-64.0735592235626,17.772476133336312,21.64925440099644
COMP_01530,2022,2023,41,Lombardia,SRL,2318053949.95,2538211790.73,9.497528769110357,-63.95762274632282,-68.2479806613552,73.45515151543317,77.74550943046556
COMP_01531,2022,2023,41,Emilia-Romagna,SRL,1352446482.74,39568478.63,-97.07430355766566,-37.93718869890383,-33.92929074293359,59.13711485876183,63.14501281473207
COMP_01532,2022,2023,41,Puglia,SRL,6479044971.91,1558627299.87,-75.9435641112625,-86.91803260102422,-88.6328389128133,10.974468489761719,12.689274801550795
COMP_01533,2022,2023,43,Lombardia,SRL,1810133710.53,1390220671.28,-23.1979017244561,-53.876769272826024,-52.24408995066468,30.678867548369926,29.04618822620858
COMP_01535,2022,2023,46,Lazio,SPA,3123702658.24,20532597693.31,557.3160105091041,108.31899604783005,120.72207862994458,448.99701446127403,436.5939318791595
COMP_01536,2022,2023,45,Lombardia,SPA,1571425236.15,3028096040.84,92.69742977138708,96.66006355399523,116.34125532524368,3.962633782608151,23.6438255538566
COMP_01537,2022,2023,47,Toscana,SRL,479925504.37,1949739873.21,306.2588579803507,138.0448282121534,117.18648592734259,168.2140297681973,189.0723720530081
COMP_01538,2022,2023,25,Lombardia,SRL,176915103.67,622253642.1,251.72443120554067,330.8212100925292,329.0353112581306,79.09677888698855,77.31088005258994
COMP_01539,2022,2023,25,Sicilia,SRL,751302676.4,934267711.06,24.353039115567825,4.58974082575631,7.9663607471968,19.763298289811516,16.386678368371022
COMP_01540,2022,2023,41,Puglia,SRL,2323333021.52,566841567.06,-75.60222482917435,-64.332598236862,-68.49962693879884,11.269626592312349,7.102597890375506
COMP_01541,2022,2023,46,Lazio,SRL,407790391.74,151576377.59,-62.82983104549397,177.5160918683269,201.8865178830748,240.34592291382086,264.7163489285688
COMP_01542,2022,2023,41,Liguria,SRL,1548041591.81,2447887257.51,58.12800317902851,-47.70004646750547,-46.65222417650678,105.82804964653398,104.78022735553529
COMP_01543,2022,2023,41,Lombardia,SAPA,189015795.75,91946949.28,-51.35488602147686,75.52955030214957,87.29292126563449,126.88443632362643,138.64780728711133
COMP_01544,2022,2023,45,Sicilia,SRL,1795305916.8,2236850203.84,24.594375972815836,-67.90785851350793,-61.19176580249017,92.50223448632377,85.786141775306
COMP_01545,2022,2023,62,Piemonte,SRL,846133461.83,119122803.09,-85.9215113851704,-22.34851417826612,-16.931465183253973,63.57299720690428,68.99004620191643
COMP_01546,2022,2023,10,Veneto,SPA,322476411.47,1124197461.85,248.61385883245725,784.0577943692264,1223.2913534195052,535.4439355367691,974.6774945870479
COMP_01548,2022,2023,47,Lazio,SPA,1212660429.32,20250454075.94,1569.9195905399054,408.5873097194492,400.2616141377036,1161.3322808204562,1169.6579764022017
COMP_01549,2022,2023,62,Emilia-Romagna,SPA,930551339.58,1179103506.37,26.710204608612212,250.31471374694,292.10167665570793,223.60450913832778,265.3914720470957
COMP_01550,2022,2023,71,Sardegna,SNC,36540872.66,756442668.72,1970.1275411740537,495.97048192950393,440.1615175892749,1474.1570592445498,1529.9660235847787
COMP_01551,2022,2023,10,Emilia-Romagna,SRL,233630425.94,2354059026.83,907.5995099347889,161.08342396555423,186.13569722255735,746.5160859692346,721.4638127122315
COMP_01552,2022,2023,25,Veneto,SRL,112929786.4,1537227194.52,1261.2238573400862,645.8725914123487,661.5923946308048,615.3512659277375,599.6314627092813
COMP_01553,2022,2023,68,Emilia-Romagna,SRL,100388162.95,153056440.76,52.46462955620804,142.95907813627045,109.27516665614125,90.49444858006241,56.810537099933214
COMP_01554,2022,2023,46,Lombardia,SRL,2554343285.02,655143996.87,-74.35176388733238,-54.30940379579126,-58.43249716060884,20.04236009154112,15.919266726723542
COMP_01555,2022,2023,46,Lombardia,SRL,477514008.62,190406091.01,-60.12554865976237,138.17383838631812,126.45480298749996,198.29938704608048,186.58035164726232
COMP_01556,2022,2023,47,Emilia-Romagna,SRL,1723455995.89,5252369773.16,204.7579854481665,-32.23980310657171,-29.019909144369397,236.9977885547382,233.7778945925359
COMP_01557,2022,2023,47,Campania,SRL,1728453486.0,326525297.27,-81.10881780072386,-33.44922982477833,-19.119258320909168,47.65958797594553,61.98955947981469
COMP_01558,2022,2023,71,Veneto,SRL,347103747.12,324782759.99,-6.430638480627876,68.74774777092519,84.99715611688843,75.17838625155306,91.42779459751631
COMP_01559,2022,2023,82,Umbria,SPA,342793223.32,3910111481.42,1040.6618379295912,720.293862667099,924.0980451019914,320.3679752624922,116.56379282759985
COMP_01560,2022,2023,56,Campania,SPA,14741681518.58,14805057160.49,0.4299078217781532,-50.920161291829956,-48.119196592887405,51.35006911360811,48.54910441466556
COMP_01561,2022,2023,41,Lombardia,SRL,109491700.63,1187076085.79,984.1699224322294,710.3414838065931,563.5126978201673,273.8284386256363,420.6572246120621
COMP_01562,2022,2023,68,Veneto,SRL,1510673465.81,2189840737.42,44.957913604833266,-85.85789623205851,-84.13777815159631,130.8158098368918,129.09569175642957
COMP_01564,2022,2023,41,Veneto,SRL,3918946473.56,979819302.68,-74.99789013984861,-78.55927291478874,-81.81045083988506,3.561382774940128,6.812560700036457
COMP_01565,2022,2023,68,Campania,SAS,45787773.04,112397177.86,145.4742181101717,83.08890867259176,130.46410239479943,62.38530943757995,15.01011571537228
COMP_01566,2022,2023,41,Toscana,SAS,893335624.35,99208162.54,-88.89463715138587,-65.20079569485372,-70.29344868791351,23.69384145653214,18.601188463472354
COMP_01567,2022,2023,41,Lazio,SRL,197104626.68,4031287374.49,1945.2525353627584,288.0499600102908,216.70481493156416,1657.2025753524676,1728.5477204311942
COMP_01568,2022,2023,25,Emilia-Romagna,SPA,310252264.96,33056103416.92,10554.588910473172,1085.7577410531717,1242.451527669334,9468.83116942,9312.137382803838
COMP_01569,2022,2023,62,Piemonte,SRL,674894624.19,1022322050.44,51.478766283992556,-3.945168117822339,-4.85539230847792,55.4239344018149,56.33415859247047
COMP_01570,2022,2023,46,Liguria,SRL,252546177.52,7272459235.21,2779.655240330877,378.8492538506211,388.4435677014627,2400.805986480256,2391.2116726294144
COMP_01571,2022,2023,47,Lombardia,SRL,3789234889.37,5878888773.66,55.14711928131293,-69.57094299063168,-65.65760384579671,124.7180622719446,120.80472312710964
COMP_01572,2022,2023,41,Puglia,SRL,764710355.02,550067034.44,-28.06857775247286,16.082062762666887,4.05746371060397,44.15064051513974,32.12604146307683
COMP_01573,2022,2023,56,Emilia-Romagna,SPA,1861187031.9,2114297746.79,13.599423945674648,225.56459214266567,200.85093738299247,211.96516819699102,187.2515134373178
COMP_01574,2022,2023,56,Lombardia,SRL,2746461962.73,763771184.65,-72.1907241019713,-55.04004471051346,-54.62643238060214,17.150679391457835,17.56429172136916
COMP_01575,2022,2023,43,Lazio,SRL,1389417374.6,770974765.01,-44.51093104892572,-41.15876254754985,-42.7791255908959,3.3521685013758713,1.7318054580298181
COMP_01576,2022,2023,45,Lazio,SRL,13424393440.06,515897542.86,-96.15701413130147,-95.81689406691007,-94.49631607160086,0.3401200643913995,1.6606980597006071
COMP_01577,2022,2023,41,Toscana,SPA,2453346407.67,1920306667.61,-21.727047529592053,96.687815931189,81.8021792592323,118.41486346078105,103.52922678882436
COMP_01578,2022,2023,77,Emilia-Romagna,SAS,198102821.9,115404679.31,-41.74506036655301,-4.9120276273926295,-0.5548023578227503,36.83303273916038,41.19025800873026
COMP_01579,2022,2023,47,Sicilia,SPA,20899433579.47,1613144636.35,-92.28139542530651,-69.20427405382567,-80.86356718102346,23.077121371480843,11.417828244283058
COMP_01580,2022,2023,71,Lombardia,SRL,697782538.9,316085265.06,-54.701465365085824,-16.89424416582697,-11.280541623070455,37.807221199258855,43.42092374201537
COMP_01581,2022,2023,43,Campania,SRL,223651694.4,1504175440.04,572.5526690398282,247.69737001962682,243.62082078081286,324.85529902020136,328.9318482590153
COMP_01582,2022,2023,62,Emilia-Romagna,SRL,75814863.83,3990233663.64,5163.12844482227,675.5389928668891,722.8344251918826,4487.58945195538,4440.294019630387
COMP_01583,2022,2023,56,Piemonte,SRL,7776631439.43,12574181753.89,61.691882299254786,-85.38943182350239,-84.57091930899271,147.0813141227572,146.2628016082475
COMP_01584,2022,2023,47,Lombardia,SRL,1223949431.3,3527799164.79,188.2307940649966,10.473003533546178,3.9315814603280437,177.7577905314504,184.29921260466855
COMP_01586,2022,2023,45,Toscana,SRL,496921660.64,367227582.16,-26.099501944222588,20.522727275530098,13.700812842956383,46.62222921975268,39.80031478717897
COMP_01587,2022,2023,25,Campania,SPA,1780877700.32,3010883765.95,69.06740790841415,123.36289841342489,153.7841739788253,54.29549050501073,84.71676607041114
COMP_01588,2022,2023,47,Campania,SRL,328058823.02,7168337351.68,2085.0768364315522,260.8742550644022,323.5027852876334,1824.20258136715,1761.574051143919
COMP_01589,2022,2023,56,Puglia,SRL,1181364249.79,235327605.74,-80.08001293573663,6.407831988052324,26.442511748457886,86.48784492378896,106.52252468419452
COMP_01590,2022,2023,46,Toscana,SRL,214347086.59,4388671488.97,1947.4602938572182,488.1242888827337,410.68903765127413,1459.3360049744845,1536.7712562059442
COMP_01591,2022,2023,41,Lombardia,SPA,2041602560.67,2280496601.67,11.701300027837018,103.4835167258614,85.77816372098803,91.78221669802438,74.07686369315101
COMP_01592,2022,2023,46,Lazio,SPA,959806559.4,80772837315.26,8315.532955489824,540.0350582991017,416.8529166666453,7775.497897190722,7898.680038823179
COMP_01593,2022,2023,43,Lazio,SAS,236187318.35,218379741.72,-7.539598973561908,20.671941362862288,23.84323563744819,28.211540336424196,31.382834611010097
COMP_01594,2022,2023,45,Puglia,SRL,93434070.49,2512291528.75,2588.8387882222087,543.8905653956118,566.6645489616221,2044.948222826597,2022.1742392605865
COMP_01595,2022,2023,47,Liguria,SAPA,541060863.31,653118432.52,20.71071422990667,-19.35667249419724,-6.407277352841408,40.06738672410391,27.11799158274808
COMP_01596,2022,2023,56,Lombardia,SRL,914329172.46,1225897658.77,34.07618346811858,30.389628740876176,3.2952779682760425,3.6865547272424024,30.780905499842536
COMP_01597,2022,2023,41,Lazio,SRL,1552715187.9,2727841198.36,75.68200656614444,-35.5124401711912,-40.88287265099802,111.19444673733564,116.56487921714245
COMP_01599,2022,2023,41,Emilia-Romagna,SRL,1176918019.21,1070689090.58,-9.026026188409078,-26.80610502020804,-19.62653396759366,17.78007883179896,10.60050777918458
COMP_01600,2022,2023,41,Lombardia,SRL,716151678.77,307670041.63,-57.03842485457447,21.515638679255538,64.23995301375747,78.55406353383,121.27837786833194
COMP_01601,2022,2023,62,Lombardia,SRL,640660573.4,375672501.36,-41.36169495083838,2.1533788249315595,-12.419402654483617,43.515073775769935,28.942292296354758
COMP_01602,2022,2023,71,Lombardia,SRL,538087246.06,213143478.18,-60.38867679160096,2.905703830599927,16.931579994361165,63.29438062220088,77.32025678596213
COMP_01603,2022,2023,43,Campania,SAS,571243742.92,106572363.31,-81.34380207558353,-44.88021388803851,-36.46336052450457,36.463588187545014,44.88044155107895
COMP_01604,2022,2023,56,Lazio,SRL,841058229.14,932467406.16,10.868352969266803,34.556522025934214,46.50433959034763,23.688169056667412,35.635986621080825
COMP_01605,2022,2023,68,Sicilia,SRL,452952969.29,403967993.15,-10.814583292562048,-46.96584576826146,-48.3053948534648,36.15126247569941,37.49081156090275
COMP_01606,2022,2023,62,Lazio,SRL,136623216.2,184185115.95,34.81245799423657,402.16812661136885,306.57492110176895,367.35566861713227,271.76246310753237
COMP_01607,2022,2023,41,Veneto,SRL,394246456.04,5762989444.0,1361.77330340169,80.37282990403956,63.41789949611555,1281.4004734976506,1298.3554039055746
COMP_01608,2022,2023,77,Lombardia,SRL,585181799.57,1154190961.65,97.23630545210328,-10.203989391852565,-0.8631262310726894,107.44029484395584,98.09943168317596
COMP_01609,2022,2023,43,Sicilia,SRL,487939519.8,6940398335.22,1322.3890571652769,72.18901180284932,83.29718050863727,1250.2000453624275,1239.0918766566397
COMP_01610,2022,2023,43,Emilia-Romagna,SRL,310215101.81,1055060026.7,240.1059524646229,156.6106909974433,132.79611668893793,83.4952614671796,107.30983577568497
COMP_01611,2022,2023,10,Toscana,SRL,154797277.91,1517570224.88,880.3597617280608,271.9394850780856,345.37320274183764,608.4202766499752,534.9865589862231
COMP_01612,2022,2023,46,Sicilia,SAS,73543720.54,171928629.3,133.77744291096752,493.47323131008096,417.91959058963994,359.69578839911344,284.1421476786724
COMP_01613,2022,2023,25,Lombardia,SRL,848305952.02,220859592.15,-73.9646301403302,-3.190949279286583,-2.977402277364479,70.77368086104362,70.98722786296572
COMP_01614,2022,2023,41,Lombardia,SRL,2093802006.57,1113273505.96,-46.8300487597808,-59.42914549312585,-60.46078494722967,12.59909673334505,13.630736187448868
COMP_01615,2022,2023,43,Toscana,SRL,494500044.71,312836443.83,-36.73682193224811,64.0250025088294,26.086757727356893,100.76182444107752,62.823579659605
COMP_01616,2022,2023,62,Lombardia,SRL,140946719.16,1867927382.07,1225.2719844791598,393.81874710453695,359.85405033045504,831.4532373746229,865.4179341487047
COMP_01617,2022,2023,68,Toscana,SPA,560218198.55,11892696432.92,2022.8686364887103,105.95925117028582,68.06934843352484,1916.9093853184245,1954.7992880551856
COMP_01618,2022,2023,43,Liguria,SNC,444203543.86,50900694.97,-88.54113262409216,-34.263578004768824,-27.25488834993859,54.27755461932333,61.28624427415357
COMP_01619,2022,2023,62,Puglia,SRL,297940226.09,8978444060.8,2913.5051512271607,129.0136106886659,149.46023746339444,2784.491540538495,2764.044913763766
COMP_01620,2022,2023,62,Piemonte,SAS,742873494.05,2773797023.82,273.38753449094077,-68.49850925085636,-68.65960430006241,341.88604374179715,342.0471387910032
COMP_01621,2022,2023,56,Lazio,SRL,408449041.51,179487937.26,-56.056222681671876,189.44267698724383,151.73348952037577,245.4988996689157,207.78971220204764
COMP_01622,2022,2023,25,Liguria,SRL,1125294230.5,561523490.08,-50.09985167785857,-31.03500436114392,-28.987195832677475,19.064847316714648,21.11265584518109
COMP_01623,2022,2023,47,Sardegna,SRL,5138747854.32,3840415690.49,-25.265535508587543,-79.57218724419218,-77.37585870708803,54.30665173560463,52.11032319850048
COMP_01624,2022,2023,71,Lombardia,SRL,853189852.21,79940808.66,-90.6303610558739,-37.49361395793005,-42.534465178677145,53.136747097943854,48.09589587719676
COMP_01625,2022,2023,47,Toscana,SRL,1464939306.24,2484380408.82,69.58930641273857,-23.967552740884262,-7.787533597303164,93.55685915362282,77.37684001004173
COMP_01626,2022,2023,43,Lombardia,SAS,375483710.85,926345593.68,146.70726503234673,-17.011482295082864,-8.994784258637939,163.71874732742958,155.70204929098466
COMP_01628,2022,2023,47,Lazio,SAS,100194514.65,1103949666.3,1001.8064912598486,267.3343682278661,140.9488635184665,734.4721230319825,860.8576277413821
COMP_01629,2022,2023,46,Piemonte,SPA,64184507315.53,5454922052.32,-91.50118575265572,-89.68600260488924,-92.2597376944318,1.8151831477664757,0.7585519417760906
COMP_01630,2022,2023,25,Veneto,SRL,426536674.24,1599924637.94,275.09661760990053,80.0376158797659,64.0588903129527,195.05900173013464,211.03772729694782
COMP_01631,2022,2023,43,Lombardia,SRL,5907444710.58,374925741.92,-93.65333472781349,-86.72997083940955,-87.3786337324504,6.923363888403941,6.274700995363091
COMP_01632,2022,2023,62,Toscana,SRL,14724251096.26,572292846.71,-96.11326346604233,-95.6644408949297,-95.53890479045225,0.448822571112629,0.5743586755900765
COMP_01633,2022,2023,68,Veneto,SAPA,39083084.5,436343705.91,1016.4515582438229,120.2237660027744,315.4511685686687,896.2277922410485,701.0003896751541
COMP_01634,2022,2023,25,Friuli-Venezia Giulia,SRL,409416828.1,199575377.99,-51.25374330210634,91.13980371976608,121.12750125379227,142.39354702187242,172.3812445558986
COMP_01635,2022,2023,77,Lombardia,SRL,152194431.19,786426883.41,416.72513722149415,235.03446701288914,303.20403862403555,181.690670208605,113.5210985974586
COMP_01636,2022,2023,43,Campania,SRL,1251160893.91,430733311.09,-65.57330770274348,-33.06308066656189,-40.28953900819948,32.51022703618159,25.283768694543994
COMP_01637,2022,2023,47,Lombardia,SRL,355669352.94,791599268.68,122.5660609036336,238.52348049397415,267.3960153074003,115.95741959034055,144.82995440376672
COMP_01638,2022,2023,56,Lombardia,SRL,2876758429.89,1447923549.3,-49.66822607502136,-56.64925002218429,-58.270424192644356,6.981023947162932,8.602198117622997
COMP_01639,2022,2023,62,Friuli-Venezia Giulia,SRL,186790645.6,1884349246.16,908.802791010858,267.2349448143409,316.7308861145941,641.567846196517,592.0719048962638
COMP_01640,2022,2023,71,Sicilia,SRL,3154210765.28,1242407342.15,-60.611150154396505,-82.67684026156499,-82.40551953961503,22.065690107168486,21.794369385218523
COMP_01641,2022,2023,43,Emilia-Romagna,SRL,885700571.7,973706239.46,9.936277628350547,-14.332729034900892,-11.5926156325646,24.26900666325144,21.528893260915147
COMP_01642,2022,2023,62,Sicilia,SRL,680589300.34,75301934.17,-88.93577460997673,-9.511733668105544,18.00007847066884,79.42404094187118,106.93585308064557
COMP_01643,2022,2023,25,Emilia-Romagna,SRL,154936018.27,7836964674.23,4958.194189922238,442.2561181133188,550.7214584706148,4515.93807180892,4407.472731451624
COMP_01644,2022,2023,47,Lazio,SRL,624407339.03,77935001.38,-87.51856416340816,79.89497098051424,75.5699837595025,167.4135351439224,163.08854792291066
COMP_01645,2022,2023,56,Veneto,SRL,1032273174.28,3477737504.37,236.90088932086087,15.432451807030022,8.468434118271675,221.46843751383085,228.43245520258918
COMP_01646,2022,2023,47,Lazio,SRL,251777596.02,6081826739.57,2315.5551707972013,342.5669034798487,450.1770194713826,1972.9882673173527,1865.3781513258186
COMP_01647,2022,2023,41,Veneto,SRL,303312147.07,606239409.59,99.87310612063581,200.61035678362504,242.7343333123341,100.73725066298923,142.86122719169828
COMP_01648,2022,2023,68,Veneto,SRL,149788563.4,21280437.91,-85.7930155500777,35.98706855649415,70.35344651547412,121.78008410657185,156.14646206555182
COMP_01649,2022,2023,25,Puglia,SRL,971958524.91,10896037863.64,1021.0393843347314,-18.460045053051704,-5.235919971112177,1039.499429387783,1026.2753043058435
COMP_01650,2022,2023,10,Lazio,SRL,2010188968.08,196513663.42,-90.22411989417607,-71.65869681487553,-70.3205763164673,18.565423079300544,19.903543577708774
COMP_01651,2022,2023,56,Lombardia,SRL,2387762022.0,1691280169.4,-29.168813566128485,-37.96671603759872,-55.45395313539925,8.797902471470238,26.28513956927077
COMP_01652,2022,2023,46,Lombardia,SRL,896709197.52,861367281.0,-3.941290734804995,22.09499607789949,16.527760734347304,26.036286812704486,20.469051469152298
COMP_01653,2022,2023,62,Campania,SPA,20316373885.57,2669920033.23,-86.85828461186989,-85.7065704203563,-79.52346026143594,1.151714191513591,7.334824350433948
COMP_01654,2022,2023,43,Lazio,SPA,917558911.99,1237948007.81,34.91755043010161,366.631908935989,360.10175844537395,331.7143585058874,325.18420801527236
COMP_01655,2022,2023,25,Friuli-Venezia Giulia,SPA,4381220413.0,1994510269.68,-54.475920367716036,8.835961498982575,19.126924357604977,63.31188186669861,73.602844725321
COMP_01656,2022,2023,62,Liguria,SPA,610149231.52,415917622.98,-31.833459505657554,412.87194829718885,400.5095982610132,444.7054078028464,432.34305776667077
COMP_01657,2022,2023,46,Lombardia,SRL,156238212.83,2532757713.74,1521.0872281903582,592.9092639326627,512.0791589274169,928.1779642576955,1009.0080692629414
COMP_01658,2022,2023,41,Campania,SRL,2984582449.86,71994025.46,-97.58780242564995,-71.94307521614259,-70.9825708958834,25.644727209507366,26.605231529766556
COMP_01659,2022,2023,56,Piemonte,SRL,678149258.34,7078529689.76,943.8011400450542,88.58347375615732,60.20567883937006,855.2176662888969,883.5954612056842
COMP_01660,2022,2023,46,Emilia-Romagna,SRL,5160129023.23,2523018809.83,-51.105509213591176,-78.50104486554234,-79.27486687397969,27.395535651951164,28.169357660388513
COMP_01661,2022,2023,47,Sicilia,SRL,2466163277.44,561391690.88,-77.23623184176384,-56.6807890504041,-55.98506435250929,20.555442791359738,21.25116748925455
COMP_01662,2022,2023,46,Umbria,SPA,73936581365.27,1678541112.5,-97.72975558038384,-92.08528815751801,-95.19033224870641,5.64446742286583,2.539423331677426
COMP_01663,2022,2023,62,Piemonte,SRL,55885896.56,875050098.62,1465.7798344176729,912.1256111950636,909.5630724377735,553.6542232226093,556.2167619798994
COMP_01664,2022,2023,62,Lombardia,SRL,469371877.18,2264454164.25,382.44351107162765,28.781878319419196,9.309566514556279,353.66163275220845,373.1339445570714
COMP_01665,2022,2023,47,Emilia-Romagna,SRL,1347220824.5,675671259.63,-49.847029726491584,-14.571812244217494,-1.5724181676991456,35.27521748227409,48.27461155879244
COMP_01666,2022,2023,25,Lombardia,SRL,3040278883.82,874152588.95,-71.24761831547312,-72.92384984067496,-77.86611151388419,1.6762315252018425,6.618493198411073
COMP_01667,2022,2023,62,Friuli-Venezia Giulia,SRL,159194051.37,373449185.58,134.58739969625282,257.8703946144058,343.59144738849096,123.28299491815301,209.00404769223815
COMP_01668,2022,2023,47,Lazio,SAS,274592044.98,738614175.19,168.98600622017187,58.46440230559338,64.72503170122035,110.52160391457849,104.26097451895153
COMP_01669,2022,2023,47,Veneto,SRL,2304028052.08,4038085759.32,75.26200497752407,-50.76162459195536,-53.11824176215991,126.02362956947943,128.38024673968397
COMP_01670,2022,2023,43,Campania,SPA,23216861540.35,4156853770.56,-82.09553964330816,-81.48761045532162,-77.79602715616389,0.6079291879865423,4.29951248714427
COMP_01671,2022,2023,68,Emilia-Romagna,SRL,27157182.62,123109894.38,353.32351335051703,847.6953555051938,852.2592193901594,494.37184215467676,498.93570603964235
COMP_01672,2022,2023,56,Emilia-Romagna,SAS,682092030.38,1061178768.41,55.57706601832118,-28.301431684672348,-34.84899612265543,83.87849770299353,90.42606214097661
COMP_01673,2022,2023,25,Veneto,SRL,1913576858.63,1804993499.92,-5.67436621216975,-62.22729072191158,-50.349409083222106,56.55292450974183,44.675042871052355
COMP_01674,2022,2023,45,Veneto,SRL,973392400.85,140674439.36,-85.5480236709103,-50.78892753856536,-41.359716183405354,34.759096132344936,44.18830748750494
COMP_01675,2022,2023,68,Lombardia,SRL,55513790.1,1603033423.63,2787.63102058492,310.2811053373449,336.52208650890816,2477.349915247575,2451.108934076012
COMP_01676,2022,2023,10,Lazio,SPA,2350985101.55,2719559889.13,15.67746164520563,47.01138640328448,15.236637784395862,31.33392475807885,0.4408238608097683
COMP_01677,2022,2023,77,Campania,SNC,1138156201.3,2042796518.01,79.48296689652277,-80.86243520976461,-80.28188740673185,160.3454021062874,159.76485430325462
COMP_01678,2022,2023,47,Lombardia,SRL,493073070.97,4315219794.56,775.1684179529144,133.56434040665746,104.02988009718433,641.6040775462569,671.1385378557301
COMP_01679,2022,2023,47,Toscana,SRL,420105792.29,1213530505.69,188.86307400691518,165.37426213475004,133.28271282905615,23.488811872165144,55.58036117785903
COMP_01680,2022,2023,41,Lombardia,SNC,1127878328.24,882405214.77,-21.76414843018121,-70.84539538827798,-66.43982937745037,49.08124695809677,44.67568094726916
COMP_01681,2022,2023,41,Sicilia,SRL,524805997.06,3690325310.5,603.1789520648508,58.360829264902826,38.16063456399788,544.818122799948,565.018317500853
COMP_01682,2022,2023,71,Toscana,SRL,194079336.51,306612705.51,57.98317895331515,191.09332800619228,243.7734403798415,133.11014905287715,185.79026142652634
COMP_01683,2022,2023,43,Veneto,SRL,7939884594.62,443549683.39,-94.41365075141589,-90.17491100095889,-90.5159712159827,4.238739750457,3.897679535433184
COMP_01684,2022,2023,56,Lazio,SRL,3609787857.5,1870676086.16,-48.17767248362461,-68.62184838727683,-67.85232088491587,20.444175903652216,19.674648401291257
COMP_01686,2022,2023,25,Friuli-Venezia Giulia,SPA,659567001.19,229568972.62,-65.1939875394299,553.5815566407761,506.40966012047255,618.775544180206,571.6036476599024
COMP_01687,2022,2023,10,Piemonte,SRL,968786485.19,1804004550.14,86.21281135917123,-41.74247813600473,-46.99340513018159,127.95528949517595,133.2062164893528
COMP_01688,2022,2023,46,Emilia-Romagna,SRL,464266461.37,908128061.73,95.60492460519602,139.48277813369396,104.86430777143312,43.87785352849794,9.2593831662371
COMP_01689,2022,2023,77,Veneto,SPA,1988845784.63,1215409539.25,-38.888698729544195,65.62233800132036,69.68662773072374,104.51103673086456,108.57532646026795
COMP_01690,2022,2023,43,Lombardia,SRL,909939828.91,553594299.73,-39.16143879610805,-9.539754106588603,-20.392262340329413,29.621684689519448,18.769176455778638
COMP_01691,2022,2023,43,Sicilia,SAS,872452276.94,741899014.14,-14.963943157773251,-63.602423084848425,-58.87166738145075,48.638479927075174,43.9077242236775
COMP_01692,2022,2023,43,Campania,SRL,2987018444.15,317827820.21,-89.35969676275492,-72.21221302152946,-72.22460974873101,17.147483741225457,17.13508701402391
COMP_01693,2022,2023,46,Lazio,SRL,5314632513.14,2096002322.94,-60.561669734308,-78.59954453602776,-79.92495258071934,18.037874801719767,19.363282846411337
COMP_01694,2022,2023,46,Campania,SNC,1157152905.11,3075529538.87,165.78419544110616,-60.94606867674228,-70.06381895649818,226.73026411784844,235.84801439760435
COMP_01695,2022,2023,68,Lazio,SRL,177568884.17,511831411.37,188.24386308582393,26.171002418164548,14.78104446231042,162.07286066765937,173.4628186235135
COMP_01696,2022,2023,46,Lazio,SRL,6429136131.96,248735379.64,-96.13112283618467,-83.64780036929822,-77.9579544477329,12.483322466886449,18.17316838845177
COMP_01697,2022,2023,46,Lazio,SRL,1131543166.47,3048439870.16,169.40553047304547,3.362302745483045,-6.52669986051866,166.04322772756242,175.93223033356412
COMP_01698,2022,2023,25,Sicilia,SRL,524292419.05,521466463.42,-0.539003717643015,42.74510979726926,30.95067901705053,43.28411351491227,31.489682734693545
COMP_01699,2022,2023,82,Sicilia,SRL,267060799.41,480605682.59,79.9611487915002,103.4932622063512,153.34470713777347,23.53211341485101,73.38355834627328
COMP_01700,2022,2023,41,Sicilia,SAPA,53600712.29,2454205212.55,4478.680222142996,594.7126764408512,1031.2644732503531,3883.967545702145,3447.415748892643
COMP_01701,2022,2023,10,Piemonte,SPA,26239501396.67,115643406.96,-99.55927742218961,-89.3608624104589,-91.89272179027367,10.198415011730702,7.666555631915941
COMP_01702,2022,2023,47,Lombardia,SRL,1432372583.02,1520731418.52,6.1687047453606745,-19.778999145406775,-36.55321083355106,25.94770389076745,42.721915578911734
COMP_01703,2022,2023,47,Sicilia,SRL,2332033485.12,1505894622.24,-35.425686129780814,-53.54125539390974,-51.65776794997906,18.11556926412893,16.232081820198246
COMP_01704,2022,2023,45,Piemonte,SRL,624530022.36,1919703531.68,207.38370661921817,-7.230225792576416,3.8415035975859264,214.6139324117946,203.54220302163225
COMP_01705,2022,2023,45,Lazio,SRL,1877773247.5,511987157.15,-72.73434596900124,-68.66661084657592,-58.143680572695,4.067735122425319,14.590665396306242
COMP_01706,2022,2023,62,Toscana,SRL,3141577232.65,103406847.06,-96.70844167110373,-81.11805125806636,-79.49079498384044,15.590390413037369,17.217646687263283
COMP_01707,2022,2023,41,Lombardia,SPA,279144882870.25,37418304254.54,-86.59538234418129,-98.33648223786436,-98.33923087448491,11.74109989368307,11.743848530303623
COMP_01708,2022,2023,62,Emilia-Romagna,SRL,14475601.67,3189044653.02,21930.480844393118,4291.369957545139,4184.738772060501,17639.11088684798,17745.742072332618
COMP_01709,2022,2023,47,Toscana,SPA,6427228547.04,6771760926.02,5.360512333712975,-0.5378545886180874,-0.6557594690655079,5.898366922331062,6.016271802778483
COMP_01710,2022,2023,45,Lombardia,SRL,209580570.48,308851257.95,47.36635998396296,205.5962399781997,184.66005020396554,158.22987999423674,137.2936902200026
COMP_01711,2022,2023,46,Lazio,SRL,1431561484.2,392928663.05,-72.55244239337856,-21.347118080692226,-0.02199158419244078,51.20532431268633,72.53045080918612
COMP_01712,2022,2023,41,Veneto,SRL,867639675.82,408800562.31,-52.883602063996726,-13.885143163673208,4.778577264736119,38.99845890032352,57.66217932873285
COMP_01713,2022,2023,56,Piemonte,SRL,973490026.46,18319125574.47,1781.7989991213044,33.81307622166899,19.670526346056924,1747.9859228996354,1762.1284727752475
COMP_01714,2022,2023,46,Lazio,SRL,1371851110.29,234750878.46,-82.88802066790068,-16.5486601653363,-5.727982153547588,66.33936050256438,77.16003851435309
COMP_01715,2022,2023,43,Lombardia,SNC,518535054.9,388137843.24,-25.1472316920111,-37.22407826712387,-13.714210822667846,12.076846575112771,11.433020869343254
COMP_01716,2022,2023,47,Lazio,SRL,920099717.0,2117706349.72,130.16052614653722,22.45593124612002,-17.514979364656696,107.7045949004172,147.67550551119393
COMP_01717,2022,2023,82,Toscana,SAS,359840404.62,262191761.54,-27.136653312492605,-45.18547800930868,-29.127671988401822,18.048824696816077,1.991018675909217
COMP_01718,2022,2023,45,Lombardia,SRL,547204111.46,245034567.82,-55.22062742434059,10.48999769890886,9.74473040437313,65.71062512324946,64.96535782871372
COMP_01719,2022,2023,71,Lombardia,SAPA,405807368.47,693812093.97,70.97079744654543,-40.73956609560435,-34.39876090685547,111.71036354214979,105.3695583534009
COMP_01720,2022,2023,43,Lazio,SRL,2324589651.83,416036711.08,-82.10278916313334,-66.71884572936472,-63.26801439857633,15.383943433768621,18.83477476455701
COMP_01721,2022,2023,10,Lazio,SNC,218124295.49,105416901.98,-51.671178241200145,-3.200080307670715,9.64447274102192,48.47109793352943,61.31565098222207
COMP_01722,2022,2023,41,Lombardia,SRL,684585502.88,239102356.58,-65.0734122218314,31.771123803310005,27.469156131696614,96.84453602514141,92.54256835352803
COMP_01724,2022,2023,41,Toscana,SAS,417088399.26,224392906.74,-46.20015633661381,-27.119088692308583,-32.085525725173646,19.081067644305225,14.114630611440163
COMP_01725,2022,2023,10,Lazio,SRL,638276904.77,798810990.99,25.151166370001704,-13.432031844175922,-34.26789293565518,38.58319821417763,59.41905930565689
COMP_01726,2022,2023,71,Sicilia,SRL,1139568053.88,266731635.65,-76.59361942081192,-55.782015193532395,-46.63618326442487,20.811604227279524,29.957436156387047
COMP_01727,2022,2023,62,Lombardia,SRL,1323104496.43,1630582855.78,23.23915912761523,-52.35903591043147,-54.16660425607698,75.5981950380467,77.4057633836922
COMP_01728,2022,2023,56,Veneto,SNC,600786398.46,734515141.56,22.25894984353636,-20.542671072711226,-33.11595427955529,42.801620916247586,55.37490412309165
COMP_01729,2022,2023,25,Emilia-Romagna,SRL,170683607.73,2057126429.12,1105.2278812703066,392.97458297025076,442.48739996312764,712.2532983000558,662.7404813071789
COMP_01730,2022,2023,25,Lombardia,SRL,1303114441.86,353294148.61,-72.88847876586144,-39.65476796389867,-20.25952202063355,33.233710801962765,52.62895674522788
COMP_01731,2022,2023,10,Emilia-Romagna,SRL,511939415.12,441802732.21,-13.70019202244074,3.659783475274152,0.5817054010786172,17.359975497714892,14.281897423519357
COMP_01732,2022,2023,56,Sicilia,SRL,555067546.51,7872053729.79,1318.2154549091763,133.82589695518868,176.21142112454,1184.3895579539876,1142.0040337846362
COMP_01733,2022,2023,71,Campania,SPA,18980692275.99,5154292578.73,-72.84454906183784,-86.7991179261911,-84.70430468063493,13.954568864353263,11.859755618797095
COMP_01734,2022,2023,45,Lazio,SRL,72236715.79,361263847.64,400.11111896370437,808.166727022759,808.3111632880451,408.05560805905463,408.20004432434075
COMP_01735,2022,2023,25,Emilia-Romagna,SRL,922851926.3,2359311685.1,155.6544140899411,-5.853893329830811,-10.246698415058052,161.5083074197719,165.90111250499916
COMP_01736,2022,2023,46,Piemonte,SAS,960507349.86,374891762.96,-60.96940195047515,-58.22291378680143,-44.346788428111665,2.7464881636737246,16.622613522363487
COMP_01737,2022,2023,43,Lombardia,SRL,1954565550.78,2184151497.71,11.746136978541355,-58.22443444699699,-55.27789498449833,69.97057142553834,67.02403196303969
COMP_01738,2022,2023,43,Campania,SRL,1164296343.16,1372216529.54,17.858012489817384,-30.371660383324162,-41.89682909216575,48.229672873141546,59.754841581983136
COMP_01739,2022,2023,47,Campania,SRL,5727002835.81,2120165368.2,-62.97949505205486,-80.20344779156997,-78.21909590379394,17.223952739515113,15.239600851739084
COMP_01740,2022,2023,56,Veneto,SRL,6503856156.97,6560513139.1,0.8711290773133477,-80.94368047147988,-83.6091540621229,81.81480954879322,84.48028313943624
COMP_01741,2022,2023,25,Puglia,SRL,6573086393.15,224181050.26,-96.58940964942093,-88.45538733849826,-88.4359367959663,8.134022310922674,8.15347285345463
COMP_01742,2022,2023,10,Veneto,SPA,9329099420.97,95529310613.16,923.9928454233075,-69.67195804612061,-71.83579115225972,993.6648034694281,995.8286365755672
COMP_01743,2022,2023,82,Lazio,SRL,182271528.17,2472943422.01,1256.7359898928094,213.56126874469498,175.26236080295303,1043.1747211481143,1081.4736290898563
COMP_01744,2022,2023,41,Campania,SRL,181637303.25,954556495.75,425.5288856805905,323.81019373330093,331.63912321754367,101.71869194728959,93.88976246304685
COMP_01745,2022,2023,10,Piemonte,SRL,3589428032.75,212922799.26,-94.06805771512093,-84.74814428633405,-81.9333311795713,9.319913428786876,12.134726535549632
COMP_01746,2022,2023,41,Lazio,SRL,1051771736.6,950815376.04,-9.598694949377103,-18.711353403200654,-3.9880050460592926,9.11265845382355,5.610689903317811
COMP_01747,2022,2023,10,Lombardia,SPA,2905415337.91,12003386693.96,313.1384087272903,-0.1750907647118592,0.26192473831225016,313.31349949200217,312.87648398897807
COMP_01748,2022,2023,45,Veneto,SRL,1228839101.18,163212276.77,-86.7181735498753,-49.57835760922774,-59.42540072072681,37.139815940647566,27.29277282914849
COMP_01749,2022,2023,62,Lazio,SRL,3760398603.78,400622059.72,-89.34628740375318,-82.40591590781256,-79.7711844357548,6.940371495940624,9.575102967998376
COMP_01750,2022,2023,43,Sicilia,SRL,294767668.93,469244776.95,59.19139933268393,159.5194771185774,150.1816554538095,100.32807778589348,90.99025612112557
COMP_01751,2022,2023,46,Lombardia,SRL,388714746.56,1167297812.46,200.29676589072292,169.47071866716297,319.23548516154256,30.826047223559954,118.93871927081963
COMP_01752,2022,2023,47,Lazio,SRL,165936901.69,1358039958.14,718.4074454258903,564.5122336961869,403.94993339047653,153.89521172970342,314.45751203541374
COMP_01753,2022,2023,46,Lombardia,SRL,340135235.55,6904442882.49,1929.9110944285112,235.6530302321422,251.95542167898026,1694.258064196369,1677.955672749531
COMP_01754,2022,2023,68,Sicilia,SRL,114547779.42,55724525.95,-51.35259170264586,126.44510094769522,89.36080849129196,177.79769265034108,140.71340019393782
COMP_01755,2022,2023,68,Veneto,SPA,300101942.29,948215054.87,215.96431786959357,248.94205520566103,171.03320158771297,32.97773733606746,44.931116281880605
COMP_01756,2022,2023,10,Sardegna,SRL,557291282.51,529785791.03,-4.935568228542398,1.8176340111408849,7.80818325936842,6.753202239683283,12.743751487910817
COMP_01757,2022,2023,56,Piemonte,SAS,254509574.26,242163458.74,-4.850943449140161,82.96036262573654,50.005432961434984,87.8113060748767,54.856376410575145
COMP_01758,2022,2023,46,Lazio,SAS,855817059.35,286720320.56,-66.49747543268576,-49.68827755818048,-49.39738012850207,16.80919787450528,17.10009530418369
COMP_01759,2022,2023,82,Sicilia,SRL,240326536.83,148526887.03,-38.19788318463409,132.60292668696738,245.41341102834352,170.80080987160147,283.6112942129776
COMP_01760,2022,2023,46,Piemonte,SRL,1116624340.65,1872415445.26,67.68535102593636,9.094643852127172,-11.31085187672347,58.590707173809186,78.99620290265983
COMP_01761,2022,2023,82,Emilia-Romagna,SRL,148178121.68,821999565.58,454.73747153791027,270.80536133741344,256.9892798632407,183.93211020049682,197.74819167466956
COMP_01762,2022,2023,56,Lazio,SRL,12604598363.23,3813946254.72,-69.74162805658288,-90.52108628005017,-87.62452100995066,20.779458223467287,17.882892953367772
COMP_01763,2022,2023,41,Piemonte,SPA,11467061712.73,24559158473.96,114.17132905717243,-60.25850599504649,-63.25005218330765,174.42983505221892,177.4213812404801
COMP_01764,2022,2023,46,Lombardia,SRL,232026378.8,131615267.73,-43.27573079807079,419.5090717331173,382.4975131166777,462.7848025311881,425.7732439147485
COMP_01765,2022,2023,82,Lombardia,SRL,95249518.35,536215837.38,462.95910642785947,544.9544836251252,466.3868880453761,81.99537719726578,3.4277816175166436
COMP_01766,2022,2023,62,Puglia,SRL,96996135.43,540110936.8,456.8375836888741,567.3461764612289,494.0835300141063,110.5085927723548,37.24594632523224
COMP_01767,2022,2023,25,Piemonte,SRL,170594356.04,978047521.77,473.31763164584004,376.65883830218576,407.7758835062127,96.65879334365428,65.54174813962732
COMP_01768,2022,2023,47,Campania,SRL,3316149332.01,23777333567.05,617.0163700872291,-64.89220391667197,-64.10436012551074,681.9085740039011,681.1207302127399
COMP_01769,2022,2023,43,Campania,SPA,55043202115.31,4410186872.4,-91.9877719629009,-89.08190587184185,-90.74573996033135,2.905866091059039,1.2420320025695446
COMP_01770,2022,2023,10,Piemonte,SRL,2695004313.98,550633621.78,-79.5683584280865,-77.88060216995166,-80.8968589279906,1.68775625813484,1.3285004999041092
COMP_01771,2022,2023,45,Veneto,SPA,27859392710.99,286611790.1,-98.97122025209497,-89.03595142262402,-90.3953236527446,9.935268829470942,8.575896599350372
COMP_01772,2022,2023,41,Emilia-Romagna,SRL,295959284.86,6784019132.98,2192.2136523573163,218.52058745321077,227.63464173272433,1973.6930649041055,1964.579010624592
COMP_01773,2022,2023,62,Sardegna,SRL,1029034741.39,1269442632.49,23.36246595282699,-38.35273903715388,-41.44832544005605,61.715204989980876,64.81079139288305
COMP_01774,2022,2023,43,Veneto,SRL,684673982.04,6806829399.26,894.1708868473305,13.234902955466094,15.66573782330459,880.9359838918645,878.505149024026
COMP_01775,2022,2023,62,Lombardia,SRL,1200391821.16,2482225194.04,106.78458069143612,-46.324815739748196,-49.70010841555923,153.1093964311843,156.48468910699535
COMP_01776,2022,2023,10,Toscana,SRL,312152553.24,650407530.34,108.36207283556352,65.40764732955233,102.32233691362308,42.95442550601119,6.039735921940448
COMP_01777,2022,2023,43,Piemonte,SPA,12567245614.42,1413758572.3,-88.75045005344835,-67.34608279016878,-63.263537598705504,21.404367263279568,25.486912454742843
COMP_01778,2022,2023,41,Lombardia,SAS,87645843.29,132270287.16,50.91450112739281,286.92646465567793,253.29795982248015,236.01196352828512,202.38345869508734
COMP_01779,2022,2023,41,Emilia-Romagna,SRL,1581071521.43,330942982.34,-79.0684369521324,-47.33731710551005,-38.873765999135884,31.73111984662235,40.19467095299652
COMP_01781,2022,2023,41,Umbria,SRL,1044177754.07,2455230736.17,135.13532313822932,-18.742186414043022,-29.02419737826749,153.87750955227236,164.15952051649683
COMP_01782,2022,2023,46,Piemonte,SAS,330476862.59,442665452.83,33.94748708298672,17.901561497957037,17.106624375177155,16.045925585029682,16.840862707809563
COMP_01783,2022,2023,43,Emilia-Romagna,SRL,1708213785.66,1758369862.3,2.936170932528866,-53.60461874532554,-47.68868172811053,56.540789677854406,50.6248526606394
COMP_01784,2022,2023,45,Toscana,SNC,63728990.74,370937634.16,482.05477578225333,278.528388781345,321.15889665418666,203.52638700090836,160.89587912806667
COMP_01785,2022,2023,43,Emilia-Romagna,SRL,2386174971.25,2923325062.84,22.51092640153767,-64.1876122368287,-63.66917071125771,86.69853863836637,86.18009711279538
COMP_01786,2022,2023,68,Emilia-Romagna,SRL,84607349.73,1751351911.68,1969.9760922294995,163.2861347364685,143.7169624493434,1806.689957493031,1826.2591297801562
COMP_01787,2022,2023,71,Emilia-Romagna,SAS,27182405.72,868625660.07,3095.5437241924888,704.8384023867621,860.9794272434909,2390.7053218057267,2234.5642969489977
COMP_01788,2022,2023,46,Lazio,SRL,599555536.83,1606578731.75,167.9616204104099,85.8700765828421,140.5269417466547,82.09154382756779,27.434678663755193
COMP_01789,2022,2023,43,Sicilia,SRL,5837418837.82,1093505722.57,-81.26730747012198,-83.5544247879297,-84.6990755055583,2.287117317807727,3.4317680354363205
COMP_01790,2022,2023,25,Lombardia,SRL,10277160634.86,255111528.48,-97.51768472300935,-92.74949812599935,-94.4144056556132,4.768186597010001,3.1032790673961586
COMP_01791,2022,2023,77,Puglia,SRL,1438517997.33,408511165.89,-71.60194264873793,-61.08743519784331,-54.62827232344604,10.51450745089462,16.97367032529189
COMP_01792,2022,2023,10,Sicilia,SRL,2077451965.55,2988111974.93,43.8354303483934,-72.6978247665303,-72.86401608541796,116.5332551149237,116.69944643381136
COMP_01793,2022,2023,43,Toscana,SRL,1002386783.5,166863894.44,-83.35334252339531,-20.832609153468276,-27.856861546194576,62.52073336992704,55.49648097720073
COMP_01794,2022,2023,43,Lazio,SPA,256728953.51,256100785695.6,99655.3186713802,1553.4700352244747,1709.4869349504988,98101.84863615573,97945.8317364297
COMP_01795,2022,2023,43,Lazio,SRL,369366385.39,278954586.99,-24.477538286148476,146.79413578759755,156.47888687337897,171.27167407374603,180.95642515952744
COMP_01796,2022,2023,25,Puglia,SNC,59229946.39,2610442749.83,4307.302232964253,382.9746526417773,383.4047889654105,3924.327580322475,3923.8974439988424
COMP_01797,2022,2023,62,Lazio,SRL,1148553242.75,401771246.41,-65.01936249398133,-43.75242066043121,-47.0726356369491,21.26694183355012,17.946726857032232
COMP_01798,2022,2023,25,Lazio,SRL,778427612.58,1060042748.88,36.17743406694196,-3.3686092056810386,14.500049296072659,39.546043272623,21.677384770869303
COMP_01799,2022,2023,47,Lazio,SRL,101704218.42,274346269.93,169.74915514030454,1024.4658702901925,729.9963966795735,854.7167151498879,560.247241539269
COMP_01800,2022,2023,25,Sardegna,SRL,4145376497.99,479282796.06,-88.43813592583464,-79.82265454382602,-80.68403965177646,8.615481382008625,7.754096274058185
COMP_01801,2022,2023,10,Puglia,SRL,723395358.67,147576340.4,-79.59949028822541,-21.721766269891468,-18.554465525392626,57.87772401833394,61.04502476283278
COMP_01802,2022,2023,71,Campania,SAPA,345370664.91,1419268087.16,310.9405434100335,-38.92118310204385,-37.48760864181247,349.8617265120774,348.428152051846
COMP_01803,2022,2023,41,Lombardia,SRL,26747636.24,1632889153.16,6004.797966102444,3095.5874148739035,3111.5349421670685,2909.21055122854,2893.2630239353753
COMP_01804,2022,2023,62,Lombardia,SRL,2723235849.74,279160073.75,-89.74895715416449,-76.38704903575957,-71.57424817866475,13.361908118404912,18.17470897549974
COMP_01805,2022,2023,46,Veneto,SRL,75142380.19,343408555.11,357.01048362013563,1527.264639889313,1807.5234765140128,1170.2541562691774,1450.5129928938773
COMP_01806,2022,2023,10,Toscana,SPA,6112626016.56,29755446801.01,386.7866399874314,-54.630933698667484,-61.858665469411,441.4175736860989,448.6453054568424
COMP_01807,2022,2023,77,Lombardia,SAS,80363803.3,834850069.61,938.8384264162869,155.17907836745943,164.56120831675202,783.6593480488275,774.2772180995348
COMP_01808,2022,2023,41,Lombardia,SRL,1675097613.69,216963396.0,-87.04771625087204,-48.884777721237114,-44.28812205315614,38.16293852963493,42.759594197715906
COMP_01809,2022,2023,62,Lazio,SRL,469245399.86,1954237844.61,316.4639323460708,32.218016242550426,34.67071485858659,284.24591610352036,281.7932174874842
COMP_01810,2022,2023,25,Toscana,SRL,153242276.78,361718051.23,136.0432504858272,421.95709118231866,478.24805564687955,285.91384069649143,342.2048051610524
COMP_01811,2022,2023,62,Veneto,SRL,555984500.45,418119854.6,-24.796490862320045,20.477287937352248,22.90395495513113,45.27377879967229,47.700445817451175
COMP_01812,2022,2023,10,Lombardia,SRL,988119204.76,232679242.88,-76.45231043388996,-35.69058051163128,-19.536993354695642,40.76172992225868,56.915317079194324
COMP_01813,2022,2023,46,Lazio,SRL,2486835596.25,943323559.61,-62.067313133506865,-55.97216937730295,-56.5533064906057,6.0951437562039175,5.514006642901165
COMP_01814,2022,2023,56,Lazio,SRL,8975669388.96,4616680202.15,-48.564502522469475,-86.74310243688063,-88.63820427836484,38.17859991441116,40.073701755895364
COMP_01815,2022,2023,71,Sicilia,SRL,256866992.4,405109463.8,57.71176359209008,101.87827894181079,99.9354942938169,44.16651534972071,42.22373070172682
COMP_01816,2022,2023,71,Lombardia,SRL,45014687.88,1153482543.38,2462.458161333807,1177.4085492613121,1189.0043765510488,1285.0496120724947,1273.453784782758
COMP_01817,2022,2023,62,Veneto,SNC,458645562.26,429184871.63,-6.423411246983597,-47.84317442291603,-48.09225175388931,41.41976317593243,41.66884050690571
COMP_01818,2022,2023,68,Emilia-Romagna,SAS,37003270.37,33076353.4,-10.61235109960363,145.81956144985838,236.6361468873247,156.43191254946203,247.24849798692836
COMP_01819,2022,2023,41,Campania,SRL,5197864290.1,382522315.89,-92.64077908654592,-84.05042750326102,-82.53749531725953,8.5903515832849,10.103283769286392
COMP_01820,2022,2023,41,Lombardia,SRL,7140978626.87,293811387.66,-95.88555850658271,-88.83380656646571,-90.72032471587904,7.051751940117001,5.165233790703667
COMP_01821,2022,2023,41,Lazio,SRL,4667194391.5,498712500.64,-89.31451191430409,-80.81915431772846,-76.79789178275107,8.49535759657563,12.516620131553026
COMP_01822,2022,2023,43,Emilia-Romagna,SRL,2769669625.53,1257179585.58,-54.609041670830045,-70.54581415680221,-70.97541481394465,15.936772485972163,16.366373143114608
COMP_01823,2022,2023,45,Veneto,SPA,1859829351.82,17213395139.26,825.5362661319028,60.91721456207555,115.24294165740541,764.6190515698273,710.2933244744975
COMP_01824,2022,2023,46,Toscana,SRL,3624975567.31,897068991.6,-75.25310240185449,-69.64441495361125,-67.70997391053552,5.608687448243245,7.543128491318967
COMP_01825,2022,2023,25,Sicilia,SAS,231246644.14,135377128.94,-41.457689280869836,38.45570078492351,85.6053030228304,79.91339006579335,127.06299230370024
COMP_01826,2022,2023,47,Lazio,SNC,580476521.72,1470140824.17,153.26447653969723,-26.373747610561114,-28.005111605938374,179.63822415025834,181.2695881456356
COMP_01827,2022,2023,25,Sicilia,SRL,2914821582.01,2170428557.69,-25.538202026303175,-73.58422653198392,-77.80947866562553,48.04602450568074,52.27127663932236
COMP_01828,2022,2023,43,Veneto,SRL,1190210314.58,408688731.43,-65.66247776350201,-38.7596009006631,-40.03223188838293,26.90287686283891,25.63024587511908
COMP_01829,2022,2023,46,Lombardia,SRL,1416746459.86,4496473926.8,217.38028321908305,-18.465655319536175,-30.383029913035646,235.84593853861924,247.7633131321187
COMP_01830,2022,2023,62,Sicilia,SRL,492843607.25,3289312987.86,567.4151677068345,44.261201892821184,47.84553675710739,523.1539658140133,519.5696309497271
COMP_01831,2022,2023,56,Emilia-Romagna,SRL,79831069.38,335521710.28,320.28963520819116,1584.6011264281776,1627.7681248285176,1264.3114912199865,1307.4784896203264
COMP_01832,2022,2023,47,Liguria,SRL,1366906403.67,1149644540.54,-15.894421340530327,-17.27438368299181,10.448192186589418,1.379962342461484,26.342613527119745
COMP_01833,2022,2023,25,Veneto,SAS,764031038.04,238588612.89,-68.77239261089954,-60.302773744582595,-51.12829104208363,8.46961886631695,17.644101568815913
COMP_01834,2022,2023,46,Veneto,SRL,430244008.43,14676440754.92,3311.190038061351,180.23982698644997,141.95519341622276,3130.9502110749013,3169.2348446451283
COMP_01835,2022,2023,25,Toscana,SRL,316576467.77,415921110.07,31.380930806321388,174.0112012842858,158.34276213843305,142.63027047796442,126.96183133211166
COMP_01836,2022,2023,43,Lazio,SRL,512096191.99,2802865628.89,447.3318631794733,52.059253601185254,32.2985534736924,395.27260957828804,415.03330970578094
COMP_01837,2022,2023,45,Lombardia,SRL,69746315.38,287185203.53,311.75681032800674,842.5806208490327,953.6349702671514,530.823810521026,641.8781599391447
COMP_01838,2022,2023,10,Friuli-Venezia Giulia,SRL,643387409.48,40133857.38,-93.7621009070667,-4.36235898946548,0.36140934414700876,89.39974191760122,94.1235102512137
COMP_01839,2022,2023,41,Lombardia,SAS,151320175.04,66453908.95,-56.08390689976828,113.3924697959288,117.66473282424461,169.47637669569707,173.7486397240129
COMP_01840,2022,2023,77,Campania,SRL,234890881.42,736434030.75,213.52176223188874,156.10335472778004,208.41665411524917,57.4184075041087,5.10510811663957
COMP_01841,2022,2023,77,Piemonte,SRL,131469814.99,466636594.79,254.9381999400348,291.10546564799216,312.04766666527587,36.16726570795737,57.10946672524108
COMP_01842,2022,2023,43,Piemonte,SRL,635019097.36,123741941.79,-80.51366607643152,23.954007394425886,19.54807947050968,104.4676734708574,100.0617455469412
COMP_01843,2022,2023,10,Emilia-Romagna,SRL,253203648.13,163468306.13,-35.439987797461754,144.35914769327445,202.35168637030182,179.7991354907362,237.79167416776357
COMP_01844,2022,2023,41,Sardegna,SPA,1513068386.56,6975955872.76,361.04696487777505,189.05844011390354,154.91131439683556,171.9885247638715,206.1356504809395
COMP_01845,2022,2023,45,Lombardia,SRL,612247906.39,237855248.23,-61.150500353285494,-0.9450879699667735,-6.093642010463546,60.20541238331872,55.05685834282195
COMP_01846,2022,2023,71,Lazio,SPA,1977667859.49,1734604680.41,-12.29039436089541,61.75196334655439,40.895055100456894,74.0423577074498,53.185449461352306
COMP_01847,2022,2023,25,Lombardia,SRL,551809289.3,3763708458.13,582.0668899765113,40.75967834844627,48.32355054680439,541.307211628065,533.7433394297069
COMP_01848,2022,2023,56,Emilia-Romagna,SRL,7235653660.58,9615603482.2,32.89198092200045,-84.04418388106659,-84.89571801708068,116.93616480306704,117.78769893908114
COMP_01849,2022,2023,25,Toscana,SRL,357002502.53,186492288.17,-47.761630003047806,121.68780070512439,189.38530528211967,169.4494307081722,237.14693528516747
COMP_01850,2022,2023,82,Lombardia,SRL,1438859057.08,439942437.8,-69.42421596922684,-60.16591302075147,-56.96024989802635,9.258302948475368,12.463966071200488
COMP_01851,2022,2023,43,Veneto,SRL,733734102.19,217127115.09,-70.40792918825312,9.036007329722878,-13.30126051589766,79.443936517976,57.10666867235546
COMP_01852,2022,2023,56,Emilia-Romagna,SPA,52484891985.5,22264480502.14,-57.57925822103053,-87.89430982727191,-92.28544651781594,30.315051606241383,34.70618829678541
COMP_01853,2022,2023,43,Emilia-Romagna,SRL,1309259743.27,1468669111.32,12.175534218432471,-41.00629565184314,-41.50445774207889,53.18182987027561,53.67999196051136
COMP_01854,2022,2023,47,Umbria,SRL,131855125.47,203040064.58,53.987237019615286,798.178626064642,729.559498059828,744.1913890450268,675.5722610402128
COMP_01855,2022,2023,41,Lombardia,SRL,940581741.34,576975880.06,-38.657550460419195,-5.811331811142583,1.300773787996969,32.84621864927661,39.95832424841616
COMP_01856,2022,2023,25,Veneto,SRL,107231224.97,5394179350.73,4930.418473946488,673.2494997536805,570.8470898316672,4257.168974192808,4359.571384114821
COMP_01857,2022,2023,71,Piemonte,SRL,254967478.81,1109243037.27,335.0527535696426,125.57549131818995,132.1265189156605,209.47726225145266,202.9262346539821
COMP_01858,2022,2023,71,Emilia-Romagna,SRL,4714636310.2,2462823471.92,-47.762174855529324,-88.35232738700007,-86.49570454856722,40.59015253147075,38.733529693037895
COMP_01859,2022,2023,68,Puglia,SRL,275850293.05,909180235.64,229.59190493780042,-14.344585230169676,-41.26796402493183,243.9364901679701,270.85986896273226
COMP_01860,2022,2023,47,Veneto,SRL,979330360.43,2143518682.28,118.87595533532048,21.90851337467408,50.302664790587144,96.9674419606464,68.57329054473334
COMP_01861,2022,2023,62,Toscana,SRL,301897627.39,815957250.67,170.27613887668056,96.9219857101464,98.94274996952878,73.35415316653416,71.33338890715179
COMP_01862,2022,2023,10,Lombardia,SRL,692996854.21,426006765.92,-38.52688315509923,-14.614137064597754,-4.149373112616241,23.91274609050147,34.37751004248299
COMP_01863,2022,2023,43,Sicilia,SRL,866357297.31,902440334.69,4.164914117078059,-13.095107522268513,-5.968266382703953,17.260021639346572,10.13318049978201
COMP_01864,2022,2023,43,Lombardia,SRL,2078104693.91,2619697712.11,26.061873580631822,-59.51791053293149,-60.97701254090755,85.5797841135633,87.03888612153938
COMP_01865,2022,2023,47,Friuli-Venezia Giulia,SNC,975784538.74,954843866.71,-2.1460344162698055,-53.54410556873481,-45.67934594088233,51.398071152465,43.53331152461252
COMP_01866,2022,2023,43,Lazio,SRL,1259068649.73,229910044.58,-81.73967363659615,-34.71901004995302,-29.41519982219071,47.02066358664313,52.32447381440544
COMP_01867,2022,2023,25,Lombardia,SRL,278706699.03,3977634525.22,1327.175786970175,232.16307328023083,231.5385541231897,1095.0127136899441,1095.6372328469854
COMP_01868,2022,2023,47,Lazio,SRL,10290810474.9,2165666062.8,-78.95534012522911,-89.42272927788824,-86.39482232102155,10.467389152659123,7.439482195792436
COMP_01869,2022,2023,62,Puglia,SRL,650728385.44,218681252.72,-66.39438856318903,-4.029968119528,15.573322994447645,62.364420443661025,81.96771155763668
COMP_01870,2022,2023,43,Veneto,SPA,14877267404.42,13847573739.41,-6.9212553422551295,-70.22783379003559,-72.09664339927212,63.30657844778046,65.17538805701699
COMP_01871,2022,2023,25,Lombardia,SRL,708066406.42,257782949.39,-63.593393634735975,17.765683323718672,25.785390946713864,81.35907695845465,89.37878458144984
COMP_01872,2022,2023,41,Sicilia,SNC,428365783.23,471257621.34,10.012900140292084,-26.006010352966566,-21.7488361765556,36.01891049325865,31.76173631684768
COMP_01873,2022,2023,41,Emilia-Romagna,SAS,439296975.81,580640366.26,32.17490632376497,-30.818609397671455,-20.444881316092477,62.993515721436424,52.61978763985745
COMP_01874,2022,2023,43,Puglia,SRL,1184048985.31,532669970.0,-55.012843504904495,-31.174104002322316,-26.806393618742682,23.83873950258218,28.206449886161813
COMP_01876,2022,2023,47,Emilia-Romagna,SRL,4474080349.67,958654768.13,-78.5731436807855,-76.11688993333279,-76.10056415371194,2.4562537474527204,2.472579527073563
COMP_01877,2022,2023,47,Sicilia,SRL,1253589696.42,432921338.97,-65.4654676720512,-14.974835449471648,-17.29993495499571,50.490632222579556,48.1655327170555
COMP_01878,2022,2023,43,Lombardia,SRL,253076663.13,503456573.48,98.93441270062317,214.54789459796882,221.33936111370912,115.61348189734565,122.40494841308595
COMP_01879,2022,2023,62,Liguria,SRL,175595620.25,324313423.79,84.69334447423384,274.4994025791054,242.36240116473974,189.80605810487154,157.6690566905059
COMP_01880,2022,2023,41,Toscana,SRL,829180772.54,380443236.56,-54.11817915234553,0.27392243705278524,-8.21252948816443,54.392101589398315,45.905649664181105
COMP_01881,2022,2023,46,Emilia-Romagna,SRL,2671777573.28,1008238696.75,-62.26337451016783,-58.19645789387786,-59.769600609935736,4.066916616289966,2.4937739002320924
COMP_01882,2022,2023,62,Emilia-Romagna,SRL,144620263.51,62209870.78,-56.98398739558485,344.3849333362705,343.8177589186866,401.3689207318553,400.80174631427144
COMP_01883,2022,2023,41,Veneto,SAS,208457241.7,239338755.55,14.814315683233962,40.38991046224134,40.157063622135546,25.575594779007375,25.34274793890158
COMP_01884,2022,2023,25,Lombardia,SRL,250105079.28,3317929738.98,1226.6142968913798,193.5394676518179,181.96310791686852,1033.074829239562,1044.6511889745113
COMP_01885,2022,2023,68,Piemonte,SPA,188987257.42,20986387730.4,11004.65753982579,592.3069115023733,530.6442206314898,10412.350628323416,10474.0133191943
COMP_01887,2022,2023,47,Lombardia,SRL,5740723124.01,255050307.76,-95.55717455361541,-79.92942390530735,-82.37115906605747,15.627750648308066,13.186015487557938
COMP_01888,2022,2023,10,Puglia,SRL,2249726517.7,1805279323.22,-19.755609892280543,-74.10133641916023,-71.40743603481053,54.34572652687969,51.651826142529984
COMP_01889,2022,2023,47,Lombardia,SRL,6360600222.39,1266272406.34,-80.09193531952245,-84.01487884185167,-84.34303704615935,3.92294352232922,4.251101726636904
COMP_01890,2022,2023,43,Lazio,SRL,3008356128.13,24352408046.38,709.4921947129146,-73.25880263287523,-77.63304332864897,782.7509973457899,787.1252380415635
COMP_01891,2022,2023,10,Campania,SRL,66537147.26,3388653957.34,4992.875328872343,805.0185893498557,709.266682918642,4187.856739522487,4283.608645953701
COMP_01892,2022,2023,47,Veneto,SPA,101101691.79,3368765994.76,3232.056996392622,4357.931511124329,4421.507947750265,1125.8745147317068,1189.4509513576431
COMP_01893,2022,2023,41,Lombardia,SRL,1066779364.61,2386444405.85,123.70552759261999,-21.350035059398564,-2.239926338084913,145.05556265201855,125.9454539307049
COMP_01894,2022,2023,43,Liguria,SRL,2497596549.76,387548888.17,-84.48312686021124,-66.25470524431137,-69.0070450056914,18.228421615899876,15.476081854519848
COMP_01895,2022,2023,25,Puglia,SPA,6586226330.94,16962192917.81,157.54038907115904,-41.72770931897269,-35.18252038921122,199.26809839013174,192.72290946037026
COMP_01896,2022,2023,25,Emilia-Romagna,SPA,52879006751.5,2445125686.31,-95.37599921685246,-90.15424935393999,-89.77985946897265,5.221749862912475,5.596139747879818
COMP_01897,2022,2023,43,Lombardia,SRL,307388551.02,68253991.15,-77.79553242190886,175.30532432422402,214.2853755924351,253.10085674613288,292.08090801434395
COMP_01898,2022,2023,25,Campania,SRL,1632908918.99,3396609013.42,108.00970427186459,-51.3392809303549,-59.135093328098726,159.3489852022195,167.1447975999633
COMP_01899,2022,2023,71,Veneto,SAS,46920391.04,415981199.4,786.5680574686019,340.75718901261047,423.6650832104074,445.8108684559914,362.9029742581945
COMP_01900,2022,2023,10,Liguria,SRL,102735589.17,986267537.34,860.0057247036275,517.0815599196529,384.9071091132451,342.92416478397456,475.0986155903824
COMP_01901,2022,2023,46,Lazio,SRL,832819011.71,1494473556.91,79.44757935357966,34.69478919584271,79.42353771442346,44.752790157736946,0.02404163915619506
COMP_01902,2022,2023,25,Veneto,SRL,719875255.43,294297649.32,-59.11824345952709,13.37537490931136,16.347198558752538,72.49361836883845,75.46544201827963
COMP_01903,2022,2023,43,Lazio,SPA,3922640194.78,12162298456.63,210.05388852168525,4.038616080948532,-4.4968207069883706,206.0152724407367,214.5507092286736
COMP_01904,2022,2023,71,Veneto,SRL,66241986.25,1575438466.42,2278.3080121937014,694.5192044808717,609.7629014071997,1583.7888077128296,1668.5451107865017
COMP_01905,2022,2023,25,Lombardia,SAPA,554917788.44,212602075.51,-61.687644559444976,-41.198433070042846,-27.909474664477894,20.48921148940213,33.77816989496708
COMP_01906,2022,2023,77,Sardegna,SRL,1217913574.6,295887792.7,-75.70535390434591,-52.58657403537151,-47.26531167114752,23.1187798689744,28.44004223319839
COMP_01907,2022,2023,41,Campania,SPA,3513537406.06,22711169447.13,546.3904271506756,44.14932743127634,18.893219976233258,502.24109971939924,527.4972071744423
COMP_01908,2022,2023,56,Lombardia,SRL,29805984.84,1033580173.44,3367.693414555196,3622.600089044513,3807.847195941369,254.90667448931708,440.15378138617325
COMP_01909,2022,2023,46,Lazio,SRL,2621615719.63,472877431.34,-81.96236665048913,-55.49306753861994,-59.52759590034232,26.46929911186919,22.43477075014681
COMP_01910,2022,2023,68,Lombardia,SAS,460049916.25,57179383.65,-87.57104791669441,-80.6084978408266,-72.28011149579422,6.96255007586781,15.290936420900195
COMP_01911,2022,2023,46,Emilia-Romagna,SRL,7393026789.3,1421818481.51,-80.76811403459524,-86.16586185094484,-83.25142611033324,5.397747816349593,2.4833120757379987
COMP_01912,2022,2023,46,Lombardia,SRL,1363798742.36,604795975.12,-55.65357582942007,-14.89008285063927,-29.16699240470878,40.7634929787808,26.48658342471129
COMP_01913,2022,2023,41,Campania,SRL,7932609363.96,70576150.84,-99.1103034625574,-90.90565713834272,-89.5169497052885,8.204646324214679,9.5933537572689
COMP_01914,2022,2023,25,Piemonte,SRL,148690845.57,18798945.52,-87.35702561382644,455.4860177504246,423.0451090207202,542.843043364251,510.40213463454666
COMP_01915,2022,2023,71,Puglia,SRL,6198546674.06,1027251520.73,-83.42754237813686,-88.87380239993335,-91.22401196565481,5.4462600217964905,7.796469587517947
COMP_01916,2022,2023,43,Emilia-Romagna,SRL,178895043.74,1207739075.28,575.110416717462,365.37363392994286,354.0430477834159,209.7367827875192,221.06736893404616
COMP_01917,2022,2023,43,Emilia-Romagna,SRL,1284730791.58,817997925.23,-36.32923484117619,-35.993014490340165,-33.3143910561478,0.3362203508360224,3.01484378502839
COMP_01918,2022,2023,56,Campania,SRL,1332510899.42,199812478.26,-85.00481471881604,-7.174934881721111,-15.045948099530449,77.82987983709492,69.95886661928559
COMP_01919,2022,2023,43,Campania,SRL,1371980145.66,2159814127.94,57.42313289096521,-40.74945495872339,-54.302031942227735,98.1725878496886,111.72516483319295
COMP_01920,2022,2023,77,Toscana,SRL,251309731.23,443953603.69,76.65595419529987,110.96099406842961,204.07601973597465,34.30503987312974,127.42006554067478
COMP_01921,2022,2023,56,Lazio,SPA,74754675611.1,7515853194.71,-89.94597577573596,-90.49883779252063,-91.2100300966122,0.5528620167846725,1.264054320876241
COMP_01923,2022,2023,68,Campania,SRL,52773535.88,87391797.09,65.59776720043418,349.4565020276873,283.8111174144251,283.8587348272531,218.2133502139909
COMP_01924,2022,2023,10,Veneto,SNC,136031216.59,316509991.78,132.67452847530248,39.595891606637885,54.042121428021154,93.0786368686646,78.63240704728133
COMP_01925,2022,2023,41,Lazio,SRL,1262041330.28,385631066.33,-69.44386391494463,-35.058385948567135,-31.628661167654293,34.38547796637749,37.815202747290336
COMP_01926,2022,2023,46,Liguria,SAS,454151157.79,66018347.6,-85.46335367253936,-6.428788494564048,3.0959258105199208,79.03456517797531,88.55927948305927
COMP_01927,2022,2023,41,Piemonte,SAS,1255352760.44,132949947.43,-89.40935555170952,-74.88502005114695,-76.80721715671272,14.524335500562572,12.6021383949968
COMP_01928,2022,2023,56,Toscana,SPA,8322286925.19,55445889142.0,566.2338085722051,-24.57798055506702,-8.808894803439648,590.8117891272722,575.0427033756448
COMP_01929,2022,2023,71,Lazio,SRL,315490017.6,2866010355.87,808.4313911648784,98.56407140144437,85.74985102895889,709.867319763434,722.6815401359195
COMP_01930,2022,2023,45,Liguria,SPA,16858931865.15,14377780404.91,-14.717133209185812,-80.54570032755507,-78.53082708289703,65.82856711836925,63.81369387371122
COMP_01931,2022,2023,43,Liguria,SPA,5715368606.03,10080410493.63,76.37375974306647,-9.310286647965212,0.4480757174184661,85.68404639103169,75.92568402564801
COMP_01932,2022,2023,77,Liguria,SRL,58254903.68,26001658.91,-55.36571641620127,715.6273506269233,843.6411606671727,770.9930670431246,899.006877083374
COMP_01933,2022,2023,46,Emilia-Romagna,SRL,1222609884.9,562273383.21,-54.01040101553002,-10.119991337871458,-4.863510248959863,43.89040967765857,49.14689076657016
COMP_01934,2022,2023,46,Toscana,SRL,685081046.33,672375508.29,-1.854603642600249,61.768320506147184,59.474525244045424,63.62292414874743,61.32912888664567
COMP_01935,2022,2023,43,Veneto,SRL,524952261.64,1218794771.93,132.17249662328746,42.3174310805487,58.54748988845534,89.85506554273876,73.62500673483211
COMP_01937,2022,2023,46,Veneto,SRL,938496525.11,3531956632.9,276.3420043016168,22.849254287627595,26.03728131061282,253.4927500139892,250.30472299100396
COMP_01938,2022,2023,56,Piemonte,SRL,344884299.67,1227704914.83,255.97587828866673,239.52160725411034,314.0165732507212,16.4542710345564,58.04069496205446
COMP_01939,2022,2023,62,Lazio,SRL,637948896.01,830883827.14,30.243007290504927,-4.25646438805061,-5.089898888770962,34.49947167855554,35.33290617927589
COMP_01940,2022,2023,43,Lazio,SRL,2403915055.51,196981664.58,-91.80579762464987,-66.53283853615034,-68.97462014075573,25.272959088499533,22.831177483894137
COMP_01941,2022,2023,45,Lombardia,SRL,468186839.6,5639998399.62,1104.6469320749354,34.57392063807583,7.360929860124549,1070.0730114368596,1097.2860022148109
COMP_01942,2022,2023,62,Veneto,SAS,1213923251.64,636131574.6,-47.597051647162075,-81.99806426924036,-76.89426164281973,34.401012622078284,29.297209995657653
COMP_01943,2022,2023,43,Puglia,SRL,779950773.71,465410681.16,-40.32819802893763,-2.849715668196893,-7.535484777481016,37.478482360740735,32.79271325145661
COMP_01944,2022,2023,62,Veneto,SRL,690103458.7,1000603786.07,44.99330114283341,-16.997241576499356,-20.769055178724948,61.990542719332765,65.76235632155836
COMP_01945,2022,2023,71,Sicilia,SRL,199573984.24,729172569.75,265.3645401362159,187.46128970116257,156.00708161803368,77.90325043505334,109.35745851818223
COMP_01946,2022,2023,47,Piemonte,SRL,1632676547.12,2642540780.51,61.853294528630016,-35.11364585507477,-43.00800377670304,96.96694038370478,104.86129830533307
COMP_01947,2022,2023,56,Lazio,SPA,7466178897.48,9645610533.9,29.19072347912272,-22.31515361920151,-18.683742482185522,51.505877098324234,47.874465961308246
COMP_01949,2022,2023,62,Piemonte,SRL,179343641.19,104159972.98,-41.92156895618563,287.5482251018583,275.84222422797836,329.46979405804393,317.763793184164
COMP_01950,2022,2023,45,Lazio,SNC,27564199.86,66271342.19,140.42541603455055,701.2769684713819,810.0221871312895,560.8515524368313,669.5967710967388
COMP_01951,2022,2023,10,Lombardia,SRL,1491460870.8,153002281.06,-89.74144853173844,-60.03626571773394,-56.426486397532244,29.705182814004502,33.3149621342062
COMP_01952,2022,2023,45,Emilia-Romagna,SRL,2856811274.76,139680653.88,-95.11060968170763,-78.80292693050883,-79.18080143114562,16.307682751198797,15.929808250562004
COMP_01953,2022,2023,47,Puglia,SRL,521760645.43,4388917400.46,741.1744808470462,108.9630792620119,61.72787753565199,632.2114015850343,679.4466033113943
COMP_01954,2022,2023,46,Lombardia,SAS,1261863079.75,135097584.07,-89.29380007720287,-65.60302586460507,-66.79920149416465,23.690774212597802,22.494598583038226
COMP_01955,2022,2023,56,Friuli-Venezia Giulia,SRL,2448221764.95,1367214505.12,-44.15479329962078,-48.98766098257998,-58.95094113203948,4.832867682959204,14.796147832418704
COMP_01956,2022,2023,43,Toscana,SRL,2751406522.47,105922337.02,-96.15024765860804,-63.404594382195754,-71.34233679758498,32.745653276412284,24.80791086102306
COMP_01957,2022,2023,47,Campania,SPA,2279431138.95,1865653515.97,-18.152670458411077,177.7164280892791,186.2723886358698,195.8690985476902,204.42505909428087
COMP_01958,2022,2023,41,Emilia-Romagna,SRL,1656260806.06,3880486685.39,134.2920071037064,-49.93793168412622,-42.566935308404645,184.22993878783262,176.85894241211105
COMP_01959,2022,2023,56,Veneto,SRL,3208091603.13,1211958385.28,-62.22182732882243,-67.18792189541554,-58.050741807805046,4.966094566593114,4.171085521017382
COMP_01960,2022,2023,46,Lazio,SAS,285979936.94,97533621.91,-65.89494250764065,44.21011976316455,9.880648901627705,110.1050622708052,75.77559140926836
COMP_01961,2022,2023,41,Campania,SRL,563014828.08,1002452061.1,78.05073882664408,47.68800890609526,68.6060508882791,30.362729920548816,9.444687938364979
COMP_01962,2022,2023,43,Veneto,SRL,482493457.85,240300643.58,-50.1960825229042,72.32977617864022,92.64877464016809,122.52585870154442,142.84485716307228
COMP_01963,2022,2023,56,Campania,SRL,121377816.48,1376691478.95,1034.2200073082086,933.4267816651038,622.7001851887294,100.79322564310473,411.51982211947916
COMP_01964,2022,2023,46,Liguria,SRL,398205367.27,7850961295.66,1871.5860058552948,160.09631844024352,200.07909492632027,1711.4896874150513,1671.5069109289745
COMP_01965,2022,2023,41,Liguria,SRL,1092911339.15,1327916950.76,21.502715105213653,-17.805190748106867,-19.25386564350842,39.30790585332052,40.75658074872207
COMP_01966,2022,2023,77,Lombardia,SRL,1500326316.42,14072484480.33,837.9615838445749,-63.63797267432748,-71.2464721187586,901.5995565189023,909.2080559633334
COMP_01967,2022,2023,56,Campania,SRL,2375591333.89,436363264.89,-81.63138336695897,-51.309244948001854,-62.13678842872101,30.322138418957117,19.49459493823796
COMP_01968,2022,2023,77,Lombardia,SRL,505799503.45,42580826.63,-91.5814811324327,10.508114659908813,27.58239181989913,102.08959579234151,119.16387295233183
COMP_01969,2022,2023,45,Lazio,SAS,337954121.11,225123228.4,-33.386452675709464,-37.061686035874914,-34.16819945349987,3.67523336016545,0.7817467777904028
COMP_01970,2022,2023,46,Lazio,SAPA,636866175.79,1843040318.5,189.39208715454274,-20.506718545925423,-16.143733829279228,209.89880570046816,205.53582098382196
COMP_01971,2022,2023,68,Veneto,SRL,114403927.29,200769120.31,75.49145826180842,138.18904354795453,145.89684431553746,62.69758528614611,70.40538605372905
COMP_01972,2022,2023,46,Lombardia,SRL,951630495.89,486857606.57,-48.83963800312297,30.941916518273658,37.13094920029545,79.78155452139663,85.97058720341842
COMP_01973,2022,2023,47,Sicilia,SAS,333966909.91,891872699.75,167.05421204464497,37.739717581475766,59.55511693922223,129.3144944631692,107.49909510542274
COMP_01974,2022,2023,41,Lombardia,SRL,77543815.68,462967003.37,497.039234283396,1055.2806978557765,791.3094400265996,558.2414635723804,294.27020574320363
COMP_01975,2022,2023,46,Sardegna,SRL,357940511.58,571449672.31,59.64934222939459,222.24516260906995,250.22367929139514,162.59582037967536,190.57433706200055
COMP_01977,2022,2023,41,Campania,SPA,9660405330.26,6591473414.64,-31.768148547628307,-52.135654470228104,-61.245033073296376,20.367505922599797,29.47688452566807
COMP_01978,2022,2023,10,Emilia-Romagna,SPA,1718828983.83,6394246261.07,272.01177785715186,69.73809776163414,74.19489348708164,202.2736800955177,197.81688437007023
COMP_01979,2022,2023,10,Emilia-Romagna,SPA,867301993.46,789688467.92,-8.948846667626114,251.3403825192529,501.80135250229324,260.289229186879,510.75019916991937
COMP_01980,2022,2023,77,Lombardia,SRL,651265708.99,142612128.58,-78.1023126795411,-12.613224890948903,-17.41081679262898,65.4890877885922,60.69149588691212
COMP_01981,2022,2023,41,Veneto,SRL,471577722.89,430079634.45,-8.799840710389075,61.1184834440891,68.93426614528495,69.91832415447817,77.73410685567403
COMP_01982,2022,2023,47,Piemonte,SRL,1130054839.82,20328058094.64,1698.855894274825,7.2962821710415975,45.66535660293225,1691.5596121037834,1653.1905376718928
COMP_01983,2022,2023,62,Piemonte,SRL,107725077.67,1402275159.12,1201.7165449772656,408.45872559339915,434.66246322837685,793.2578193838665,767.0540817488887
COMP_01984,2022,2023,46,Lazio,SRL,4365913856.11,5996592134.15,37.35021651327137,-77.35712468695036,-66.76689196205149,114.70734120022172,104.11710847532285
COMP_01985,2022,2023,25,Lazio,SPA,35155192146.66,1653583795.83,-95.29633122489673,-90.19529600669598,-88.81055750685648,5.1010352182007495,6.4857737180402495
COMP_01986,2022,2023,56,Puglia,SPA,16104669010.76,12923146850.05,-19.755278165507985,-61.563529525779806,-73.92621764465216,41.808251360271825,54.17093947914417
COMP_01987,2022,2023,47,Piemonte,SRL,653776355.24,1698962404.01,159.86905008002535,83.0380323408238,95.66487638496152,76.83101773920154,64.20417369506383
COMP_01988,2022,2023,56,Piemonte,SPA,2055672615.29,53462341951.32,2500.7225836288094,194.03895756511335,216.68175619742334,2306.683626063696,2284.040827431386
COMP_01989,2022,2023,56,Puglia,SPA,8129039347.24,112382096359.32,1282.4769638675248,-20.832194151155598,-26.16104936247401,1303.3091580186804,1308.6380132299987
COMP_01990,2022,2023,77,Veneto,SRL,352661234.4,1972693818.82,459.3735932377829,56.99396861967334,70.54604080678014,402.3796246181096,388.8275524310028
COMP_01991,2022,2023,46,Lombardia,SRL,888954736.96,134907000.86,-84.82408662095128,23.479953085900863,13.617410448924058,108.30403970685214,98.44149706987534
COMP_01992,2022,2023,43,Emilia-Romagna,SRL,654164716.01,678219824.96,3.677225072107424,24.28994562365091,38.22071478792819,20.61272055154349,34.54348971582076
COMP_01993,2022,2023,47,Lazio,SRL,2566243338.57,1017173061.96,-60.363343309181104,-56.8905345579573,-56.705033655358996,3.472808751223802,3.6583096538221085
COMP_01994,2022,2023,10,Veneto,SRL,3874069913.49,903352534.88,-76.68207969777693,-84.82962676906523,-86.80129541501906,8.147547071288301,10.119215717242128
COMP_01995,2022,2023,68,Toscana,SRL,125801507.39,540149192.92,329.3662326680011,108.02163858882962,81.95663215549679,221.3445940791715,247.4096005125043
COMP_01996,2022,2023,25,Sardegna,SRL,210958685.69,245519004.23,16.38250562045393,286.66249538859614,190.52607832720227,270.27998976814223,174.14357270674833
COMP_01997,2022,2023,43,Lazio,SRL,4611421531.62,2603754850.12,-43.53682845373503,-81.50981084273336,-81.57484951417172,37.972982388998325,38.038021060436684
COMP_01998,2022,2023,62,Lazio,SAS,174780353.91,90925987.03,-47.976997988675144,33.518747303655246,47.7223248083377,81.49574529233038,95.69932279701285
COMP_01999,2022,2023,47,Lombardia,SRL,248455016.98,3639002890.99,1364.6526100468845,340.3453823745396,384.2225065074586,1024.3072276723449,980.430103539426
COMP_02000,2022,2023,45,Lombardia,SPA,9820385890.51,855766015.51,-91.28582089287372,-66.07169245338541,-51.35358840482368,25.214128439488306,39.93223248805003
COMP_02001,2022,2023,46,Lombardia,SRL,1925459670.55,152903282.31,-92.05886860947216,-40.95914720457766,-42.635128025325166,51.099721404894495,49.42374058414699
COMP_02002,2022,2023,62,Umbria,SRL,4089511709.86,7680499187.01,87.80968809777374,-84.44794769036139,-82.3918718560259,172.25763578813513,170.20155995379963
COMP_02003,2022,2023,43,Lombardia,SAS,187175665.07,1023099254.81,446.5984343784119,44.48483800938001,41.48939982860142,402.11359636903194,405.10903454981053
COMP_02004,2022,2023,68,Lombardia,SRL,286606340.16,361886185.63,26.26593864880116,-26.28056580145713,-26.56184455579272,52.54650445025829,52.827783204593885
COMP_02005,2022,2023,25,Veneto,SRL,431361617.55,3907546850.35,805.86336182242,82.35008709451678,129.5536375659462,723.5132747279032,676.3097242564738
COMP_02006,2022,2023,56,Piemonte,SPA,67468681685.53,95168337445.64,41.05557581400133,-89.50714605461742,-90.93058792716401,130.56272186861875,131.98616374116534
COMP_02007,2022,2023,62,Veneto,SRL,477454571.96,709244932.45,48.54710251039735,36.389649244419786,63.5710401813743,12.157453265977566,15.023937670976949
COMP_02008,2022,2023,41,Lazio,SRL,858827648.54,202040532.75,-76.47484532042404,-3.2870146895835815,-11.954310500723384,73.18783063084045,64.52053481970066
COMP_02009,2022,2023,45,Piemonte,SRL,1820468975.01,111473350.73,-93.8766684705853,-67.67622890608855,-65.28809308074814,26.200439564496747,28.58857538983716
COMP_02010,2022,2023,25,Lazio,SPA,5413682092.54,5520882731.53,1.980179795517014,-12.714701375227332,-17.028079177101596,14.694881170744345,19.00825897261861
COMP_02011,2022,2023,47,Lazio,SRL,116951724.4,1025488364.76,776.8475796497105,797.5685800391312,839.0351253752297,20.721000389420738,62.18754572551916
COMP_02012,2022,2023,46,Umbria,SRL,724267025.99,2429185232.82,235.39912016559762,58.47882499623989,78.68442658006637,176.92029516935773,156.71469358553125
COMP_02013,2022,2023,47,Lazio,SRL,1055127404.33,240927980.92,-77.16598204811221,11.788956827287405,20.869987746953804,88.95493887539962,98.03596979506602
COMP_02014,2022,2023,41,Sicilia,SRL,294500809.85,280708401.65,-4.683317579678311,184.605980929962,200.9664120415231,189.2892985096403,205.64972962120143
COMP_02015,2022,2023,41,Campania,SPA,2347740462.11,22804498527.46,871.3381396069973,122.1279433159308,56.98165916970378,749.2101962910665,814.3564804372935
COMP_02016,2022,2023,10,Lombardia,SRL,547163307.75,517752422.72,-5.375156669576583,3.5187444500595646,24.801153864565684,8.893901119636148,30.176310534142267
COMP_02017,2022,2023,43,Emilia-Romagna,SRL,11590140681.91,869083179.05,-92.50153037049435,-93.75253820966236,-92.52392521996104,1.251007839168011,0.02239484946669279
COMP_02018,2022,2023,46,Lazio,SRL,1013155352.92,230466054.5,-77.2526440455773,22.482992769363978,21.354037913051847,99.73563681494127,98.60668195862914
COMP_02019,2022,2023,62,Toscana,SAS,185506827.16,256192779.12,38.10423208792916,20.37136900824758,46.68577743772794,17.732863079681582,8.58154534979878
COMP_02020,2022,2023,47,Sicilia,SRL,7051067458.81,614416074.93,-91.28619774921718,-85.44639029770245,-83.24116219422832,5.83980745151473,8.045035554988857
COMP_02021,2022,2023,45,Liguria,SPA,669734403.07,2692234346.32,301.9853741989435,360.1413797507353,381.0776254017743,58.15600555179185,79.09225120283082
COMP_02022,2022,2023,77,Friuli-Venezia Giulia,SPA,4697786501.85,4781853216.14,1.7894962714226004,-39.165870487764124,-43.62100978636088,40.955366759186724,45.41050605778348
COMP_02023,2022,2023,56,Lazio,SRL,623583067.87,796343922.35,27.704545453760765,88.43108696930459,87.5170497895141,60.72654151554382,59.81250433575334
COMP_02024,2022,2023,71,Campania,SRL,544341217.03,4836423094.49,788.4910683189094,-1.587145399731929,25.972400102359455,790.0782137186413,762.5186682165499
COMP_02025,2022,2023,46,Lombardia,SRL,2375144374.87,1744105301.68,-26.568451158870662,-53.17431441756355,-54.690439251037716,26.60586325869289,28.121988092167054
COMP_02026,2022,2023,41,Puglia,SPA,22718468977.52,15542488607.98,-31.586549149243538,-84.21214012925203,-85.0543118857293,52.625590980008496,53.46776273648577
COMP_02027,2022,2023,10,Lombardia,SRL,85609444.81,69215999.28,-19.14910856668129,530.1596726438271,602.8983427849357,549.3087812105084,622.047451351617
COMP_02028,2022,2023,56,Lombardia,SRL,4885773880.5,236501915.99,-95.15937655375494,-74.96940449848327,-82.54480343952737,20.189972055271667,12.614573114227568
COMP_02029,2022,2023,25,Toscana,SPA,45921569514.74,4603981728.75,-89.97425005852162,-89.6846220576691,-85.13831988543396,0.2896280008525167,4.835930173087661
COMP_02030,2022,2023,43,Lombardia,SRL,170545995.41,74725885.93,-56.18432098018148,378.81228753917435,338.5583661880342,434.99660851935585,394.7426871682157
COMP_02031,2022,2023,46,Liguria,SRL,95300023.12,3652338821.71,3732.4637310014537,1123.582346397826,708.7440012184696,2608.8813846036273,3023.719729782984
COMP_02032,2022,2023,46,Piemonte,SRL,1137950767.0,463508065.97,-59.26817930867478,-0.989828273849644,14.770751935720924,58.278351034825135,74.03893124439571
COMP_02033,2022,2023,47,Sicilia,SRL,224144838.21,2468080647.21,1001.1097408799883,408.6962554679908,439.2757788235138,592.4134854119975,561.8339620564745
COMP_02035,2022,2023,43,Lombardia,SRL,501188162.4,1060531272.17,111.60341598882106,64.99906163148704,56.24212798090629,46.60435435733402,55.361288007914766
COMP_02036,2022,2023,47,Lazio,SRL,1627069146.07,140227058.51,-91.38161651895973,-28.528843922726917,-49.2845863142497,62.85277259623281,42.09703020471003
COMP_02037,2022,2023,77,Lombardia,SAS,781077260.47,697146830.63,-10.745470914042015,-74.37741049143294,-68.03993812863949,63.63193957739092,57.294467214597475
COMP_02038,2022,2023,56,Lombardia,SRL,6128736729.87,396112296.86,-93.5368035156504,-80.47868001877033,-81.95770760310727,13.058123496880071,11.579095912543139
COMP_02039,2022,2023,71,Lombardia,SNC,36398709.01,466447842.29,1181.4955666747699,528.3678962439778,583.468915058354,653.127670430792,598.0266516164158
COMP_02040,2022,2023,56,Emilia-Romagna,SNC,76848703.79,2757862913.82,3488.691516978936,481.82413170165574,370.55120467342704,3006.86738527728,3118.140312305509
COMP_02041,2022,2023,47,Liguria,SRL,645202789.17,2019587311.2,213.0158990474967,65.9574788337679,94.37294016691015,147.05842021372882,118.64295888058655
COMP_02042,2022,2023,41,Sicilia,SRL,4203498943.37,334414122.56,-92.04438666298567,-80.40605970024701,-81.11780017969674,11.63832696273866,10.92658648328893
COMP_02043,2022,2023,47,Lazio,SPA,4123370186.47,36539455604.76,786.1551098336207,65.85525582660836,49.31975017608477,720.2998540070123,736.835359657536
COMP_02044,2022,2023,47,Emilia-Romagna,SRL,750740897.99,25598405563.22,3309.752370192702,60.1653332364593,78.23962979049038,3249.5870369562426,3231.512740402212
COMP_02045,2022,2023,47,Puglia,SRL,37408283367.67,8269644448.72,-77.89354735302551,-96.97249219343504,-97.17742356921904,19.078944840409534,19.283876216193534
COMP_02046,2022,2023,46,Lazio,SPA,1987182493.68,2712052422.81,36.47727027766012,180.85820286580017,198.89207184207876,144.38093258814004,162.41480156441864
COMP_02047,2022,2023,46,Puglia,SRL,654103077.74,2854157398.79,336.34673126006936,81.89835678884909,54.23171536493113,254.4483744712203,282.11501589513824
COMP_02048,2022,2023,43,Sicilia,SAS,61005483.31,267765010.58,338.9195791128304,363.2859373523622,404.4012731937547,24.36635823953185,65.48169408092434
COMP_02049,2022,2023,46,Lazio,SRL,1436922457.59,423299153.5,-70.54126677023648,-24.535838800159112,-24.776602729467186,46.00542797007736,45.76466404076929
COMP_02050,2022,2023,41,Piemonte,SRL,1336633429.95,9216181287.04,589.5070166982697,-25.631618608639958,-32.072837644070155,615.1386353069097,621.5798543423399
COMP_02051,2022,2023,62,Piemonte,SRL,84912794.68,224842600.06,164.79236834370553,690.6395183823142,589.9684321154839,525.8471500386087,425.17606377177833
COMP_02052,2022,2023,41,Lombardia,SNC,150017560.46,341530417.61,127.66029294354783,136.1180718891317,125.69694265994927,8.457778945583868,1.9633502835985581
COMP_02053,2022,2023,25,Sardegna,SRL,1162263291.49,383261074.57,-67.02459095316807,-34.437095801287924,-46.858201494427604,32.58749515188015,20.16638945874047
COMP_02054,2022,2023,45,Emilia-Romagna,SPA,7006999264.64,2548503465.26,-63.629174643692,-51.08120578908573,-28.42131456729039,12.547968854606268,35.2078600764016
COMP_02055,2022,2023,47,Toscana,SRL,495740972.63,1047082405.59,111.21562739408627,150.8298401017749,136.7153726902066,39.61421270768862,25.499745296120338
COMP_02056,2022,2023,45,Piemonte,SRL,528607468.5,579375408.45,9.60409055401003,7.879329251465292,-8.030322202605763,1.7247613025447377,17.634412756615795
COMP_02057,2022,2023,41,Campania,SRL,1283977560.05,693933983.29,-45.95435271758354,-34.638901494623624,-34.402566890743785,11.315451222959915,11.551785826839755
COMP_02058,2022,2023,46,Toscana,SRL,854230810.3,2743794451.0,221.2005956606035,40.489461374859,64.1090746199611,180.71113428574452,157.09152104064242
COMP_02059,2022,2023,43,Sicilia,SRL,1096895415.6,274328157.53,-74.99049101413712,-25.843512665355792,-20.131481041079297,49.14697834878133,54.85900997305782
COMP_02060,2022,2023,71,Lazio,SRL,3415690279.87,1127735917.72,-66.98365995400141,-84.20743603708016,-84.60844260778582,17.223776083078747,17.624782653784408
COMP_02061,2022,2023,71,Sicilia,SRL,193759300.04,712225658.47,267.582695810197,173.2200672632846,193.0317424344475,94.36262854691239,74.55095337574949
COMP_02062,2022,2023,46,Veneto,SNC,276813324.3,11641958.58,-95.79429255819244,32.44739667062362,39.85496140633709,128.24168922881606,135.64925396452952
COMP_02063,2022,2023,43,Piemonte,SRL,474004705.82,301225182.61,-36.45101432296999,79.6758774887394,65.75136670277617,116.12689181170938,102.20238102574615
COMP_02064,2022,2023,56,Lazio,SNC,262602225.46,892289293.27,239.7874072494922,65.48806983490246,64.0406784727293,174.29933741458973,175.7467287767629
COMP_02066,2022,2023,46,Lombardia,SRL,791791146.25,7201654386.46,809.5396457219479,39.90873577366668,26.290451850455565,769.6309099482812,783.2491938714923
COMP_02067,2022,2023,43,Lombardia,SRL,1115005652.68,329645557.04,-70.43552593229711,-29.826918538943666,-38.39928389873536,40.608607393353445,32.03624203356175
COMP_02068,2022,2023,71,Lombardia,SRL,373705907.19,589066471.54,57.62835433064377,58.77790116179375,27.40757235360079,1.1495468311499764,30.220781977042982
COMP_02069,2022,2023,10,Lombardia,SRL,136216375.83,2839840055.34,1984.8007723272283,353.9531670547434,269.9694691437325,1630.847605272485,1714.8313031834957
COMP_02070,2022,2023,46,Veneto,SRL,569576746.61,962968358.39,69.06735819560463,107.95845377867704,128.96418169855966,38.89109558307241,59.89682350295503
COMP_02071,2022,2023,56,Sicilia,SRL,5397131286.46,2909135325.85,-46.09848878147054,-76.92868392775523,-74.63624673688308,30.830195146284687,28.537757955412538
COMP_02072,2022,2023,46,Lombardia,SPA,10202861584.44,2948952829.76,-71.09680646596895,-36.840711230763084,-45.61444899529159,34.25609523520587,25.482357470677364
COMP_02073,2022,2023,25,Emilia-Romagna,SRL,178475374.66,5796958320.02,3148.0437881491207,333.657673469641,254.9081658390136,2814.3861146794798,2893.135622310107
COMP_02074,2022,2023,77,Emilia-Romagna,SPA,9835139362.0,2528690593.03,-74.28922458587526,-71.29533900695333,-74.61848787907164,2.993885578921933,0.3292632931963766
COMP_02075,2022,2023,46,Emilia-Romagna,SRL,450149344.34,3928600668.53,772.73273146494,129.1758536384804,151.86038182320846,643.5568778264596,620.8723496417315
COMP_02076,2022,2023,47,Lombardia,SRL,650710934.91,486959488.74,-25.165006054900317,59.840364685019736,51.848299360440784,85.00537073992005,77.01330541534111
COMP_02077,2022,2023,41,Piemonte,SRL,3978650525.3,81715421.93,-97.9461523094231,-78.75250542237134,-78.82350067732737,19.193646887051756,19.122651632095724
COMP_02078,2022,2023,46,Lombardia,SRL,383474206.68,213238088.72,-44.39310780087432,191.13944905612573,149.40954859546608,235.53255685700003,193.8026563963404
COMP_02079,2022,2023,45,Veneto,SRL,373797947.98,142307788.36,-61.92922162119141,48.97697120317346,49.969569956185914,110.90619282436487,111.89879157737732
COMP_02080,2022,2023,10,Lazio,SRL,319585146.36,536690698.28,67.9335552333334,61.690616593019236,77.56420602841162,6.242938640314158,9.630650795078225
COMP_02081,2022,2023,25,Lazio,SRL,445094185.16,392596252.76,-11.794791787973677,77.69374268805775,70.25169711002975,89.48853447603143,82.04648889800343
COMP_02082,2022,2023,62,Piemonte,SRL,982262575.63,4624396214.94,370.7902275492906,-34.10252772645096,-31.35053444536938,404.89275527574154,402.14076199465995
COMP_02083,2022,2023,41,Umbria,SRL,283895268.44,7409129449.09,2509.8108255917928,196.32614787085424,170.86841583615458,2313.4846777209386,2338.942409755638
COMP_02084,2022,2023,41,Sicilia,SRL,2341442572.03,336112944.53,-85.64504854635003,-64.4042948496987,-65.5242469244167,21.240753696651325,20.120801621933325
COMP_02085,2022,2023,46,Piemonte,SRL,729079653.43,696782239.5,-4.429888254054928,50.86713666714623,59.931164647180005,55.29702492120116,64.36105290123493
COMP_02086,2022,2023,56,Lazio,SNC,196213715.58,430202094.94,119.25179576174865,125.17995651461197,93.9501550641976,5.92816075286332,25.30164069755105
COMP_02087,2022,2023,10,Toscana,SPA,39353603129.71,12954231196.0,-67.08247742067562,-92.39309228745809,-90.84748337854998,25.310614866782473,23.765005957874365
COMP_02088,2022,2023,46,Veneto,SRL,10025951995.97,762327339.43,-92.39645931143075,-90.15873408898392,-88.68490234219423,2.2377252224468265,3.7115569692365113
COMP_02089,2022,2023,25,Campania,SAS,2037494894.35,598964342.09,-70.60290341090247,-86.30723458897096,-88.44246218941072,15.704331178068486,17.83955877850825
COMP_02090,2022,2023,10,Veneto,SAS,116065200.49,153130406.44,31.934814047207446,95.83653376244581,91.15318743131594,63.901719715238364,59.218373384108496
COMP_02091,2022,2023,10,Sicilia,SRL,615557588.09,1173174975.12,90.58736303783022,-8.651651640084175,-6.802959737312235,99.23901467791438,97.39032277514245
COMP_02092,2022,2023,62,Lombardia,SRL,1730239355.47,2463316243.56,42.36852466524019,-62.166494699962584,-59.54839883580419,104.53501936520277,101.91692350104438
COMP_02093,2022,2023,25,Sicilia,SNC,195483430.22,284083093.15,45.3233621030123,51.03535719544931,33.699289631554734,5.711995092437007,11.624072471457566
COMP_02094,2022,2023,10,Lombardia,SRL,620739740.13,1517996182.82,144.5463186394494,-12.0958221504747,-7.790657963892905,156.6421407899241,152.3369766033423
COMP_02095,2022,2023,45,Veneto,SAS,253209226.4,47640301.79,-81.18540052140848,-24.24931559951557,4.922197731080504,56.93608492189291,86.10759825248898
COMP_02096,2022,2023,62,Liguria,SRL,217845138.96,560072066.59,157.0964260500844,168.43198809537236,152.93819454624935,11.335562045287958,4.158231503835054
COMP_02097,2022,2023,41,Emilia-Romagna,SRL,3814716337.02,825004822.68,-78.37310169897242,-76.39956433976157,-74.65819984436773,1.9735373592108516,3.7149018546046904
COMP_02098,2022,2023,45,Veneto,SRL,2323921910.73,698261428.12,-69.95331792793935,-75.69941788948147,-78.18907979999597,5.746099961542114,8.235761872056614
COMP_02099,2022,2023,10,Campania,SRL,1152990067.95,1984079351.14,72.08121789528204,-50.541387118707455,-48.167288111538205,122.6226050139895,120.24850600682024
COMP_02100,2022,2023,46,Umbria,SPA,13787064162.53,11557669330.04,-16.17019262555527,-61.464834050041965,-66.54674484512233,45.2946414244867,50.37655221956706
COMP_02101,2022,2023,46,Sicilia,SAPA,1181792578.14,1817075975.68,53.75591362571086,-57.83702888845107,-54.30596079600467,111.59294251416193,108.06187442171553
COMP_02102,2022,2023,46,Lombardia,SRL,803983957.73,681641049.15,-15.217083301690225,47.31583691946951,39.01381066582194,62.532920221159735,54.230893967512166
COMP_02103,2022,2023,43,Toscana,SRL,154333782.03,164628370.4,6.670340242163509,425.8224845210347,302.47248255288554,419.1521442788712,295.80214231072205
COMP_02104,2022,2023,43,Veneto,SPA,821453284.41,54821795452.15,6573.756924780594,371.4306609141924,395.42264535277855,6202.326263866402,6178.334279427816
COMP_02105,2022,2023,25,Lombardia,SRL,392094389.7,281084205.99,-28.312107142093083,107.68980041158433,104.83883816625055,136.00190755367743,133.15094530834364
COMP_02106,2022,2023,43,Emilia-Romagna,SRL,530449428.83,3331906328.13,528.1289312496968,46.936578366364394,45.66154338270882,481.19235288333243,482.467387866988
COMP_02107,2022,2023,25,Umbria,SRL,712432400.76,9394617818.05,1218.6679617642492,10.753025299711577,19.939279076424828,1207.9149364645375,1198.7286826878244
COMP_02108,2022,2023,56,Lombardia,SPA,1433145693.67,4032420015.27,181.36846330981027,376.59559577132865,273.0063731314102,195.22713246151838,91.63790982159995
COMP_02109,2022,2023,77,Lombardia,SPA,4161800051.05,14655560286.78,252.14474763347843,-19.530728007237393,-33.46458577447303,271.67547564071583,285.60933340795145
COMP_02110,2022,2023,77,Lazio,SRL,450150990.66,482203153.33,7.1203137025214325,21.8357573064729,40.91361373073512,14.715443603951467,33.79330002821369
COMP_02111,2022,2023,68,Lombardia,SRL,19667798.17,711844016.76,3519.3376127166143,1122.3661928156566,1175.4875549722453,2396.9714199009577,2343.850057744369
COMP_02112,2022,2023,47,Lombardia,SNC,2308394577.77,408409038.05,-82.30765909853508,-79.8926758277101,-81.69934000980217,2.4149832708249903,0.6083190887329124
COMP_02113,2022,2023,47,Emilia-Romagna,SRL,602934723.32,1448238740.28,140.19826430055602,84.68310867457907,94.49156131456385,55.515155625976945,45.706702985992166
COMP_02114,2022,2023,41,Toscana,SRL,667898724.68,2460653749.79,268.41719543167795,21.46755525540179,37.63143655937419,246.94964017627615,230.78575887230377
COMP_02116,2022,2023,46,Piemonte,SPA,2637553387.3,6591951523.4,149.92675238881216,113.59750664904386,122.4925433990566,36.3292457397683,27.43420898975556
COMP_02117,2022,2023,46,Emilia-Romagna,SRL,5262479492.84,1087767217.06,-79.3297585569694,-79.37112664216178,-75.9978375422426,0.04136808519238855,3.331921014726788
COMP_02118,2022,2023,56,Lazio,SRL,345572765.87,120202390.51,-65.21647468156719,243.99547075086443,252.45683855922144,309.2119454324316,317.6733132407886
COMP_02119,2022,2023,41,Emilia-Romagna,SRL,1176596775.98,261258083.9,-77.7954445198615,-28.309779662408577,-34.586089422460695,49.48566485745293,43.20935509740081
COMP_02120,2022,2023,43,Veneto,SRL,9759676089.2,387120784.07,-96.03346688423005,-92.45210998470552,-92.35009684776792,3.581356899524536,3.6833700364621365
COMP_02121,2022,2023,71,Sicilia,SRL,1133912956.69,3052478485.47,169.19866004357823,-49.39386055181693,-28.677335037375233,218.59252059539517,197.87599508095346
COMP_02122,2022,2023,10,Sicilia,SRL,6425617185.86,1179733678.34,-81.6401499775604,-91.74133390127567,-91.31948481731051,10.101183923715269,9.679334839750112
COMP_02123,2022,2023,46,Campania,SRL,2549189975.75,3108462580.85,21.93922816346615,-55.618554698699526,-48.6352692571783,77.55778286216568,70.57449742064445
COMP_02124,2022,2023,71,Lombardia,SRL,423733088.14,503918305.35,18.923520360889803,28.30091519399887,38.923998833685516,9.377394833109065,20.000478472795713
COMP_02125,2022,2023,47,Toscana,SRL,8340206607.98,143761815.1,-98.2762799309738,-84.328621214654,-86.95676289364624,13.947658716319793,11.319517037327557
COMP_02126,2022,2023,46,Emilia-Romagna,SRL,3235355614.25,2240256352.58,-30.75702891166348,-58.071733535617426,-67.57461611099559,27.314704623953947,36.81758719933211
COMP_02127,2022,2023,41,Lombardia,SNC,229963961.57,242526626.93,5.462884390333481,48.03485047986444,85.6018035903561,42.57196608953096,80.13891920002261
COMP_02128,2022,2023,43,Emilia-Romagna,SAS,1944484143.33,125274620.14,-93.55743678498386,-84.32719313385564,-87.43154729509213,9.23024365112822,6.125889489891733
COMP_02129,2022,2023,62,Campania,SRL,8452249962.1,1054330448.55,-87.52603799843081,-93.13510977927103,-93.8712776875083,5.609071780840225,6.345239689077488
COMP_02130,2022,2023,46,Lombardia,SPA,15345934001.56,9100187431.31,-40.69968350974978,-65.67084680137468,-61.488631119753734,24.971163291624897,20.78894761000395
COMP_02131,2022,2023,46,Lazio,SRL,401255589.93,1484068830.97,269.8562383215395,171.42956429244705,178.122565294432,98.42667402909242,91.73367302710747
COMP_02132,2022,2023,25,Liguria,SNC,739194584.48,139610303.71,-81.11318634616195,-60.89398259094405,-58.88639419234334,20.219203755217904,22.226792153818614
COMP_02133,2022,2023,10,Sicilia,SRL,528798560.68,1837895525.04,247.56061413567156,7.422770321166732,4.76730336448582,240.13784381450483,242.79331077118573
COMP_02134,2022,2023,77,Puglia,SRL,1427115378.98,1345958009.91,-5.68681203113412,-65.4444907985476,-65.65263539752905,59.75767876741349,59.965823366394936
COMP_02135,2022,2023,43,Emilia-Romagna,SRL,1817565769.96,374276858.65,-79.40779558924919,-57.34359436494816,-60.957385988573954,22.06420122430103,18.450409600675236
COMP_02136,2022,2023,47,Lazio,SRL,108364280.79,114252031.13,5.433294344849578,981.5909645268622,526.3339398128231,976.1576701820126,520.9006454679735
COMP_02137,2022,2023,10,Puglia,SNC,287863158.73,46204371.24,-83.94918910643331,-27.05293526246859,-35.19881546364726,56.896253843964715,48.75037364278605
COMP_02138,2022,2023,47,Lombardia,SRL,3617542402.42,192842381.16,-94.66924337829472,-70.42600919496957,-69.98494092396645,24.243234183325157,24.684302454328275
COMP_02139,2022,2023,71,Emilia-Romagna,SRL,8352167.06,81357178.41,874.08466360346,5971.643430104072,11522.190164544134,5097.5587665006115,10648.105500940674
COMP_02141,2022,2023,25,Sicilia,SPA,393430740385.94,1453516570.22,-99.6305533805533,-98.63945961543784,-98.78313012749487,0.9910937651154512,0.8474232530584231
COMP_02142,2022,2023,46,Puglia,SRL,125067559.66,5790417860.31,4529.831969258398,747.5112551104129,593.7954949969436,3782.320714147985,3936.0364742614547
COMP_02143,2022,2023,56,Lombardia,SRL,4433873242.72,7381731974.72,66.48495729642485,-73.2076600123293,-72.80025383926537,139.69261730875417,139.28521113569022
COMP_02144,2022,2023,45,Piemonte,SNC,91506322.04,817271419.89,793.1310992182022,137.8045534622016,152.30289850163678,655.3265457560005,640.8282007165653
COMP_02146,2022,2023,47,Piemonte,SRL,928854085.26,895724869.59,-3.5666759931110814,20.237521541092004,36.43383887680782,23.804197534203084,40.0005148699189
COMP_02147,2022,2023,68,Campania,SAS,118903489.34,24147362.75,-79.69162815655348,-27.601917191023876,4.796275990614579,52.089710965529605,84.48790414716805
COMP_02148,2022,2023,47,Piemonte,SRL,1005153808.46,880521729.55,-12.399304251848715,7.986506774519037,5.264797942518514,20.38581102636775,17.664102194367228
COMP_02149,2022,2023,25,Veneto,SRL,1429140027.54,138100060.02,-90.3368419218015,-50.19110437177516,-52.0524833936233,40.14573755002633,38.284358528178196
COMP_02150,2022,2023,43,Lombardia,SRL,3304935078.65,308568896.31,-90.6633900828078,-76.72986593802061,-71.51381017601197,13.933524144787185,19.14957990679582
COMP_02151,2022,2023,41,Lombardia,SPA,11429906306.11,6445952467.3,-43.604503005818735,-59.234333690639424,-65.56182976541454,15.62983068482069,21.95732675959581
COMP_02152,2022,2023,71,Puglia,SRL,477891605.85,548195181.95,14.711197108171598,13.580519233413566,12.327322382705756,1.1306778747580317,2.3838747254658426
COMP_02153,2022,2023,56,Veneto,SNC,4213821087.63,108500454.49,-97.42512906377276,-89.63158373503278,-86.507043080064,7.793545328739981,10.918085983708764
COMP_02154,2022,2023,47,Lazio,SPA,73282423393.84,9630947937.25,-86.85776548969919,-91.05577749089734,-93.28194557646431,4.198012001198151,6.424180086765119
COMP_02155,2022,2023,43,Lombardia,SRL,337870419.19,1301316894.45,285.15265632597743,137.91367245771445,104.58757387542838,147.23898386826298,180.56508245054906
COMP_02156,2022,2023,41,Lazio,SPA,4223787940.99,1707175156.19,-59.581892366739865,17.2889584980819,26.933683185553686,76.87085086482176,86.51557555229356
COMP_02157,2022,2023,56,Lombardia,SRL,2899907069.28,1285822369.99,-55.65987670393697,-59.76308535561779,-62.54496781618777,4.103208651680816,6.885091112250798
COMP_02158,2022,2023,46,Piemonte,SRL,261033895.81,4436278532.02,1599.502862742797,305.76686460066134,241.18233946154538,1293.7359981421357,1358.3205232812518
COMP_02159,2022,2023,41,Veneto,SPA,2275658495.72,2313614754.06,1.6679241815671073,85.1301788722767,91.40410151723675,83.4622546907096,89.73617733566965
COMP_02160,2022,2023,47,Toscana,SNC,188432635.48,578270673.84,206.88456506854777,113.9524390685163,93.92491482767107,92.93212600003147,112.9596502408767
COMP_02161,2022,2023,10,Emilia-Romagna,SRL,431173509.49,2616350274.42,506.79754596117647,27.603564690401665,48.11853818070993,479.1939812707748,458.6790077804665
COMP_02162,2022,2023,43,Campania,SRL,166940273.69,4503307901.68,2597.5563188799038,419.3486617636615,341.01258633518427,2178.2076571162424,2256.5437325447197
COMP_02163,2022,2023,46,Emilia-Romagna,SRL,1942802781.13,2330751008.47,19.968482190166302,-44.58271873328929,-37.53513377295695,64.5512009234556,57.50361596312325
COMP_02164,2022,2023,25,Piemonte,SRL,1262708647.97,1603134986.38,26.96000688340008,-24.94254990710486,-26.920701913062107,51.90255679050494,53.88070879646219
COMP_02165,2022,2023,82,Sicilia,SRL,1715141044.0,2430031723.61,41.681159815448986,-69.12094026430584,-63.46254958757589,110.80210007975484,105.14370940302487
COMP_02166,2022,2023,41,Emilia-Romagna,SRL,1480616370.9,2885397888.57,94.87815650829907,-38.91369205540316,-38.0798942260744,133.79184856370222,132.95805073437347
COMP_02167,2022,2023,25,Lazio,SRL,281898841.62,213996736.33,-24.08740131736054,203.85325118650928,190.23339381775324,227.9406525038698,214.32079513511377
COMP_02168,2022,2023,41,Toscana,SRL,943838470.52,470380145.02,-50.1630671230377,-11.341902760951715,-15.387019301618272,38.82116436208598,34.776047821419425
COMP_02169,2022,2023,56,Lombardia,SRL,9142306953.94,1082535306.33,-88.15905753565332,-87.78288209052337,-86.26113920247165,0.3761754451299453,1.8979183331816643
COMP_02170,2022,2023,45,Toscana,SPA,24426783570.23,15550861891.01,-36.33684170370051,-88.70249298344046,-81.78397846632397,52.36565127973996,45.447136762623465
COMP_02171,2022,2023,46,Lazio,SPA,102842867878.51,37732075298.42,-63.310946031771955,-94.49958815570335,-92.18969822056755,31.188642123931395,28.878752188795595
COMP_02172,2022,2023,10,Lombardia,SRL,1334918223.03,11684995372.9,775.3341718848794,-55.711204659142396,-50.6188739574516,831.0453765440218,825.953045842331
COMP_02173,2022,2023,10,Emilia-Romagna,SRL,614583163.08,891505596.49,45.05857791843756,-1.1403024101863974,-2.564538256986116,46.19888032862396,47.623116175423675
COMP_02175,2022,2023,62,Veneto,SRL,453728952.54,811991318.36,78.95955587899499,28.145594277250858,23.38346007672953,50.81396160174413,55.576095802265456
COMP_02176,2022,2023,68,Lombardia,SRL,559918047.42,155078578.7,-72.30334342417186,-54.773469472316364,-63.75508204825828,17.529873951855492,8.548261375913576
COMP_02177,2022,2023,25,Toscana,SPA,8415939119.37,5879902268.38,-30.133735701023493,-52.73333246366629,-54.176197170176536,22.599596762642793,24.042461469153043
COMP_02178,2022,2023,46,Toscana,SRL,1575337633.28,758024860.33,-51.881752564260054,-31.286463563640034,-31.559784013520527,20.59528900062002,20.321968550739527
COMP_02179,2022,2023,71,Sicilia,SRL,951845543.5,100970992.85,-89.3920821986808,-40.70909699914796,-35.335789273103316,48.68298519953284,54.05629292557748
COMP_02180,2022,2023,43,Lombardia,SRL,353810814.74,1764120173.31,398.6054975754131,131.87852856377967,94.73894168129205,266.7269690116334,303.86655589412106
COMP_02182,2022,2023,25,Lazio,SRL,1262803658.03,190203394.25,-84.93800734258869,-35.304895218013264,-33.860783740409815,49.633112124575426,51.077223602178876
COMP_02183,2022,2023,71,Lombardia,SAPA,308731496.65,335561692.71,8.690462862108502,-23.441780824463496,-12.960717798784026,32.132243686572,21.65118066089253
COMP_02184,2022,2023,56,Toscana,SRL,1474097635.26,1082189943.91,-26.586277731927545,-16.85158726250157,-9.915685817697995,9.734690469425974,16.67059191422955
COMP_02185,2022,2023,71,Friuli-Venezia Giulia,SRL,381340900.88,237922811.16,-37.60889256542945,32.05399745190881,14.278301869068272,69.66289001733827,51.88719443449772
COMP_02187,2022,2023,43,Veneto,SNC,258431211.52,226779920.92,-12.247472127626708,28.51864252952536,29.950173898140388,40.766114657152066,42.1976460257671
COMP_02188,2022,2023,71,Veneto,SRL,124248890.77,939697483.43,656.3025131302747,319.9910509298186,365.7158360636091,336.31146220045616,290.58667706666563
COMP_02189,2022,2023,41,Toscana,SRL,463463976.95,719922820.46,55.33522695716816,93.21277252375413,33.75338121428052,37.877545566585965,21.581845742887637
COMP_02190,2022,2023,43,Lombardia,SAS,27180342.03,156655372.28,476.355411963151,984.01197852896,1056.866990050474,507.65656656580893,580.511578087323
COMP_02191,2022,2023,47,Umbria,SRL,21207583159.62,3584369765.75,-83.09864099660933,-93.58186676026698,-94.07238560030048,10.483225763657643,10.973744603691145
COMP_02192,2022,2023,56,Toscana,SRL,9014041386.14,654203095.33,-92.74239969281811,-87.49814813777853,-87.51655732609562,5.2442515550395825,5.225842366722489
COMP_02194,2022,2023,41,Lazio,SRL,1581441981.06,1669719915.37,5.582116534609098,-44.832247679140416,-44.70980390843339,50.414364213749515,50.29192044304249
COMP_02195,2022,2023,62,Piemonte,SRL,1316714424.74,447026408.5,-66.04985864051194,-53.49814261964678,-59.169123202325956,12.551716020865165,6.880735438185987
COMP_02196,2022,2023,56,Piemonte,SRL,3567332094.17,2710991590.87,-24.005068232909842,-64.99893390641381,-72.95474300889536,40.99386567350397,48.94967477598552
COMP_02197,2022,2023,10,Emilia-Romagna,SRL,346404221.49,175345380.02,-49.38128084415915,62.32246891384154,87.73594016213794,111.7037497580007,137.1172210062971
COMP_02198,2022,2023,43,Sicilia,SRL,212588661.64,863253262.07,306.0674051995505,311.42733508111974,319.552034378272,5.359929881569258,13.484629178721548
COMP_02199,2022,2023,41,Campania,SRL,341646845.78,1021805506.14,199.0823766591954,130.91158452630737,76.9485852731569,68.17079213288804,122.13379138603851
COMP_02200,2022,2023,43,Sicilia,SRL,435560375.78,680855610.51,56.3171602308236,83.7856535116429,60.40393887366055,27.468493280819303,4.086778642836947
COMP_02201,2022,2023,82,Lazio,SRL,1204274430.85,848710225.74,-29.525180972167274,-53.77638689995437,-52.44542252747926,24.251205927787094,22.920241555311986
COMP_02202,2022,2023,47,Campania,SNC,1251280762.52,59483327.13,-95.24620461596449,-64.38268838946519,-64.30245361326703,30.8635162264993,30.943751002697454
COMP_02203,2022,2023,56,Lazio,SRL,1683062434.53,2325883743.43,38.193550976586884,-30.06628732759745,-44.67527066991966,68.25983830418434,82.86882164650655
COMP_02204,2022,2023,77,Puglia,SRL,482527598.58,353488499.68,-26.74232505658557,7.802997568926763,31.002058880346905,34.545322625512334,57.74438393693248
COMP_02205,2022,2023,43,Umbria,SRL,1755783313.95,4860666619.0,176.83749927346778,-55.999924115381255,-57.36063281162999,232.83742338884903,234.19813208509777
COMP_02206,2022,2023,62,Lombardia,SRL,462395538.59,131997297.27,-71.45359627116986,47.77497910914576,99.29609770110214,119.22857538031562,170.74969397227198
COMP_02208,2022,2023,68,Lombardia,SRL,84818542.66,273917692.46,222.94553038716407,162.64623394394025,203.75593465253505,60.299296443223824,19.189595734629023
COMP_02209,2022,2023,41,Umbria,SRL,162491956.38,248684741.93,53.04433983700186,441.4881502792512,424.5170471737144,388.44381044224934,371.4727073367125
COMP_02210,2022,2023,71,Veneto,SRL,227906302.15,618252781.47,171.2749825860838,114.8298174071743,57.23392794459399,56.445165178909505,114.04105464148982
COMP_02211,2022,2023,41,Veneto,SPA,487157054.36,9767198735.85,1904.9383763274463,745.5360339633557,617.5438128338152,1159.4023423640906,1287.3945634936313
COMP_02212,2022,2023,43,Lazio,SRL,125735949.12,3710143407.82,2850.741958673338,544.5633086487991,383.21596867332363,2306.178650024539,2467.5259900000146
COMP_02213,2022,2023,56,Sicilia,SRL,1494345210.27,249855040.71,-83.27996509823484,-17.43497509760154,19.788785792831572,65.8449900006333,103.06875089106641
COMP_02215,2022,2023,47,Lombardia,SRL,347155000.92,2346205632.05,575.8380624885972,231.27374320151674,157.38248979156955,344.5643192870805,418.4555726970276
COMP_02216,2022,2023,46,Veneto,SRL,237309188.21,879598158.25,270.65491011314094,388.8895626385271,312.24112470888866,118.23465252538614,41.58621459574772
COMP_02217,2022,2023,56,Lombardia,SRL,315105869.05,616023245.21,95.49722988886995,260.49061845794967,352.1620359696845,164.9933885690797,256.6648060808145
COMP_02218,2022,2023,41,Emilia-Romagna,SRL,2425025540.69,108222047.72,-95.53728214799722,-65.5437568982918,-63.192886909654874,29.993525249705414,32.344395238342344
COMP_02219,2022,2023,10,Lazio,SPA,9544245108.62,12756591902.02,33.65742137635096,-72.63157525465347,-69.62005533438368,106.28899663100444,103.27747671073465
COMP_02220,2022,2023,43,Puglia,SAS,387839151.55,114207060.45,-70.55298311334191,-29.530157782497525,-28.734801984916093,41.022825330844384,41.81818112842582
COMP_02221,2022,2023,46,Sicilia,SRL,986162464.88,958870081.08,-2.767534232132937,12.673031345580258,22.567877702770513,15.440565577713194,25.33541193490345
COMP_02222,2022,2023,25,Lazio,SRL,641412017.05,299439042.88,-53.31564814498044,22.145896059302526,2.5933046076881316,75.46154420428297,55.908952752668576
COMP_02223,2022,2023,43,Lombardia,SAS,106760181.88,509865117.27,377.5798507378864,187.91839600803726,156.30153656119262,189.6614547298491,221.27831417669375
COMP_02224,2022,2023,45,Lazio,SRL,651086628.98,321225967.69,-50.6630986734843,-3.947237078481087,10.256521481370722,46.71586159500321,60.919620154855025
COMP_02225,2022,2023,10,Piemonte,SRL,1422761805.4,100020382.7,-92.96998399026603,-60.37554263458456,-66.75085353883291,32.59444135568147,26.219130451433116
COMP_02226,2022,2023,46,Lombardia,SRL,1215351207.18,485956686.4,-60.01512291022663,-12.21840407671629,8.021765019766837,47.79671883351034,68.03688792999347
COMP_02227,2022,2023,68,Emilia-Romagna,SRL,31497667.55,64239671.38,103.95056642852909,714.217173390047,737.8627653171002,610.2666069615179,633.9121988885711
COMP_02228,2022,2023,25,Lombardia,SRL,2008873097.05,2070613288.81,3.0733744132799896,-62.24372607402754,-64.70322875362186,65.31710048730753,67.77660316690185
COMP_02229,2022,2023,47,Lombardia,SRL,502376406.97,827793078.52,64.77546856005772,132.10085404528832,149.72792249037067,67.3253854852306,84.95245393031296
COMP_02230,2022,2023,47,Veneto,SRL,1776612285.88,32069095487.58,1705.0700055637283,-34.21708598749807,-41.86753225538398,1739.2870915512262,1746.9375378191123
COMP_02231,2022,2023,45,Lazio,SRL,284729721.75,91514768.4,-67.85907426961478,127.58121706316413,206.06297981283825,195.4402913327789,273.92205408245303
COMP_02232,2022,2023,47,Umbria,SPA,17582145652.92,3829566039.42,-78.21900628616396,-63.117187939955215,-65.42514386063874,15.101818346208745,12.79386242552522
COMP_02233,2022,2023,45,Emilia-Romagna,SRL,274510621.82,1568679742.89,471.4459180084488,115.87760940088154,86.60061622594236,355.56830860756725,384.84530178250645
COMP_02234,2022,2023,46,Toscana,SRL,3429427769.66,3050520814.81,-11.048693260204326,-66.84866662228784,-68.14434199470607,55.79997336208351,57.095648734501744
COMP_02235,2022,2023,10,Emilia-Romagna,SRL,1384958500.11,304035290.12,-78.0473357074705,-58.252161367465476,-62.46689987242848,19.79517434000502,15.580435835042017
COMP_02236,2022,2023,47,Emilia-Romagna,SPA,539661426.24,83250190428.05,15326.37408941411,951.8358644777138,691.6218436400754,14374.538224936396,14634.752245774034
COMP_02237,2022,2023,47,Lombardia,SPA,1556894536.71,29740890484.27,1810.2700782236595,264.88115111668924,224.6907195245079,1545.3889271069702,1585.5793586991517
COMP_02238,2022,2023,10,Lazio,SRL,522688087.15,317470216.93,-39.26201405105048,7.537265845455651,-14.820043647453744,46.79927989650613,24.441970403596734
COMP_02239,2022,2023,43,Lombardia,SRL,4316014446.87,2502238472.67,-42.0243258341121,-80.9699957697885,-81.04187841448352,38.9456699356764,39.01755258037142
COMP_02240,2022,2023,77,Veneto,SPA,857412731.01,2102087050.91,145.1662979664205,189.6672594113273,228.13306102340897,44.50096144490681,82.96676305698847
COMP_02241,2022,2023,45,Lazio,SRL,1765689181.5,803697809.81,-54.48248659895864,-66.11984980627979,-61.31535530103216,11.637363207321151,6.832868702073526
COMP_02242,2022,2023,46,Liguria,SRL,2346524260.33,5951033869.58,153.610583542106,-52.31578085155571,-50.18192125648527,205.92636439366171,203.79250479859127
COMP_02243,2022,2023,71,Lombardia,SRL,610025527.76,2785974385.07,356.6980000492824,-7.3112644492545265,14.530821492750928,364.00926449853694,342.1671785565315
COMP_02244,2022,2023,56,Emilia-Romagna,SRL,3379555554.33,4063144206.74,20.22717607154477,-65.5221236222737,-68.83716722983475,85.74929969381847,89.06434330137952
COMP_02245,2022,2023,46,Sicilia,SRL,3854669262.79,1248556451.2,-67.6092456685558,-71.19122370755062,-69.0148649186779,3.5819780389948193,1.4056192501221005
COMP_02246,2022,2023,62,Lazio,SRL,900029814.07,1571037180.54,74.55390432408633,-26.077559187297016,-15.64127847057062,100.63146351138334,90.19518279465696
COMP_02247,2022,2023,68,Veneto,SRL,40556022.04,651259842.45,1505.8277160606851,569.4186315273606,411.9451643659517,936.4090845333245,1093.8825516947334
COMP_02248,2022,2023,46,Emilia-Romagna,SAS,855402213.8,371696890.87,-56.54712077271923,-49.09226266401498,-35.71854613412117,7.454858108704251,20.828574638598063
COMP_02249,2022,2023,46,Lazio,SPA,7052478154.98,206082830628.04,2822.1335550329604,-9.15246244250022,-24.89337595422953,2831.2860174754605,2847.02693098719
COMP_02250,2022,2023,43,Lazio,SAS,513442013.53,861330101.38,67.75606177184665,-42.90083987378092,-45.97929137994185,110.65690164562756,113.7353531517885
COMP_02251,2022,2023,77,Umbria,SNC,94207053.37,258911222.19,174.8320990076202,113.61850382014656,208.6190582382569,61.21359518747364,33.78695923063671
COMP_02252,2022,2023,47,Toscana,SRL,549289638.93,1443570090.7,162.8067213341275,97.88716895144756,100.05399992406001,64.91955238267994,62.752721410067494
COMP_02253,2022,2023,25,Veneto,SRL,182731656.51,160061856.02,-12.406060845160333,363.01777994199193,344.1706468882308,375.42384078715224,356.5767077333911
COMP_02254,2022,2023,68,Emilia-Romagna,SRL,85330442.05,57267740.82,-32.887092291818256,187.9544663768421,242.02559132530513,220.84155866866035,274.9126836171234
COMP_02256,2022,2023,10,Sicilia,SRL,2550745232.06,3412473007.67,33.783372983669665,-78.25816165290263,-81.29017697800047,112.0415346365723,115.07354996167014
COMP_02257,2022,2023,46,Piemonte,SAPA,1062386280.77,2514570414.65,136.6907837728741,-56.958576181822636,-45.763820705174226,193.64935995469676,182.45460447804834
COMP_02259,2022,2023,68,Piemonte,SPA,201989210.29,419143898.31,107.5080632813142,545.5026630628557,438.4593347523538,437.9945997815415,330.9512714710396
COMP_02260,2022,2023,41,Veneto,SRL,293131244.25,398734660.33,36.025984316409144,193.5320508428275,180.06747447432096,157.50606652641835,144.04149015791182
COMP_02261,2022,2023,62,Emilia-Romagna,SRL,2978399860.74,473094403.7,-84.11581970788647,-80.2973297571753,-77.49789444691609,3.818489950711168,6.617925260970381
COMP_02263,2022,2023,10,Piemonte,SRL,626789101.91,292324668.28,-53.36155855467082,-12.273484811268059,-0.30840229870391267,41.08807374340276,53.05315625596691
COMP_02264,2022,2023,77,Emilia-Romagna,SPA,5179499052.75,61203658856.89,1081.6520909371452,-50.88744310734809,-50.24542359258415,1132.5395340444934,1131.8975145297293
COMP_02265,2022,2023,46,Emilia-Romagna,SRL,24027451761.1,547014146.62,-97.72337844204684,-95.76482472013836,-95.04512349892752,1.9585537219084728,2.6782549431193132
COMP_02266,2022,2023,43,Emilia-Romagna,SRL,9228954334.94,1242402083.17,-86.5379972846287,-92.14355583045688,-91.27480976360589,5.605558545828174,4.7368124789771855
COMP_02267,2022,2023,46,Puglia,SRL,2373390484.46,2784166769.72,17.30757277193098,-56.77082138957774,-56.05116034678336,74.07839416150873,73.35873311871434
COMP_02268,2022,2023,62,Lombardia,SRL,247401478.84,433869552.93,75.37063843122499,170.8231807306938,172.65509982054093,95.4525422994688,97.28446138931594
COMP_02269,2022,2023,43,Sicilia,SRL,291440871.33,863546816.68,196.30257854335107,181.9889022579813,179.45427439515322,14.31367628536978,16.848304148197855
COMP_02270,2022,2023,41,Lazio,SRL,547257014.62,7737579309.82,1313.8839892610165,55.079902411126504,76.78405526902877,1258.80408684989,1237.0999339919877
COMP_02271,2022,2023,25,Campania,SRL,1312935071.16,384057914.8,-70.74814107443422,-40.5504754387327,-38.63647800606943,30.19766563570152,32.111663068364784
COMP_02272,2022,2023,43,Piemonte,SRL,1291322508.39,3189605228.82,147.0029917465582,-38.3044226295047,-33.93321153609329,185.3074143760629,180.9362032826515
COMP_02273,2022,2023,62,Toscana,SRL,1485428454.96,886976139.83,-40.28819517572223,-56.568407416717214,-57.61112797425568,16.280212240994985,17.32293279853345
COMP_02274,2022,2023,46,Sardegna,SRL,1569146162.13,942224530.12,-39.95304243417326,-25.077664199818685,-26.55025488461111,14.875378234354578,13.402787549562152
COMP_02275,2022,2023,41,Emilia-Romagna,SPA,22788214364.72,388444638766.84,1604.585679903985,-78.38407972700276,-70.71778109503566,1682.9697596309877,1675.3034609990207
COMP_02276,2022,2023,25,Veneto,SRL,266040561.01,137705712.88,-48.23882780986021,205.48537714793716,238.07856849732144,253.72420495779738,286.31739630718164
COMP_02277,2022,2023,43,Sicilia,SRL,1574701843.48,1670175245.2,6.062951035162907,-50.056498087178035,-60.30589917030051,56.11944912234094,66.36885020546342
COMP_02278,2022,2023,71,Emilia-Romagna,SRL,325519703.87,64385830.75,-80.22060416480558,64.84890356050875,128.38761710309583,145.06950772531434,208.6082212679014
COMP_02279,2022,2023,43,Lazio,SRL,6534057068.99,213172299.92,-96.73752007873186,-87.33264842899882,-88.85851733376406,9.404871649733039,7.879002744967806
COMP_02280,2022,2023,82,Lombardia,SRL,1783628042.65,692574412.18,-61.17046852711414,-69.74695115780818,-69.85014688046189,8.576482630694045,8.679678353347754
COMP_02281,2022,2023,46,Campania,SNC,137138155.63,641577598.12,367.8330368179825,243.94622990778683,205.0030535273307,123.88680691019565,162.82998329065177
COMP_02282,2022,2023,41,Piemonte,SAS,257257783.98,436887318.19,69.82472266960247,26.132167804675557,13.067470188838358,43.692554864926905,56.75725248076411
COMP_02283,2022,2023,68,Lazio,SRL,43792708.55,79329588.84,81.14793870177277,455.10198438720676,440.78304232708325,373.954045685434,359.6351036253105
COMP_02284,2022,2023,46,Lazio,SRL,6374361144.36,393829722.84,-93.8216597095623,-79.81737650642606,-80.92255524064363,14.00428320313624,12.899104468918665
COMP_02285,2022,2023,47,Lombardia,SPA,738577692.17,20977407161.45,2740.243806960472,714.2246440066847,702.4746035451834,2026.0191629537871,2037.7692034152883
COMP_02286,2022,2023,82,Sicilia,SRL,160599580.58,213623862.64,33.016451144208816,270.00219907569533,421.0569250434462,236.98574793148651,388.0404738992374
COMP_02287,2022,2023,10,Lombardia,SRL,757026415.34,2483182721.77,228.01797552265577,-23.801868369779587,-10.092967624379064,251.81984389243536,238.11094314703485
COMP_02288,2022,2023,25,Piemonte,SRL,493253033.57,459821889.99,-6.777686360697385,64.08878713241272,30.764058823226453,70.8664734931101,37.54174518392384
COMP_02289,2022,2023,56,Lombardia,SRL,4093890691.51,3085932029.9,-24.62104480953355,-70.12717562171075,-69.32604586958806,45.5061308121772,44.70500106005451
COMP_02290,2022,2023,41,Emilia-Romagna,SNC,1314610771.98,1454256389.55,10.622582786209243,-74.65707225065908,-61.977393193212556,85.27965503686832,72.5999759794218
COMP_02291,2022,2023,41,Lombardia,SRL,84904862.9,684345895.27,706.0149582668956,844.0462217177459,743.3547993008787,138.03126345085025,37.33984103398302
COMP_02292,2022,2023,10,Lombardia,SRL,1816107668.47,2238927418.65,23.281645550024535,-70.93046198439112,-69.08031642635153,94.21210753441565,92.36196197637607
COMP_02294,2022,2023,56,Lazio,SPA,15610505962.99,211316229.43,-98.64632043361698,-55.348994776256276,-49.073376969609356,43.2973256573607,49.57294346400762
COMP_02295,2022,2023,25,Lazio,SPA,2463344053.46,10233413881.53,315.42771368685595,62.484262396925935,41.26389557126734,252.94345128993,274.1638181155886
COMP_02296,2022,2023,46,Lombardia,SRL,14991258682.01,579087287.16,-96.13716700216158,-93.92747555084793,-91.37918565930146,2.2096914513136454,4.75798134286012
COMP_02297,2022,2023,47,Lazio,SRL,772639295.2,1233364501.42,59.63005105775003,47.447670453725955,47.286289900324824,12.182380604024075,12.343761157425206
COMP_02298,2022,2023,45,Lazio,SRL,352661464.19,483717526.16,37.16200245212849,75.4855923313199,41.09832237585553,38.32358987919142,3.9363199237270408
COMP_02299,2022,2023,10,Lombardia,SPA,32511083734.32,5561896984.7,-82.89230518997238,-92.36459065367367,-86.33989537395207,9.472285463701297,3.447590183979699
COMP_02300,2022,2023,62,Veneto,SPA,993089003.69,3735549556.22,276.1545583870022,164.0915826577102,192.66029772265017,112.06297572929202,83.49426066435205
COMP_02301,2022,2023,10,Liguria,SRL,1633857465.25,255052243.92,-84.38956583761889,-65.88771247062398,-66.54999371663594,18.501853366994908,17.83957212098295
COMP_02302,2022,2023,56,Sicilia,SPA,96002841207.99,14432669748.12,-84.96641394513352,-92.9096813814164,-93.68887313156492,7.943267436282881,8.722459186431394
COMP_02303,2022,2023,68,Lombardia,SRL,106842430.59,334376789.4,212.96254451861583,140.9926739957566,113.66218049700818,71.96987052285922,99.30036402160765
COMP_02304,2022,2023,45,Friuli-Venezia Giulia,SRL,1510883394.78,294952092.83,-80.47816966888116,-60.21234130908004,-64.90481428949973,20.265828359801127,15.57335537938144
COMP_02305,2022,2023,46,Campania,SRL,2444722280.96,223964175.92,-90.83887042449447,-54.5312879065115,-50.55181053459681,36.30758251798297,40.28705988989766
COMP_02306,2022,2023,46,Lazio,SRL,11104003582.3,1806745830.66,-83.72887925270497,-90.23598202152426,-83.35920007211334,6.507102768819294,0.36967918059163196
COMP_02307,2022,2023,43,Emilia-Romagna,SRL,246396886.89,463746673.07,88.21125498920463,236.22529305705453,145.77075419237167,148.0140380678499,57.559499203167036
COMP_02308,2022,2023,68,Lazio,SRL,126498362.34,550041808.85,334.82128833542333,69.42942420623825,88.81202218444443,265.3918641291851,246.0092661509789
COMP_02309,2022,2023,68,Lombardia,SRL,185200628.58,64294947.27,-65.2836236232174,18.155434952447223,15.312355032607764,83.43905857566462,80.59597865582516
COMP_02310,2022,2023,43,Sicilia,SRL,909073287.1,413057769.45,-54.56276459649586,-8.445784828575574,-7.241558450541,46.116979767920284,47.32120614595486
COMP_02311,2022,2023,47,Emilia-Romagna,SRL,129928457.73,787396515.87,506.0231373686144,766.7434149442022,591.5536662935411,260.7202775755878,85.53052892492673
COMP_02312,2022,2023,71,Piemonte,SRL,521736197.74,432632420.59,-17.078319950957987,0.23892936659095015,-2.614256298891223,17.317249317548935,14.464063652066763
COMP_02313,2022,2023,77,Puglia,SRL,1400430197.36,112038299.08,-91.99972270726472,-61.09581830357161,-57.52945258470195,30.90390440369311,34.47027012256277
COMP_02314,2022,2023,46,Lombardia,SRL,5187624648.37,276732502.21,-94.66552572771525,-78.99703239797972,-83.15310838952865,15.668493329735526,11.512417338186594
COMP_02315,2022,2023,46,Lazio,SRL,1623589031.31,385544003.26,-76.25359645667709,-34.73969938424046,-21.427031532830174,41.51389707243663,54.82656492384692
COMP_02316,2022,2023,41,Lombardia,SAS,146864721.86,291307767.89,98.35108404569169,94.87493459917191,97.39783254443243,3.476149446519784,0.9532515012592597
COMP_02317,2022,2023,77,Campania,SPA,14409032476.18,4950906022.78,-65.64026050351063,-77.90532769873923,-78.29872561379939,12.265067195228596,12.658465110288759
COMP_02318,2022,2023,25,Campania,SAS,147864379.78,96985695.73,-34.40902002612113,85.75316571522025,80.7680387622113,120.16218574134137,115.17705878833243
COMP_02319,2022,2023,46,Campania,SRL,307298804.25,1093834523.48,255.95144151297166,263.7406518211168,333.2454268347525,7.78921030814513,77.29398532178084
COMP_02320,2022,2023,41,Umbria,SRL,9509142588.98,1120897365.45,-88.21242446454646,-92.14971020142004,-91.60750977416745,3.9372857368735765,3.3950853096209954
COMP_02321,2022,2023,41,Puglia,SRL,1221291151.42,567377831.96,-53.542786967685174,-29.113698932958194,-14.339321784386051,24.42908803472698,39.20346518329912
COMP_02322,2022,2023,45,Emilia-Romagna,SRL,2698640755.38,1072336098.54,-60.26384407030855,-78.64012459430198,-79.6130300673482,18.37628052399343,19.349185997039655
COMP_02323,2022,2023,82,Lombardia,SRL,3151773335.01,167945351.85,-94.67140133510055,-81.83131066559396,-81.49615582775587,12.840090669506594,13.175245507344684
COMP_02324,2022,2023,10,Veneto,SRL,969004315.07,157415386.29,-83.75493443714662,-39.95845569238603,-48.53042560885706,43.796478744760584,35.22450882828956
COMP_02325,2022,2023,46,Sardegna,SPA,2589707817.64,763560673.02,-70.5155667439027,121.3993746558001,34.41475680824962,191.9149413997028,104.93032355215232
COMP_02326,2022,2023,25,Veneto,SRL,277799588.68,3032694669.01,991.6843626083948,216.5277815503887,197.22626067152666,775.1565810580062,794.4581019368682
COMP_02327,2022,2023,25,Lazio,SAS,107104785.4,2908668645.44,2615.722397068544,164.33593778028143,106.45124999990851,2451.386459288263,2509.2711470686354
COMP_02328,2022,2023,45,Emilia-Romagna,SAS,32223607.87,72993057.87,126.52043856937613,582.7300342119528,516.7140122609568,456.2095956425767,390.1935736915807
COMP_02329,2022,2023,46,Lazio,SRL,4435331600.94,2082625583.11,-53.04464760495879,-76.93324196525205,-67.53320180955791,23.88859436029326,14.488554204599119
COMP_02330,2022,2023,41,Lombardia,SPA,58720601367.22,5685955025.6,-90.31693325134421,-91.31699990284267,-91.15111495070943,1.0000666514984573,0.8341816993652174
COMP_02331,2022,2023,43,Lazio,SRL,2713423129.79,2405469182.32,-11.349278484768915,-68.83840203488386,-70.70412697084743,57.48912355011494,59.35484848607851
COMP_02332,2022,2023,25,Emilia-Romagna,SPA,7841788446.43,37873195389.85,382.96629842254794,-53.955086547584465,-57.96059807052861,436.9213849701324,440.9268964930765
COMP_02334,2022,2023,77,Lazio,SPA,3501063597.56,4628129787.68,32.192108446858484,-21.309936452188513,-19.768851150460875,53.50204489904699,51.96095959731936
COMP_02335,2022,2023,71,Campania,SRL,186247489.26,203061546.9,9.027803653518102,207.11522269946477,241.6921926448947,198.08741904594666,232.6643889913766
COMP_02336,2022,2023,43,Piemonte,SNC,446603524.41,472356411.64,5.766386923171205,-32.65224732671593,-29.9925548193223,38.418634249887134,35.758941742493505
COMP_02337,2022,2023,46,Campania,SRL,4465791498.07,223069835.02,-95.00492051372294,-75.38193467990608,-76.83165914203433,19.622985833816855,18.17326137168861
COMP_02338,2022,2023,71,Lazio,SRL,159525560.94,638194877.12,300.0580680359023,238.3259900779608,203.14082076083537,61.7320779579415,96.91724727506693
COMP_02339,2022,2023,10,Campania,SPA,9135584481.52,4921344090.12,-46.12994822525931,-71.95820046815182,-52.74941432335657,25.828252242892503,6.619466098097256
COMP_02340,2022,2023,62,Veneto,SPA,5125802926.12,6851075481.35,33.65858149634234,-25.980254508142,-17.486635172168636,59.63883600448435,51.14521666851098
COMP_02341,2022,2023,71,Lazio,SRL,198948004.57,559887047.17,181.42380637600382,214.80177510621252,277.1044620361613,33.37796873020869,95.68065566015747
COMP_02342,2022,2023,25,Lazio,SRL,1117016723.56,128648867.55,-88.48281634137149,-31.16906069917204,-24.145582039243276,57.31375564219945,64.33723430212821
COMP_02343,2022,2023,25,Campania,SRL,719725324.45,1241748187.68,72.53084551789526,12.295104599384215,20.933369421979112,60.23574091851104,51.59747609591615
COMP_02345,2022,2023,46,Toscana,SPA,10339403301.32,7274866943.66,-29.63939280005414,-42.107407922979476,-35.03051137764901,12.468015122925337,5.391118577594874
COMP_02346,2022,2023,10,Toscana,SPA,22382225843.41,28712288448.44,28.28164923951815,-88.28872729539032,-89.57176047578912,116.57037653490846,117.85340971530727
COMP_02347,2022,2023,41,Campania,SRL,622247725.46,637953654.18,2.524063661042588,37.96155167474627,59.61855274420661,35.43748801370368,57.09448908316402
COMP_02348,2022,2023,46,Emilia-Romagna,SRL,384832110.91,116994059.45,-69.5986753357593,161.5708548709756,110.07308440345066,231.16953020673492,179.67175973920996
COMP_02349,2022,2023,47,Lazio,SRL,3265146895.35,2583557492.58,-20.874693378747317,-64.60964923843112,-61.92205569264738,43.7349558596838,41.04736231390007
COMP_02350,2022,2023,56,Emilia-Romagna,SPA,4662226625.01,2314617327.82,-50.35382202564991,56.122041209429085,27.71207287899526,106.475863235079,78.06589490464518
COMP_02351,2022,2023,82,Umbria,SRL,335323468.61,225799022.81,-32.662326396063584,70.72395923344713,93.14194569681247,103.38628562951072,125.80427209287606
COMP_02352,2022,2023,41,Emilia-Romagna,SAS,357443762.02,382082247.21,6.892968295421367,-12.924573231640013,8.906601208732816,19.81754152706138,2.013632913311449
COMP_02353,2022,2023,46,Emilia-Romagna,SRL,545275633.34,3608339152.74,561.7459009928036,115.85501066907858,145.6015304542291,445.89089032372505,416.14437053857455
COMP_02354,2022,2023,46,Puglia,SRL,8832084087.28,377469975.74,-95.726150566392,-85.51324123956087,-87.43493343054058,10.212909326831124,8.291217135851412
COMP_02355,2022,2023,45,Lazio,SRL,2350693039.91,360950366.07,-84.64493832491972,-73.53738635086192,-74.14475355229891,11.107551974057799,10.500184772620813
COMP_02356,2022,2023,25,Umbria,SRL,70868532.54,130187366.9,83.70264239141531,1050.5445593214954,767.5316808317758,966.8419169300801,683.8290384403605
COMP_02357,2022,2023,77,Lazio,SRL,2947725433.45,723676542.73,-75.44966249169912,-82.82139772103024,-84.0346659207215,7.371735229331122,8.585003429022379
COMP_02358,2022,2023,62,Sicilia,SRL,1266489325.13,927053028.0,-26.8013547682416,-49.961041652040855,-45.150705322275996,23.159686883799257,18.349350554034398
COMP_02359,2022,2023,46,Lazio,SRL,1926558190.0,695491254.58,-63.899805456693734,-40.9114615016524,-41.6395831289441,22.988343955041337,22.26022232774963
COMP_02360,2022,2023,47,Lazio,SPA,17698035991.42,2520960542.26,-85.75570451160704,-63.641803247644354,-71.18864196314563,22.11390126396268,14.567062548461408
COMP_02361,2022,2023,41,Campania,SRL,758570532.44,98445660.31,-87.02221400647585,13.92369020996633,11.75775823204622,100.94590421644217,98.77997223852206
COMP_02362,2022,2023,46,Lombardia,SRL,1188560582.88,1405240427.79,18.230441765531474,-10.568184754930963,-8.003934991086139,28.798626520462435,26.234376756617614
COMP_02363,2022,2023,47,Piemonte,SRL,1464726052.67,936854818.7,-36.03890522789304,-25.90678575355308,-21.91003138288555,10.132119474339959,14.12887384500749
COMP_02364,2022,2023,46,Liguria,SRL,894827105.5,1778928721.98,98.8013897931705,18.56536487538876,8.607562290715656,80.23602491778175,90.19382750245484
COMP_02365,2022,2023,82,Lazio,SPA,15905556360.62,2276695422.54,-85.68616292997592,-82.46412589544899,-80.03192745198895,3.2220370345269345,5.654235477986973
COMP_02366,2022,2023,47,Lazio,SRL,2205494759.19,3350025714.9,51.89452166870465,-48.36178250167028,-47.68500930422372,100.25630417037493,99.57953097292837
COMP_02367,2022,2023,43,Liguria,SPA,18896983626.61,6375112536.73,-66.2638616686273,-79.0716960026249,-68.90947294569222,12.807834333997604,2.6456112770649156
COMP_02368,2022,2023,56,Lombardia,SRL,1345654217.07,171356441.77,-87.26593803992917,-9.997554406836704,21.795769594004792,77.26838363309247,109.06170763393396
COMP_02369,2022,2023,41,Puglia,SRL,2917216428.29,1519900694.28,-47.89893956647817,-70.93877485243868,-73.0960456027702,23.039835285960514,25.197106036292034
COMP_02370,2022,2023,43,Toscana,SRL,193705149.96,932142846.15,381.21737927075606,328.40400377338426,246.0203177926451,52.813375497371794,135.19706147811095
COMP_02371,2022,2023,43,Emilia-Romagna,SRL,569302020.8,1183471051.71,107.88105583165711,32.88697138673454,43.20819484633693,74.99408444492258,64.67286098532017
COMP_02372,2022,2023,45,Toscana,SRL,984860158.09,278676747.34,-71.7039271970901,-38.05025337246242,-35.16818527887645,33.653673824627674,36.535741918213645
COMP_02373,2022,2023,62,Campania,SPA,3768713501.02,1256346071.41,-66.66379465910659,-16.656435264528135,-16.23075342971833,50.00735939457845,50.43304122938825
COMP_02374,2022,2023,46,Toscana,SRL,857002692.32,159031738.27,-81.44326269973742,40.18696610272053,39.83194947591657,121.63022880245795,121.27521217565399
COMP_02375,2022,2023,62,Lombardia,SRL,1237535245.06,1500410871.39,21.241869868300604,-47.54674660797579,-35.33710347044878,68.78861647627639,56.578973338749385
COMP_02376,2022,2023,46,Lombardia,SRL,554910952.28,1379098457.05,148.52608357856434,80.46546400988845,63.387525022280386,68.06061956867589,85.13855855628395
COMP_02377,2022,2023,43,Veneto,SRL,4319228062.12,527993920.27,-87.77573416646942,-83.81222443091175,-83.08617319612813,3.9635097355576647,4.68956097034129
COMP_02378,2022,2023,62,Piemonte,SRL,1505093392.27,619595971.45,-58.83338704214774,-56.57324209037633,-57.463988622902995,2.2601449517714087,1.369398419244746
COMP_02379,2022,2023,41,Veneto,SRL,1681442892.52,3243449731.72,92.89681178877268,-55.48567858994149,-55.02369516892606,148.38249037871418,147.92050695769873
COMP_02380,2022,2023,41,Veneto,SRL,2674890328.2,402518502.64,-84.9519623890201,-67.62178336549267,-69.69247865260735,17.33017902352742,15.259483736412747
COMP_02381,2022,2023,46,Emilia-Romagna,SRL,4846765324.53,713077368.72,-85.28756147711466,-77.70003184691708,-76.71847965312847,7.587529630197579,8.569081823986195
COMP_02382,2022,2023,41,Umbria,SRL,1578288465.61,3098972102.67,96.3501710995692,-45.984654579711275,-42.08450033843373,142.33482567928047,138.4346714380029
COMP_02383,2022,2023,10,Piemonte,SAS,162888533.35,102312559.76,-37.188605203927935,23.891390389984515,54.968176616326225,61.07999559391245,92.15678182025417
COMP_02384,2022,2023,47,Lombardia,SRL,782977961.84,238596845.44,-69.52700368739667,42.602182125216245,43.35964567948083,112.12918581261292,112.88664936687749
COMP_02385,2022,2023,46,Liguria,SRL,12174398463.06,3024528968.02,-75.15664550329008,-91.07485152100348,-91.6720424309658,15.918206017713402,16.515396927675724
COMP_02386,2022,2023,46,Campania,SNC,1259518007.34,286169890.03,-77.27941257192761,-65.40063130518854,-72.779565399822,11.878781266739068,4.4998471721056035
COMP_02387,2022,2023,77,Emilia-Romagna,SRL,657920788.68,889686628.56,35.22701271455438,-13.546661092670583,23.871332637522624,48.77367380722496,11.355680077031753
COMP_02388,2022,2023,46,Puglia,SRL,3046266563.69,1006591081.11,-66.95656601073357,-54.25593458472275,-62.19393043708322,12.700631426010816,4.76263557365035
COMP_02389,2022,2023,68,Toscana,SRL,124317010.87,460273833.64,270.24203720705174,110.65384314538287,78.682431454239,159.58819406166887,191.55960575281273
COMP_02390,2022,2023,25,Campania,SRL,481492483.36,7786329662.1,1517.1238246056596,54.38539476076863,25.284082170506185,1462.738429844891,1491.8397424351533
COMP_02391,2022,2023,46,Lombardia,SRL,8355412359.79,1583352567.19,-81.0499769609241,-86.84372788817201,-86.39479574966985,5.793750927247913,5.344818788745755
COMP_02392,2022,2023,68,Piemonte,SNC,39263402.22,13076080.83,-66.69651611764988,121.73045741274623,121.77893761163014,188.4269735303961,188.47545372928002
COMP_02393,2022,2023,46,Lazio,SPA,7347032688.79,588155326.17,-91.99465483436056,-26.27098362084382,-25.473537025089588,65.72367121351674,66.52111780927098
COMP_02394,2022,2023,56,Emilia-Romagna,SPA,25178493277.0,23395062903.29,-7.0831497107061745,-76.22208716595792,-65.61210240417728,69.13893745525174,58.528952693471105
COMP_02395,2022,2023,43,Lombardia,SPA,2912306757.22,106125432760.21,3544.033462378604,37.96372353540837,25.115245664053685,3506.0697388431954,3518.91821671455
COMP_02398,2022,2023,45,Toscana,SAS,82297045.46,109125612.02,32.5996716042982,188.12262317578825,242.68222755249056,155.52295157149004,210.08255594819235
COMP_02399,2022,2023,68,Emilia-Romagna,SNC,112715100.74,12124654.21,-89.24309686067004,-13.608571469203248,22.272590338400935,75.63452539146678,111.51568719907097
COMP_02400,2022,2023,41,Lombardia,SRL,223840551.26,2395537873.87,970.1983444847239,283.6350343868071,234.4120101073144,686.5633100979168,735.7863343774095
COMP_02401,2022,2023,77,Lazio,SNC,219560982.45,147416063.38,-32.858715726702194,-2.739374311993332,21.51312617166785,30.119341414708863,54.37184189837004
COMP_02402,2022,2023,77,Campania,SRL,326774774.17,214041451.11,-34.49878386308732,68.49668439361741,52.137352219244825,102.99546825670473,86.63613608233214
COMP_02403,2022,2023,41,Lombardia,SRL,1541017369.29,835790523.26,-45.763718182808184,-44.72392267128517,-40.31397893672672,1.0397955115230104,5.449739246081464
COMP_02404,2022,2023,43,Toscana,SRL,1499896699.67,1596336969.58,6.429794127236773,-46.02642390599434,-42.9524920840145,52.45621803323112,49.38228621125128
COMP_02405,2022,2023,68,Emilia-Romagna,SRL,747845633.14,97073930.05,-87.01952304750206,-67.19738085062265,-65.59156131779972,19.822142196879412,21.427961729702346
COMP_02406,2022,2023,77,Campania,SRL,898851704.43,561238496.2,-37.56050153390929,-38.534580530722074,-56.78152939484533,0.9740789968127856,19.22102786093604
COMP_02407,2022,2023,46,Lombardia,SRL,7501744234.31,7078944237.8,-5.636022547613405,-84.89292838428744,-85.90409535739118,79.25690583667404,80.26807280977778
COMP_02408,2022,2023,43,Lombardia,SRL,612241500.18,1274784286.7,108.21592236482033,40.3728923982488,42.42040899233416,67.84302996657152,65.79551337248617
COMP_02409,2022,2023,46,Piemonte,SRL,3543141980.24,1471359079.05,-58.473042083672425,-66.68903198319212,-70.17702846817495,8.215989899519698,11.703986384502528
COMP_02410,2022,2023,47,Toscana,SRL,344725216.54,394632226.43,14.477330782736356,243.9672893326912,269.74369740833407,229.48995854995485,255.26636662559773
COMP_02411,2022,2023,41,Lazio,SAPA,914887535.8,154062309.47,-83.16051935987038,-60.926303046049696,-59.419158503440165,22.23421631382068,23.741360856430212
COMP_02412,2022,2023,56,Piemonte,SRL,727170169.1,973514130.74,33.87707198507519,65.55029585881746,57.947865809511036,31.673223873742273,24.070793824435846
COMP_02413,2022,2023,10,Lazio,SRL,777546267.15,3453075184.2,344.0989983601646,-28.20565208618291,-41.80259546098011,372.3046504463475,385.90159382114473
COMP_02414,2022,2023,10,Sicilia,SRL,17171542345.05,1564987044.65,-90.88615912768526,-96.92074778996873,-96.81724404072929,6.034588662283468,5.931084913044032
COMP_02415,2022,2023,43,Sicilia,SRL,476186899.32,829177445.18,74.12857144202711,60.315372077316184,19.944341658198443,13.813199364710925,54.18422978382867
COMP_02416,2022,2023,43,Campania,SPA,1974605268.38,5480559304.89,177.55214637841743,146.56816897056154,97.75331867601666,30.98397740785589,79.79882770240077
COMP_02417,2022,2023,43,Lazio,SRL,577163058.82,2038318450.29,253.1616272284139,43.02804922695647,42.60436003865065,210.1335780014574,210.55726718976325
COMP_02418,2022,2023,46,Lazio,SPA,22885377045.74,6355953702.47,-72.22700902079684,-75.13956741379165,-68.65246152228325,2.9125583929948107,3.5745474985135957
COMP_02419,2022,2023,43,Campania,SRL,1603697636.74,1222444857.98,-23.773357896505445,-46.9862955084281,-44.25029182255479,23.212937611922655,20.476933926049348
COMP_02420,2022,2023,41,Lombardia,SRL,1947408639.64,106586234.09,-94.52676588157155,-57.44123755668068,-58.73844956491665,37.085528324890866,35.7883163166549
COMP_02421,2022,2023,43,Lazio,SRL,203573641.18,5261504736.56,2484.570726377966,357.12779431695617,356.28593920238865,2127.4429320610097,2128.284787175577
COMP_02422,2022,2023,77,Veneto,SRL,4823564964.99,1159273728.15,-75.9664535138607,-88.77493704997542,-91.21901843425523,12.808483536114721,15.252564920394533
COMP_02423,2022,2023,45,Piemonte,SRL,1819375906.78,6636022680.32,264.7417037672376,-67.14006134727259,-63.40156688112158,331.8817651145102,328.1432706483592
COMP_02424,2022,2023,46,Lombardia,SRL,425397284.84,2053444369.2,382.71214753341445,165.29948856972896,186.5052153338358,217.4126589636855,196.20693219957866
COMP_02425,2022,2023,46,Umbria,SRL,4499585244.52,954344328.88,-78.79039340254113,-75.40631339934775,-74.93588593651826,3.3840800031933753,3.8545074660228664
COMP_02426,2022,2023,82,Lazio,SRL,471079965.74,277806691.16,-41.02769988878534,13.942641316426363,21.012799580708233,54.9703412052117,62.040499469493575
COMP_02427,2022,2023,41,Sardegna,SAPA,684616232.86,63317195.46,-90.75143234692362,-47.45274058504082,-37.12547596434021,43.2986917618828,53.62595638258341
COMP_02428,2022,2023,47,Lombardia,SRL,729183690.35,1016403345.99,39.38920459152587,55.14593008221069,47.35629011658014,15.756725490684822,7.967085525054273
COMP_02429,2022,2023,56,Emilia-Romagna,SRL,1770141919.39,1781719612.08,0.6540544892575365,-30.82829245768626,-42.608754005943396,31.482346946943796,43.262808495200936
COMP_02430,2022,2023,47,Emilia-Romagna,SRL,1359782354.65,1347270059.54,-0.9201689569814078,-14.988861928436302,-1.8113904005928643,14.068692971454894,0.8912214436114565
COMP_02431,2022,2023,25,Veneto,SRL,2068120358.63,3707381876.58,79.26335191806281,-52.71696741265432,-59.51457912445283,131.98031933071712,138.77793104251563
COMP_02432,2022,2023,47,Lombardia,SRL,3026620007.74,5138780030.8,69.78609860697928,-63.189581879964244,-67.59712541761913,132.97568048694353,137.3832240245984
COMP_02433,2022,2023,10,Lombardia,SAS,44314969.63,1035405351.43,2236.46860208849,404.15708101011126,360.1483498083233,1832.311521078379,1876.3202522801669
COMP_02434,2022,2023,47,Sicilia,SNC,231304690.12,431835286.72,86.69543038490292,78.46195501300011,62.245543193914486,8.233475371902813,24.449887190988434
COMP_02435,2022,2023,56,Campania,SRL,2471901166.73,244314117.17,-90.11634767367356,-52.30307688927189,-49.39990927894238,37.813270784401666,40.71643839473118
COMP_02436,2022,2023,41,Campania,SRL,762371212.73,375592688.27,-50.73362136471184,1.5086833103572308,-2.6100553491162346,52.242304675069065,48.1235660155956
COMP_02437,2022,2023,62,Lombardia,SRL,802817203.99,603734859.83,-24.797966856036602,-21.963386343177667,-15.070630010054138,2.8345805128589348,9.727336845982464
COMP_02438,2022,2023,10,Sicilia,SRL,511069427.7,131583846.45,-74.25323462564067,22.8520225793154,44.37048345034984,97.10525720495608,118.62371807599051
COMP_02439,2022,2023,62,Lombardia,SRL,283845425.09,268817649.19,-5.294351985851123,142.37984308005002,167.1923426250422,147.67419506590116,172.48669461089332
COMP_02440,2022,2023,46,Liguria,SRL,196882893.98,1304322594.27,562.4865004282685,462.59470908063054,350.2779578760682,99.89179134763799,212.2085425522003
COMP_02441,2022,2023,41,Sicilia,SRL,390499043.0,1299173206.9,232.69561864201552,127.51613767792915,147.21516438332839,105.17948096408637,85.48045425868713
COMP_02442,2022,2023,25,Veneto,SRL,479480693.11,764634916.52,59.47147142889887,72.22889938024967,71.79353896238965,12.757427951350799,12.322067533490774
COMP_02444,2022,2023,10,Piemonte,SRL,9988351013.46,77315965.85,-99.22593863846183,-94.61072053250714,-95.4471778446728,4.615218105954682,3.778760793789033
COMP_02445,2022,2023,41,Lombardia,SRL,324250865.32,837292065.76,158.22354087896872,150.5497103376097,146.31764502870342,7.673830541359024,11.905895850265296
COMP_02446,2022,2023,43,Lombardia,SRL,333022506.99,435880498.45,30.886198170110045,168.2885516407048,158.45164660786688,137.40235347059476,127.56544843775683
COMP_02447,2022,2023,47,Lombardia,SAS,231287627.97,776141906.53,235.57432939330081,89.02158296493064,100.35913475527308,146.55274642837017,135.21519463802775
COMP_02449,2022,2023,25,Lombardia,SPA,893404360.35,2825764209.23,216.29174141516154,333.28376070865284,349.8185253095111,116.9920192934913,133.52678389434953
COMP_02450,2022,2023,41,Lombardia,SRL,7564142925.61,174692610.44,-97.69051679538549,-90.05871863313847,-89.80269994720368,7.631798162247023,7.887816848181814
COMP_02451,2022,2023,41,Sicilia,SRL,993330265.43,436462712.9,-56.060665008423875,-13.943924364938626,-18.586039944679506,42.11674064348525,37.47462506374437
COMP_02452,2022,2023,41,Liguria,SRL,148314019.07,449444382.81,203.03567095560607,486.3752327343625,450.6524315787525,283.33956177875643,247.61676062314643
COMP_02453,2022,2023,45,Lombardia,SRL,318529108.65,1818075547.73,470.7721832505119,114.46781494743041,111.63551381981905,356.30436830308145,359.13666943069285
COMP_02454,2022,2023,47,Liguria,SNC,1759493592.45,300471783.08,-82.92282595575644,-74.69015369322868,-80.25574866862088,8.232672262527757,2.6670772871355553
COMP_02455,2022,2023,41,Lazio,SRL,301728625.45,919065292.82,204.59996675797674,219.05766921978216,174.2310391474728,14.457702461805411,30.36892761050393
COMP_02456,2022,2023,43,Piemonte,SRL,504697786.98,1478692850.61,192.98580036543672,45.45666117386895,31.264575230787255,147.52913919156777,161.72122513464947
COMP_02457,2022,2023,45,Emilia-Romagna,SRL,902077369.42,283416575.1,-68.58178857959538,-33.79291961938138,-31.12483575233357,34.788868960214,37.456952827261816
COMP_02458,2022,2023,77,Piemonte,SNC,131588165.88,403995807.26,207.01530381418826,50.6990770314134,117.79692369289245,156.31622678277486,89.21838012129581
COMP_02459,2022,2023,77,Campania,SRL,5179806325.91,1691706393.54,-67.34035430865657,-89.8669656655803,-90.73269253318311,22.526611356923723,23.39233822452654
COMP_02460,2022,2023,62,Lombardia,SNC,710305723.83,129861263.23,-81.71755360075345,-67.66950148910998,-66.51134907573886,14.048052111643472,15.206204525014584
COMP_02461,2022,2023,41,Emilia-Romagna,SAS,981995568.29,495530429.77,-49.538425042702286,-68.3107567069533,-71.3123502090814,18.772331664251013,21.773925166379115
COMP_02462,2022,2023,10,Emilia-Romagna,SRL,355698162.36,3361745946.26,845.1119803249354,66.13427133816481,68.46502834883167,778.9777089867706,776.6469519761038
COMP_02463,2022,2023,43,Liguria,SPA,1740486328.26,1752808481.28,0.707971836372808,128.58301185534407,111.98062853937573,127.87504001897126,111.27265670300292
COMP_02464,2022,2023,41,Emilia-Romagna,SAPA,215964412.71,663291773.36,207.13012622624885,68.57324055804051,97.54779979370896,138.55688566820834,109.58232643253989
COMP_02465,2022,2023,46,Lombardia,SRL,4220885428.1,635204615.41,-84.95091548372275,-72.35103390070708,-74.36628864524629,12.599881583015673,10.584626838476467
COMP_02466,2022,2023,56,Campania,SRL,1550065125.84,880725996.73,-43.181355283203125,-19.888199059135555,-22.100818734236206,23.29315622406757,21.08053654896692
COMP_02467,2022,2023,62,Lazio,SRL,81540380.33,3036757738.77,3624.237888614224,693.4072069134947,706.1320469767796,2930.8306817007297,2918.1058416374444
COMP_02468,2022,2023,62,Piemonte,SRL,1265514066.21,323173840.4,-74.46303845773514,-52.05092789400545,-52.56544210030685,22.41211056372969,21.897596357428284
COMP_02469,2022,2023,43,Sicilia,SRL,2238789375.18,766435940.94,-65.76560754499836,-65.42281651368484,-60.694261125103885,0.3427910313135243,5.071346419894475
COMP_02470,2022,2023,47,Lombardia,SRL,1080235140.36,192013063.54,-82.2248826791536,3.6562662845167586,2.1690923855157207,85.88114896367036,84.39397506466932
COMP_02471,2022,2023,43,Sicilia,SRL,269666551.94,2261818835.54,738.7465257623971,232.87145230296792,222.6572661044721,505.87507345942925,516.089259657925
COMP_02472,2022,2023,10,Umbria,SRL,1173672006.61,455801213.94,-61.16451518201213,-52.19199861505569,-56.06412611834712,8.972516566956443,5.100389063665013
COMP_02474,2022,2023,10,Sicilia,SAS,450810033.3,1215988595.06,169.7341463673231,-53.65863455394247,-62.07595663906106,223.39278092126557,231.81010300638417
COMP_02475,2022,2023,45,Emilia-Romagna,SPA,17626692042.02,26805041235.01,52.07074118677442,-79.11351194036206,-81.25382097358032,131.1842531271365,133.32456216035473
COMP_02476,2022,2023,43,Lazio,SRL,802071561.49,140556103.14,-82.47586501148471,12.780247740643627,-19.80852337479602,95.25611275212835,62.66734163668869
COMP_02477,2022,2023,47,Veneto,SRL,266977831.35,241914137.61,-9.387930680709674,296.04136483853347,409.15807875583334,305.42929551924317,418.54600943654305
COMP_02478,2022,2023,56,Lazio,SRL,1283410191.82,2283040912.01,77.88863814244978,-10.283484416077973,-13.255390954663884,88.17212255852775,91.14402909711366
COMP_02479,2022,2023,43,Veneto,SNC,443738808.59,646572970.71,45.71025977297653,-42.99539565488375,-35.69779986227598,88.70565542786028,81.4080596352525
COMP_02480,2022,2023,62,Lombardia,SRL,954162874.57,4205701544.91,340.7739660595501,-33.436909081582954,-23.056065256288026,374.21087514113304,363.83003131583814
COMP_02481,2022,2023,43,Emilia-Romagna,SRL,12197239200.69,3027561312.39,-75.17830664320554,-93.98014754867181,-94.39870020543935,18.801840905466264,19.22039356223381
COMP_02482,2022,2023,46,Sardegna,SAS,685789362.65,148535149.72,-78.34099538289185,-39.195878241350016,-61.262209739998696,39.14511714154183,17.078785642893152
COMP_02483,2022,2023,56,Lazio,SNC,113095670.78,1384787045.55,1124.438597869732,338.0746715679198,276.40549203009544,786.3639263018122,848.0331058396364
COMP_02484,2022,2023,47,Piemonte,SPA,11572799865.5,43367137143.09,274.73331991485475,-46.19322566641546,-58.06552870136194,320.9265455812702,332.7988486162167
COMP_02485,2022,2023,82,Lombardia,SPA,8497033808.17,2159012854.73,-74.59098194179145,-62.0234534428819,-51.90448170935025,12.567528498909553,22.686500232441205
COMP_02486,2022,2023,41,Piemonte,SRL,715028207.95,39032463.07,-94.54112961754238,26.11227009261572,33.10696130345565,120.6533997101581,127.64809092099803
COMP_02488,2022,2023,47,Liguria,SRL,1273499832.31,3963160154.59,211.20225178210103,-12.572045797171885,-6.777262154899675,223.7742975792729,217.97951393700072
COMP_02489,2022,2023,71,Campania,SRL,2543646680.04,719874025.02,-71.69913452725756,-78.560860314489,-79.37682481805807,6.86172578723145,7.677690290800513
COMP_02490,2022,2023,25,Lombardia,SPA,28699137375.29,1015789850.81,-96.46055615704813,-83.53003318098655,-84.24282010412304,12.930522976061582,12.21773605292509
COMP_02491,2022,2023,56,Lombardia,SRL,142320118.8,6956354219.38,4787.8220999489495,722.885633836073,371.9522858397245,4064.9364661128766,4415.8698141092245
COMP_02492,2022,2023,46,Veneto,SRL,1971747166.5,22710433668.44,1051.7923826284853,-40.963874053127796,-38.16881726000559,1092.756256681613,1089.961199888491
COMP_02494,2022,2023,46,Sicilia,SRL,461968115.11,1220648669.38,164.22790436291245,164.19450562786105,179.9647890329984,0.03339873505140645,15.736884670085942
COMP_02495,2022,2023,43,Piemonte,SNC,669837878.37,212721371.67,-68.24285718394407,-52.95229810644449,-56.97507179791338,15.29055907749958,11.267785386030688
COMP_02496,2022,2023,46,Liguria,SAPA,1069798878.88,710767397.85,-33.560652204634884,-57.80939117313672,-58.09693690568357,24.248738968501833,24.536284701048686
COMP_02497,2022,2023,68,Emilia-Romagna,SRL,1119790963.79,55283929.14,-95.0630134616475,-77.1146330921781,-70.05171045637125,17.948380369469405,25.011303005276247
COMP_02498,2022,2023,46,Lombardia,SRL,347612752.57,739043648.36,112.60544755508536,240.7850314498981,286.71527400487633,128.17958389481274,174.10982644979097
COMP_02499,2022,2023,47,Campania,SRL,240036067.59,462357172.07,92.61987446809097,402.743920659363,314.64274513199734,310.12404619127204,222.02287066390636
COMP_02500,2022,2023,46,Veneto,SRL,2874162215.02,922581473.4,-67.90085581882927,-59.71568675424617,-63.227212275623216,8.1851690645831,4.673643543206055
COMP_02501,2022,2023,10,Veneto,SRL,2943227655.19,465710121.65,-84.17689094390029,-79.99439407216185,-82.85433972038464,4.1824968717384365,1.3225512235156458
COMP_02502,2022,2023,41,Liguria,SRL,692729093.15,870598331.59,25.67659424136315,20.11035833307423,20.39648428263944,5.56623590828892,5.28010995872371
COMP_02503,2022,2023,46,Sardegna,SNC,51802810.1,301311490.48,481.6508600563351,714.8354728879351,580.8114926064986,233.18461283160002,99.16063255016354
COMP_02504,2022,2023,43,Lombardia,SRL,1827761783.11,494466294.43,-72.94689608901612,-55.2831243776465,-53.37257156664253,17.66377171136962,19.574324522373594
COMP_02505,2022,2023,41,Lazio,SPA,6977393767.31,14542597474.36,108.4244914267841,-45.089307035601074,-68.56844274183688,153.51379846238518,176.992934168621
COMP_02507,2022,2023,43,Piemonte,SRL,264740776.88,2029672519.74,666.6641095716044,175.97436170832256,157.4069910551954,490.6897478632818,509.25711851640904
COMP_02509,2022,2023,46,Emilia-Romagna,SRL,1302337446.49,5046821707.18,287.5202790783573,-11.216620374315669,-21.02180554281974,298.73689945267296,308.542084621177
COMP_02510,2022,2023,25,Lazio,SRL,2561170274.21,2589203031.5,1.0945292303397025,-68.02855336034682,-68.96680707783466,69.12308259068652,70.06133630817436
COMP_02511,2022,2023,71,Emilia-Romagna,SRL,680373242.94,61202318.26,-91.00459653652234,-23.664902103522284,-22.53187014014571,67.33969443300006,68.47272639637663
COMP_02512,2022,2023,68,Piemonte,SPA,528174079.94,5488513826.36,939.1486509492266,134.41234014588156,134.27103450161803,804.7363108033451,804.8776164476086
COMP_02513,2022,2023,47,Sicilia,SRL,415861189.08,1229582060.59,195.67127033666588,195.41124192825447,512.048704592896,0.26002840841141506,316.3774342562301
COMP_02514,2022,2023,25,Emilia-Romagna,SRL,1025353974.99,1187763951.0,15.839405704901464,-25.146136932680548,-23.41771098352798,40.985542637582014,39.25711668842944
COMP_02515,2022,2023,56,Friuli-Venezia Giulia,SRL,2990340742.53,681925251.54,-77.19573419037685,-61.96547687941291,-56.88057344253345,15.230257310963943,20.3151607478434
COMP_02516,2022,2023,62,Lazio,SNC,415794662.43,378534685.79,-8.961148376038325,-38.870360574676845,-20.812512437386626,29.90921219863852,11.851364061348301
COMP_02517,2022,2023,56,Piemonte,SAS,1815806852.66,514752283.91,-71.65159481825215,-77.59280621320562,-76.40135961826971,5.94121139495347,4.749764800017559
COMP_02518,2022,2023,25,Toscana,SRL,359812907.82,2447777403.27,580.2917155197015,136.14165062181766,147.42855638228616,444.1500648978838,432.8631591374153
COMP_02519,2022,2023,47,Puglia,SPA,18019757442.48,3100554169.8,-82.7935854314514,-64.64080855892851,-70.56983236579856,18.152776872522892,12.223753065652843
COMP_02520,2022,2023,62,Toscana,SRL,327838676.77,845944237.55,158.03674108393395,102.00266728101616,143.1221918549296,56.03407380291779,14.914549229004336
COMP_02521,2022,2023,46,Lazio,SRL,648881534.32,757797379.06,16.785166317629766,63.54097339570719,83.54093467980267,46.755807078077424,66.75576836217292
COMP_02522,2022,2023,47,Lombardia,SRL,116709286.1,1084169138.32,828.9484792076025,861.7818450015925,587.617684207445,32.83336579398997,241.33079500015754
COMP_02523,2022,2023,46,Campania,SRL,967177104.89,458274006.35,-52.61736407603229,18.444485078815347,10.353933594356036,71.06184915484764,62.971297670388324
COMP_02524,2022,2023,46,Veneto,SRL,756192148.47,3524396609.13,366.0715687488815,37.821208107645965,69.56698636130002,328.2503606412355,296.5045823875814
COMP_02525,2022,2023,10,Lombardia,SRL,1777177964.4,190906695.01,-89.25787406583939,-66.44394096916061,-66.80670715891357,22.81393309667878,22.45116690692582
COMP_02526,2022,2023,47,Lombardia,SRL,2330849721.53,2837542053.14,21.7385242355908,-50.814057671135316,-47.742185892858046,72.55258190672612,69.48071012844885
COMP_02527,2022,2023,25,Sardegna,SPA,1529773802.18,1321476867.79,-13.616191759406988,161.11767749189897,169.96860132233274,174.73386925130598,183.58479308173975
COMP_02528,2022,2023,45,Lazio,SRL,1206872251.54,61161236.28,-94.93225267198275,-51.56229311681505,-59.24071558752965,43.3699595551677,35.6915370844531
COMP_02529,2022,2023,43,Lombardia,SRL,1156939116.51,3495545349.49,202.1373639811396,-33.842268281561005,-39.32042485090119,235.9796322627006,241.4577888320408
COMP_02530,2022,2023,46,Toscana,SAS,152550863.44,169146622.51,10.878836537380396,182.92048272333724,197.19160244723082,172.04164618595684,186.3127659098504
COMP_02531,2022,2023,25,Veneto,SRL,773684843.76,158508523.06,-79.51252059046799,8.55736476081368,-13.332555112926359,88.06988535128167,66.17996547754163
COMP_02532,2022,2023,47,Lombardia,SRL,338347213.61,819933532.55,142.33494456824644,251.9395613777496,245.631881226222,109.60461680950317,103.29693665797555
COMP_02533,2022,2023,62,Lazio,SPA,12470635182.15,36448526377.74,192.27481876713907,-74.30346355086002,-67.86869962531387,266.5782823179991,260.14351839245296
COMP_02534,2022,2023,25,Puglia,SRL,673968358.23,1626422199.55,141.32026076437307,17.288371038741836,2.3874665985325976,124.03188972563123,138.93279416584048
COMP_02535,2022,2023,25,Veneto,SRL,1954621910.93,638063554.84,-67.35616482798905,-56.52367924784224,-63.9466351413182,10.832485580146809,3.409529686670851
COMP_02536,2022,2023,25,Veneto,SRL,791005838.2,677644942.15,-14.331233800746942,9.44181166164942,8.883707411639723,23.77304546239636,23.214941212386663
COMP_02537,2022,2023,68,Lazio,SAS,338104341.83,7018923.24,-97.92403634865796,-74.90438440018781,-64.57638414907107,23.019651948470155,33.34765219958689
COMP_02538,2022,2023,46,Veneto,SRL,1019173320.5,986428491.7,-3.2128812775373228,7.99130019213344,1.47167620554476,11.204181469670763,4.684557483082083
COMP_02539,2022,2023,46,Veneto,SAS,390490349.15,119241575.66,-69.46363055590001,8.791574918507221,20.29979829306313,78.25520547440723,89.76342884896314
COMP_02540,2022,2023,25,Toscana,SRL,878622285.36,749867802.5,-14.65413352305822,-11.669574230317265,-18.40981631465198,2.984559292740956,3.7556827915937596
COMP_02541,2022,2023,47,Veneto,SRL,1463043319.65,712400604.67,-51.306937046783716,-22.813533004466777,-45.340933768500975,28.49340404231694,5.9660032782827415
COMP_02542,2022,2023,68,Emilia-Romagna,SPA,5813619611.28,932366353.96,-83.96237772160126,-80.30533106120619,-80.38539969460658,3.6570466603950678,3.5769780269946807
COMP_02543,2022,2023,62,Emilia-Romagna,SRL,261551751.41,65617925.1,-74.9120681676723,144.5227324367604,190.46085800123447,219.43480060443272,265.37292616890676
COMP_02544,2022,2023,47,Lazio,SRL,1910973189.53,775827388.35,-59.40145091513224,-40.95127739652503,-37.384379763076396,18.450173518607208,22.01707115205584
COMP_02545,2022,2023,10,Piemonte,SRL,636594250.88,111761658.81,-82.4438158755745,-11.160289793338507,-3.49047154784355,71.283526082236,78.95334432773095
COMP_02546,2022,2023,25,Lazio,SPA,15309539892.12,1103840709.02,-92.78985053242417,-73.52953679325495,-75.65661685672696,19.26031373916922,17.133233675697213
COMP_02547,2022,2023,10,Campania,SRL,2213583387.24,608526136.8,-72.50945501724517,-73.29623976513463,-73.13848933379312,0.7867847478894561,0.6290343165479442
COMP_02548,2022,2023,41,Campania,SRL,3644153004.05,429036674.31,-88.226710738183,-77.85768142380375,-76.20293553175847,10.369029314379247,12.023775206424531
COMP_02549,2022,2023,25,Lazio,SRL,1157091955.63,811907935.74,-29.832030048299682,-38.05487406966372,-25.1094225520715,8.222844021364036,4.722607496228182
COMP_02550,2022,2023,41,Lombardia,SAS,886534703.49,258279735.11,-70.86637058952839,-66.0799045653433,-63.51276190060085,4.7864660241850885,7.353608688927537
COMP_02551,2022,2023,43,Lazio,SRL,195217223.74,249703996.36,27.91084289394884,347.61635735191464,413.5258914542651,319.7055144579658,385.61504856031627
COMP_02552,2022,2023,71,Veneto,SRL,549233570.94,328298123.33,-40.22613680221228,-7.935297641286153,18.16636642533178,32.290839160926126,58.39250322754406
COMP_02553,2022,2023,47,Sardegna,SRL,2476805142.63,5870447410.6,137.0169259405871,-55.71953786436264,-50.07463678567396,192.73646380494975,187.09156272626106
COMP_02554,2022,2023,62,Lazio,SRL,417043877.74,1866977412.32,347.66930099473615,42.623281507244315,49.28734581106263,305.04601948749183,298.38195518367354
COMP_02555,2022,2023,56,Sardegna,SRL,700677359.38,116250301.27,-83.40886861638215,69.00156660684692,6.4645140150934655,152.41043522322906,89.87338263147562
COMP_02556,2022,2023,25,Sicilia,SRL,143400150.05,1093520203.79,662.5655924409543,498.9048803181171,482.7076705575944,163.66071212283725,179.85792188335995
COMP_02557,2022,2023,56,Lombardia,SRL,3405404140.06,138571654.54,-95.93083085470265,-62.72445781385858,-55.099064663850065,33.20637304084407,40.83176619085258
COMP_02558,2022,2023,41,Lazio,SPA,1350328599.21,2134048503.71,58.03919912223659,222.48174628211908,202.6022969438836,164.44254715988248,144.563097821647
COMP_02559,2022,2023,47,Sicilia,SPA,33489448028.57,1510273396.16,-95.49030072137475,-80.84003881285877,-77.24224611808428,14.650261908515986,18.24805460329047
COMP_02560,2022,2023,43,Veneto,SRL,151760399.1,1293688670.42,752.4547102485843,397.74237808027584,385.728495292358,354.7123321683085,366.72621495622633
COMP_02561,2022,2023,82,Puglia,SAS,121635181.76,134687767.71,10.730929786214512,90.37019896961617,51.895821783484045,79.63926918340165,41.164891997269535
COMP_02562,2022,2023,41,Lazio,SRL,372569394.35,3834526454.02,929.2113394633162,129.81188999975112,115.67063315677548,799.3994494635651,813.5407063065408
COMP_02563,2022,2023,41,Lazio,SAS,52390075.1,504547310.04,863.0589554928887,480.7049036852575,422.3954862138178,382.3540518076312,440.6634692790709
COMP_02564,2022,2023,71,Campania,SRL,133213900.93,142717065.92,7.133763761631464,300.19089285880847,349.8407354347576,293.057129097177,342.70697167312613
COMP_02565,2022,2023,10,Lombardia,SRL,87986307.71,1385165380.26,1474.2965198920042,590.5089455363733,546.0335897610756,883.7875743556309,928.2629301309286
COMP_02566,2022,2023,47,Lombardia,SAS,264206999.65,58895961.46,-77.70840229894719,76.22934835993125,45.48150912253493,153.93775065887843,123.18991142148212
COMP_02567,2022,2023,56,Lombardia,SAS,983452347.11,557987020.76,-43.262424214074436,-55.51532436017927,-49.161699981140515,12.252900146104835,5.899275767066079
COMP_02568,2022,2023,62,Veneto,SRL,328638663.92,1277588793.28,288.7518218461968,69.7947537362943,76.94756334561441,218.95706810990248,211.80425850058236
COMP_02569,2022,2023,77,Friuli-Venezia Giulia,SRL,612869502.73,1665238290.48,171.71172379475075,-9.212379392940802,-1.0635657747537688,180.92410318769154,172.7752895695045
COMP_02570,2022,2023,77,Campania,SRL,304134584.42,176936377.95,-41.82299974617271,93.89213568896844,125.2943025214359,135.71513543514115,167.1173022676086
COMP_02571,2022,2023,10,Umbria,SRL,684804189.82,76973609.28,-88.7597636778139,-11.081300922860573,-6.488903925295542,77.67846275495332,82.27085975251835
COMP_02572,2022,2023,62,Lombardia,SRL,489453344.39,292504181.0,-40.23859794756443,20.736125255782518,15.540752517987961,60.97472320334695,55.77935046555239
COMP_02573,2022,2023,47,Piemonte,SRL,2270212196.65,1282492873.78,-43.50779739125318,-48.54777257483085,-37.54041178044904,5.039975183577674,5.967385610804136
COMP_02574,2022,2023,47,Lombardia,SAS,280602686.59,261886603.83,-6.669958505189508,56.080661657924594,81.43163000141831,62.7506201631141,88.10158850660783
COMP_02575,2022,2023,25,Toscana,SRL,934341555.22,1420600625.35,52.04296730819227,-15.763954773471697,-10.512970179596211,67.80692208166397,62.555937487788476
COMP_02576,2022,2023,47,Sicilia,SRL,417084491.02,1035599685.47,148.29493969852288,189.12146764957475,203.0608648317382,40.82652795105187,54.76592513321532
COMP_02577,2022,2023,82,Emilia-Romagna,SRL,445656741.88,160409933.81,-64.00594476966471,17.920679225332698,38.45579419479469,81.92662399499741,102.4617389644594
COMP_02578,2022,2023,71,Campania,SRL,2000034250.28,381746180.92,-80.913017821242,-72.19740643857358,-74.0216505692227,8.715611382668413,6.891367252019293
COMP_02579,2022,2023,45,Toscana,SRL,212389005.97,657256856.3,209.45898225675467,196.98955642906284,172.72725989995885,12.469425827691822,36.731722356795814
COMP_02580,2022,2023,10,Lazio,SRL,4722281514.42,876812040.34,-81.43244875040679,-88.06332202687504,-84.1604203328507,6.63087327646825,2.7279715824439137
COMP_02581,2022,2023,43,Emilia-Romagna,SPA,1842905559.76,6599236675.39,258.08870619769647,152.42960168889653,149.03131158552108,105.65910450879994,109.05739461217539
COMP_02582,2022,2023,62,Sicilia,SAS,302729908.68,109332803.05,-63.88437352400155,-25.58396828847418,-21.95372395839703,38.30040523552738,41.930649565604526
COMP_02583,2022,2023,47,Piemonte,SRL,676088803.92,3325321247.56,391.8468148384658,60.402098557493375,61.12013318261143,331.4447162809724,330.72668165585435
COMP_02584,2022,2023,46,Liguria,SRL,3655244753.0,2824777095.42,-22.71989192784979,-70.51272323994121,-69.44061568315104,47.79283131209142,46.72072375530125
COMP_02585,2022,2023,10,Emilia-Romagna,SRL,983652054.74,498597654.84,-49.31158305039175,-37.671140059380235,-35.95231607236815,11.640442991011511,13.359266978023598
COMP_02587,2022,2023,46,Toscana,SPA,155429059.28,4770937380.26,2969.527282967932,2717.1317196211885,1919.1804057013765,252.39556334674353,1050.3468772665556
COMP_02588,2022,2023,71,Lombardia,SRL,207916326.58,438520613.59,110.91206294531675,140.1939897926163,140.2188704903519,29.281926847299545,29.30680754503514
COMP_02589,2022,2023,47,Puglia,SRL,1548374828.67,126983432.46,-91.79892167524613,-24.79401549566385,-21.367357415380873,67.00490617958229,70.43156425986527
COMP_02590,2022,2023,43,Veneto,SPA,62368944972.05,730067402.08,-98.8294376273205,-92.25539759887548,-91.77232987697741,6.574040028445026,7.057107750343093
COMP_02591,2022,2023,46,Veneto,SRL,690798168.79,3706723175.03,436.5855531323549,51.33498975771153,50.2516600696295,385.2505633746434,386.3338930627254
COMP_02592,2022,2023,10,Liguria,SRL,690156774.16,5160546730.51,647.7354310969386,-16.307644791942476,-20.21842234173705,664.043075888881,667.9538534386757
COMP_02593,2022,2023,77,Sicilia,SAS,124927995.9,122984240.38,-1.5559006658170609,61.62028664234746,73.9711795157519,63.17618730816452,75.52708018156896
COMP_02594,2022,2023,43,Lazio,SPA,96406088382.25,11565266322.78,-88.0035934277058,-94.64968035803378,-93.81619984366546,6.646086930327982,5.812606415959664
COMP_02595,2022,2023,46,Veneto,SRL,2596349474.35,8626147580.27,232.24138990108676,-56.39893825434458,-63.00119528232128,288.64032815543135,295.24258518340804
COMP_02596,2022,2023,43,Lombardia,SRL,696302347.73,1935537004.85,177.9736433691487,14.714070384935455,21.204317515800682,163.25957298421324,156.76932585334802
COMP_02597,2022,2023,47,Piemonte,SRL,834981799.54,773482926.33,-7.365295057195293,36.13359737369084,95.89910955996973,43.49889243088613,103.26440461716503
COMP_02598,2022,2023,47,Lombardia,SRL,8413756304.03,844727212.66,-89.96016544649154,-87.0424318669895,-86.34026367301338,2.917733579502041,3.619901773478162
COMP_02599,2022,2023,56,Lazio,SRL,1258486379.2,599910681.77,-52.330776742188206,-1.5219494801889148,12.587765046067451,50.80882726199929,64.91854178825565
COMP_02600,2022,2023,41,Emilia-Romagna,SRL,1127996210.22,46092347.96,-95.91378521112138,-19.93004553515536,-23.821313110859325,75.98373967596602,72.09247210026206
COMP_02601,2022,2023,43,Lazio,SPA,9541037187.51,3384153274.45,-64.53055147002117,-48.37837203186551,-42.29088822156657,16.152179438155656,22.239663248454598
COMP_02602,2022,2023,25,Veneto,SAS,647971308.77,519626737.93,-19.807137924613944,-51.77580156326108,-52.87230428404547,31.96866363864714,33.06516635943153
COMP_02603,2022,2023,47,Lombardia,SRL,819464188.32,343105582.5,-58.13049705034608,45.787766563652916,58.82999210288918,103.91826361399899,116.96048915323526
COMP_02604,2022,2023,10,Lazio,SRL,255368344.64,1629903211.44,538.2557766655539,137.59586762755953,146.4087254564984,400.65990903799434,391.8470512090555
COMP_02605,2022,2023,47,Sicilia,SRL,448457665.45,452062599.96,0.8038516871782441,153.0297825357272,165.84335904408726,152.22593084854896,165.039507356909
COMP_02606,2022,2023,68,Lazio,SRL,140877475.01,427255419.19,203.28157085415668,59.24636814065461,86.47011852236008,144.0352027135021,116.8114523317966
COMP_02607,2022,2023,68,Lombardia,SRL,82352353.21,239416864.5,190.7225539620983,219.45345821637554,120.32280712969262,28.73090425427725,70.39974683240567
COMP_02608,2022,2023,46,Puglia,SRL,521063079.98,1559891894.52,199.367188820953,123.1260931996865,162.68122659302205,76.24109562126651,36.68596222793096
COMP_02609,2022,2023,46,Lazio,SAS,769794802.44,1021595830.15,32.71014910881085,-46.08807665112139,-41.57996394361118,78.79822575993225,74.29011305242204
COMP_02611,2022,2023,47,Lazio,SAS,597574035.55,1604491532.02,168.50087797794717,-27.17831908094458,-27.643007742745144,195.67919705889176,196.1438857206923
COMP_02612,2022,2023,62,Lombardia,SAPA,205191971.44,114305408.09,-44.2934305432004,18.98522437790844,36.1480764837822,63.27865492110884,80.4415070269826
COMP_02613,2022,2023,41,Veneto,SRL,759863767.39,1661191690.65,118.61704188843021,3.383274212204854,-1.2802712386319257,115.23376767622536,119.89731312706213
COMP_02614,2022,2023,45,Lombardia,SRL,512244061.64,22205713.54,-95.66501298835828,22.94032010172947,10.743865703228755,118.60533309008775,106.40887869158703
COMP_02615,2022,2023,62,Lazio,SNC,113078265.28,128087352.83,13.273185180932055,129.4735435710958,137.43520595936099,116.20035839016374,124.16202077842892
COMP_02616,2022,2023,68,Campania,SNC,26164437.07,16745428.79,-35.99927739626313,230.74716145736213,294.1686847258954,266.74643885362525,330.16796212215854
COMP_02617,2022,2023,41,Lombardia,SRL,7302801143.04,680694935.07,-90.67898849034466,-88.06094371641244,-89.8569816045226,2.618044773932226,0.8220068858220628
COMP_02618,2022,2023,46,Emilia-Romagna,SRL,1142819159.0,2273560390.86,98.94314624979087,0.3538381089163305,-3.671002977725967,98.58930814087454,102.61414922751683
COMP_02619,2022,2023,41,Lombardia,SRL,888837717.87,423265918.43,-52.37984280816645,1.038797303404394,-1.736497946073268,53.418640111570845,50.64334486209318
COMP_02620,2022,2023,25,Veneto,SAPA,112974255.81,75714400.59,-32.98083705252601,153.04439590241904,132.81386003217108,186.02523295494507,165.79469708469708
COMP_02621,2022,2023,71,Emilia-Romagna,SRL,1415765477.76,837957043.47,-40.81243986851542,-61.412388879027006,-59.76925597020478,20.599949010511587,18.956816101689363
COMP_02622,2022,2023,62,Piemonte,SRL,2327483418.68,604971471.38,-74.00748522955745,-73.76549882362517,-70.27495217921727,0.2419864059322805,3.73253305034018
COMP_02623,2022,2023,56,Umbria,SPA,8755822290.47,788779415.53,-90.99137249063949,-27.13796397154861,-32.06086741895785,63.85340851909088,58.930505071681644
COMP_02624,2022,2023,10,Campania,SRL,1104902389.94,4046665277.64,266.24640461314846,-49.31453224036948,-42.5963827543208,315.56093685351794,308.84278736746927
COMP_02625,2022,2023,62,Sicilia,SRL,132210549.22,1542729190.62,1066.8729913926002,400.4085702040516,265.01550100972753,666.4644211885486,801.8574903828726
COMP_02626,2022,2023,45,Lazio,SRL,82669684.31,161249472.0,95.0527250053799,635.8553604388577,523.6463038007292,540.8026354334778,428.59357879534934
COMP_02627,2022,2023,43,Toscana,SAS,158679495.22,321847314.43,102.82854692963146,98.4674977859769,93.46073285361737,4.361049143654554,9.367814076014085
COMP_02628,2022,2023,46,Piemonte,SRL,2672079520.18,1548278512.86,-42.05716928829637,-57.92073766157254,-60.3364511278971,15.863568373276166,18.279281839600728
COMP_02629,2022,2023,25,Campania,SRL,167820569.49,160272440.11,-4.4977379131404795,395.14599961784234,326.98706430865434,399.64373753098283,331.48480222179484
COMP_02630,2022,2023,56,Emilia-Romagna,SRL,666617913.99,274263349.72,-58.85748883068356,84.39819548963031,75.7792465466939,143.25568432031386,134.63673537737745
COMP_02631,2022,2023,46,Puglia,SRL,1504790809.33,1286543779.93,-14.503479689457512,-28.64090090833738,-37.32125332253622,14.137421218879867,22.81777363307871
COMP_02632,2022,2023,41,Lazio,SRL,1480496664.24,1310068032.89,-11.51158496108385,-42.80308559667565,-54.95337270545637,31.291500635591802,43.44178774437252
COMP_02633,2022,2023,41,Lombardia,SRL,1950302461.68,1885605473.2,-3.31727974256207,-56.127339820533535,-60.72168916175686,52.810060077971464,57.40440941919479
COMP_02634,2022,2023,41,Puglia,SRL,1775005737.52,5745619969.81,223.69585339130552,-52.645901349347476,-53.62102064691571,276.341754740653,277.3168740382212
COMP_02635,2022,2023,10,Toscana,SPA,2029826319.0,199656794.28,-90.16384838391683,61.3709908172719,26.94423309115631,151.53483920118873,117.10808147507313
COMP_02636,2022,2023,46,Sicilia,SPA,6385420950.35,21692308934.09,239.71619260122534,-18.45268594959896,-36.061360720503615,258.1688785508243,275.777553321729
COMP_02637,2022,2023,62,Veneto,SRL,755897787.22,373064460.92,-50.64617634455099,-10.282513924729866,1.516813389791507,40.363662419821125,52.162989734342496
COMP_02638,2022,2023,10,Sardegna,SRL,748345792.15,468619738.62,-37.3792512050273,-23.88601163834422,-21.31047297217058,13.493239566683084,16.068778232856722
COMP_02639,2022,2023,10,Puglia,SRL,163935592.65,290148872.39,76.9895528480282,214.2813626477134,243.31540677875236,137.2918097996852,166.32585393072418
COMP_02640,2022,2023,46,Lombardia,SPA,4657156272.82,43390615465.15,831.697648163224,22.783920997877196,47.48345269092204,808.9137271653468,784.214195472302
COMP_02641,2022,2023,62,Lazio,SRL,841730621.76,1108675670.11,31.713833553047703,-17.648990943160328,-8.388210818851714,49.362824496208034,40.10204437189942
COMP_02642,2022,2023,43,Veneto,SRL,602730098.47,2028245830.41,236.5097969320928,24.917627054707275,53.11721117201943,211.59216987738552,183.39258576007336
COMP_02643,2022,2023,43,Toscana,SRL,691570019.98,1198269630.58,73.26801277687738,17.88304417860971,12.325666883611193,55.384968598267676,60.94234589326619
COMP_02644,2022,2023,47,Lazio,SRL,1110268240.94,373355666.11,-66.37248078050928,15.50680123887978,-12.907738882881608,81.87928201938905,53.46474189762767
COMP_02645,2022,2023,41,Campania,SRL,1667294422.33,267343998.02,-83.96539960552415,-51.596951056062515,-52.266060785135544,32.36844854946164,31.69933882038861
COMP_02646,2022,2023,10,Sardegna,SRL,1375248018.72,137559520.72,-89.99747544824443,-58.47430162633978,-63.24801183267649,31.52317382190465,26.74946361556794
COMP_02647,2022,2023,56,Sicilia,SRL,2151089180.61,6384287613.21,196.7932557496087,-42.81442479424462,-38.0734190857407,239.60768054385332,234.86667483534941
COMP_02648,2022,2023,47,Piemonte,SPA,1295913605.1,642021450.65,-50.45800521552067,388.89945790229234,293.3205606821495,439.35746311781304,343.7785658976702
COMP_02649,2022,2023,46,Piemonte,SRL,403430237.13,695940488.75,72.50578283395811,185.48897424210796,220.10035384418543,112.98319140814985,147.59457101022733
COMP_02650,2022,2023,56,Lombardia,SRL,330635090.26,15681681982.77,4642.897062268396,271.2820067684732,270.7788982630446,4371.615055499923,4372.118164005352
COMP_02651,2022,2023,47,Campania,SRL,1111144545.32,3053271939.72,174.78620604132868,6.360707489642645,34.633947119817186,168.42549855168605,140.1522589215115
COMP_02652,2022,2023,41,Campania,SRL,402931024.92,2424336790.06,501.6753836568778,103.93323529437852,95.28306265230152,397.7421483624993,406.3923210045763
COMP_02653,2022,2023,43,Lazio,SRL,498278954.97,6301245523.73,1164.6019786465554,62.21169673978242,52.74688865777917,1102.390281906773,1111.8550899887762
COMP_02654,2022,2023,25,Veneto,SRL,343389951.2,292519316.84,-14.814246655217795,143.3938001194387,161.92374380288413,158.2080467746565,176.73799045810193
COMP_02655,2022,2023,25,Campania,SRL,7108405206.22,2317770627.39,-67.39394336493503,-89.8266546765366,-90.06811356444558,22.43271131160158,22.674170199510556
COMP_02656,2022,2023,47,Veneto,SRL,470221238.95,1269715454.75,170.02511787542048,155.51516249181404,162.6303254280428,14.509955383606439,7.394792447377682
COMP_02657,2022,2023,62,Emilia-Romagna,SRL,645433675.6,289501308.94,-55.146234247713,-2.4980568456397654,3.993587005940697,52.64817740207323,59.13982125365369
COMP_02658,2022,2023,77,Lombardia,SRL,792605445.58,696217311.13,-12.160922560841943,-31.33357212229891,-14.510008185388388,19.172649561456968,2.3490856245464453
COMP_02659,2022,2023,47,Toscana,SAS,2846684838.37,169166349.44,-94.05742612740846,-85.3278119213282,-86.78879582366042,8.729614206080257,7.26863030374804
COMP_02660,2022,2023,41,Piemonte,SRL,360375566.51,3665592098.39,917.1588861833351,137.73453923713868,140.7836187072597,779.4243469461965,776.3752674760754
COMP_02661,2022,2023,25,Emilia-Romagna,SRL,486595471.14,27845734.92,-94.27743648029383,58.56419594958898,51.938645339196505,152.8416324298828,146.21608181949034
COMP_02662,2022,2023,62,Lombardia,SRL,356341940.76,164454960.45,-53.84911467360444,70.62825734363352,63.695047295709045,124.47737201723797,117.54416196931348
COMP_02663,2022,2023,46,Toscana,SRL,1932437850.67,3268069758.02,69.11642239293334,-41.03199105880492,-39.172034740166836,110.14841345173826,108.28845713310018
COMP_02664,2022,2023,47,Emilia-Romagna,SRL,2148440534.28,5603167907.91,160.8016288329698,-48.12928055029946,-47.87264522289693,208.93090938326927,208.67427405586673
COMP_02665,2022,2023,62,Lombardia,SRL,357635081.91,699960164.03,95.71910012064956,104.78723542511811,124.41356559758458,9.068135304468555,28.694465476935022
COMP_02666,2022,2023,47,Lazio,SPA,30514572758.76,3670356207.6,-87.97179224294946,-78.49485626534167,-78.8855723870173,9.476935977607795,9.086219855932157
COMP_02667,2022,2023,62,Toscana,SRL,227176471.74,796065465.57,250.41721507193967,182.76741352070633,185.7346155322861,67.64980155123334,64.68259953965355
COMP_02668,2022,2023,10,Puglia,SRL,1253633580.94,195582432.6,-84.39875609798611,-51.87083363446678,-59.4937373447929,32.52792246351933,24.90501875319321
COMP_02669,2022,2023,56,Lombardia,SPA,90741648218.02,30599973186.28,-66.27791781701043,-92.45371180884631,-93.12499171959354,26.175793991835874,26.847073902583105
COMP_02670,2022,2023,62,Toscana,SNC,2022855053.56,61206917.07,-96.97423120048653,-87.43510448082048,-86.08304401026201,9.539126719666044,10.891187190224514
COMP_02671,2022,2023,41,Campania,SRL,478959286.89,1257281473.24,162.50278628144716,75.71058330488326,109.81929619186096,86.7922029765639,52.6834900895862
COMP_02672,2022,2023,47,Puglia,SRL,1436742666.46,2185729259.53,52.130879840537716,-19.448899518342216,-13.608809668315114,71.57977935887993,65.73968950885283
COMP_02673,2022,2023,43,Lombardia,SRL,311854750.28,408881602.57,31.112834485568712,144.21929115122887,125.3481674624735,113.10645666566016,94.23533297690479
COMP_02674,2022,2023,77,Emilia-Romagna,SRL,396481489.86,3138717488.45,691.642880871513,31.18902383200014,25.676126700956065,660.4538570395129,665.9667541705569
COMP_02676,2022,2023,46,Campania,SRL,976228966.0,1469701863.58,50.54888911993213,18.977995677433245,24.08621781516976,31.570893442498882,26.462671304762367
COMP_02677,2022,2023,25,Lazio,SPA,2068575490.96,5972033156.62,188.70269336162607,152.83250871340388,183.5522352211142,35.87018464822219,5.150458140511887
COMP_02678,2022,2023,56,Lazio,SRL,542380519.51,1751901346.6,223.00226198808005,116.47353724205436,64.24087721551378,106.52872474602569,158.76138477256626
COMP_02679,2022,2023,41,Sicilia,SRL,1171241597.45,208406646.24,-82.206348656525,-27.69096497569033,-30.950104856991548,54.51538368083466,51.25624379953345
COMP_02680,2022,2023,41,Lombardia,SRL,1980936212.43,756699717.92,-61.80090438188508,-59.05574249172585,-55.34896920998316,2.745161890159231,6.451935171901923
COMP_02681,2022,2023,46,Veneto,SPA,4331086749.46,9794071121.78,126.13426348481995,48.60911095047983,29.168699179067172,77.52515253434012,96.96556430575278
COMP_02682,2022,2023,71,Lazio,SRL,479835752.09,114999140.29,-76.033644890131,21.509229941551787,31.11040985755027,97.54287483168278,107.14405474768127
COMP_02683,2022,2023,41,Campania,SRL,1849850889.42,1210680754.32,-34.55252197653643,-57.48842283466547,-64.59277297606306,22.93590085812904,30.040250999526627
COMP_02684,2022,2023,25,Lombardia,SRL,5033970681.75,148511691.03,-97.0498101713542,-84.77150362026869,-86.36145211131173,12.278306551085507,10.68835806004246
COMP_02685,2022,2023,56,Lazio,SRL,1122461695.7,199899833.33,-82.19094387846022,5.502499908952555,12.809684184185743,87.69344378741278,95.00062806264596
COMP_02686,2022,2023,46,Lazio,SRL,782925737.32,459340702.62,-41.33023341494051,56.15469166208025,63.355873504555774,97.48492507702076,104.68610691949628
COMP_02687,2022,2023,71,Campania,SRL,923182717.09,32884513.41,-96.4379192979634,-41.86740145941704,-47.16702142949742,54.570517838546365,49.27089786846599
COMP_02688,2022,2023,25,Piemonte,SRL,1135880007.33,777386846.49,-31.560830239690027,-30.141750893894706,-45.21126632735203,1.4190793457953212,13.650436087662001
COMP_02689,2022,2023,47,Campania,SRL,984044597.58,1916937249.97,94.80186718002469,11.377156717918204,9.670219443235933,83.42471046210648,85.13164773678875
COMP_02690,2022,2023,41,Sicilia,SRL,741241872.24,100885984.94,-86.38959984341857,17.67879301477369,30.02536407605081,104.06839285819225,116.41496391946937
COMP_02691,2022,2023,25,Emilia-Romagna,SRL,338505844.63,1488036663.88,339.5896518438202,117.7568871952869,86.21032026622294,221.83276464853333,253.37933157759727
COMP_02692,2022,2023,47,Lazio,SRL,10341808580.73,349162429.54,-96.62377787391463,-90.26855189160395,-88.08595199857636,6.355225982310685,8.537825875338271
COMP_02693,2022,2023,47,Piemonte,SRL,1068307222.22,1099491034.27,2.918992907789045,4.451615002931104,3.000114576358028,1.5326220951420586,0.08112166856898284
COMP_02694,2022,2023,56,Sicilia,SRL,744206501.41,1427826578.88,91.8589230508991,64.74165509907456,78.55054984816165,27.11726795182453,13.308373202737442
COMP_02695,2022,2023,43,Sicilia,SRL,71891823.21,1103335823.63,1434.7167095861444,1055.698368516403,776.0512063281075,379.0183410697414,658.6655032580369
COMP_02696,2022,2023,46,Toscana,SNC,545569870.14,490912018.68,-10.018487906228051,-20.20837452644831,-29.964888666146567,10.189886620220259,19.946400759918518
COMP_02697,2022,2023,45,Lombardia,SRL,527489864.56,71650968.83,-86.41661695438131,15.462826296493095,19.694836538403464,101.8794432508744,106.11145349278478
COMP_02698,2022,2023,82,Veneto,SRL,8518564.19,823679934.94,9569.234351804538,6673.93060685844,4988.306406688582,2895.303744946098,4580.927945115956
COMP_02699,2022,2023,43,Veneto,SRL,283535157.62,99948623.7,-64.7491251035777,196.98046822087798,214.47363718656834,261.72959332445566,279.222762290146
COMP_02700,2022,2023,43,Sicilia,SAS,48969774.59,1392898594.51,2744.40475001582,507.30994907841284,489.5141089701362,2237.094800937407,2254.890641045684
COMP_02701,2022,2023,43,Sicilia,SPA,31455856866.68,6835869182.49,-78.26837395826601,-87.4219869606179,-88.63963978764868,9.15361300235189,10.371265829382665
COMP_02702,2022,2023,46,Lazio,SRL,782857374.21,1799267150.47,129.83332721182876,45.07826338657923,34.21882514811397,84.75506382524952,95.61450206371478
COMP_02703,2022,2023,41,Lazio,SRL,1531410845.13,48514311.72,-96.83205118507034,-42.31664473886393,-53.20185136469619,54.51540644620641,43.63019982037415
COMP_02704,2022,2023,71,Veneto,SRL,492646022.68,1801607895.23,265.7002822085587,6.536037980342851,10.941418217896882,259.16424422821586,254.7588639906618
COMP_02705,2022,2023,41,Veneto,SRL,1177451611.03,328277194.3,-72.11968702367032,-33.46372498986409,-22.891560433018327,38.65596203380623,49.228126590651996
COMP_02706,2022,2023,68,Lazio,SPA,110386370.6,160811178.37,45.680284165443894,983.3310981176982,512.3729576650202,937.6508139522542,466.6926734995763
COMP_02707,2022,2023,25,Lombardia,SRL,50399109.85,1687526137.86,3248.325283685541,1400.5188038215695,1268.2884993558523,1847.8064798639714,1980.0367843296885
COMP_02708,2022,2023,47,Lazio,SRL,1010738991.36,3061218247.93,202.86931384837317,12.241735849757235,20.328680385252653,190.62757799861592,182.5406334631205
COMP_02709,2022,2023,71,Lombardia,SPA,21832764764.99,14706701008.33,-32.63930992416967,-88.06925654116176,-85.39074112899226,55.42994661699209,52.75143120482259
COMP_02711,2022,2023,77,Sicilia,SRL,441819055.07,595424124.96,34.76651088886682,22.67010121361545,-2.589674649508243,12.096409675251369,37.35618553837506
COMP_02712,2022,2023,46,Lombardia,SRL,276775050.46,9361265645.35,3282.264994547588,312.0360503056918,294.4030725899504,2970.228944241896,2987.8619219576376
COMP_02714,2022,2023,47,Lazio,SAS,165075843.64,470803303.75,185.20423907494018,133.84042506500032,63.703804618656164,51.36381400993986,121.50043445628401
COMP_02715,2022,2023,43,Lombardia,SPA,81709846999.54,9717277010.67,-88.10758143908322,-94.83621067481248,-92.00021008370706,6.728629235729258,3.8926286446238407
COMP_02716,2022,2023,41,Toscana,SRL,461152099.4,1106799855.92,140.00755008164234,79.77625216132849,42.623385433951796,60.23129792031385,97.38416464769054
COMP_02717,2022,2023,43,Sicilia,SRL,1222720468.1,19779285072.09,1517.6456997424173,-32.36711686544263,-39.80123403701832,1550.0128166078598,1557.4469337794355
COMP_02718,2022,2023,25,Emilia-Romagna,SAS,45525922.03,111320522.06,144.52118067294418,523.2346036933595,619.0447628787138,378.71342302041535,474.52358220576957
COMP_02719,2022,2023,25,Lazio,SRL,605009030.49,269459849.71,-55.4618466617328,26.993763667937586,25.12505645830873,82.45561032967038,80.58690312004153
COMP_02720,2022,2023,25,Emilia-Romagna,SRL,339296254.3,452407574.92,33.337037820638265,132.94389532926243,116.23817478360131,99.60685750862416,82.90113696296305
COMP_02721,2022,2023,45,Veneto,SPA,3944340146.28,5010633007.84,27.03349158580164,-15.827258526999268,0.8319657417941813,42.86075011280091,26.20152584400746
COMP_02722,2022,2023,62,Veneto,SRL,393956513.25,947206208.87,140.43420454097543,35.844073659855304,56.25682017645922,104.59013088112013,84.1773843645162
COMP_02723,2022,2023,25,Piemonte,SRL,5521868534.7,3908856587.98,-29.211342801511186,-85.62052726705127,-86.80616940129552,56.409184465540086,57.594826599784334
COMP_02724,2022,2023,25,Campania,SAS,288961955.41,293538265.49,1.5837067801907643,-3.872999064681961,6.435119049790142,5.456705844872726,4.851412269599377
COMP_02725,2022,2023,47,Lombardia,SPA,953142379.28,21616186864.21,2167.886449508077,495.8733818052813,275.2896546441999,1672.0130677027958,1892.5967948638772
COMP_02726,2022,2023,41,Lazio,SRL,305156116.68,2691460915.67,781.9947458213277,184.31514297605298,207.86149994359533,597.6796028452748,574.1332458777324
COMP_02727,2022,2023,25,Lombardia,SRL,202884795.57,34331372624.04,16821.60939294974,323.04349047266896,298.76240393431107,16498.565902477072,16522.84698901543
COMP_02728,2022,2023,25,Lombardia,SRL,4495684429.85,189461513.5,-95.78570256751048,-78.67291566101552,-79.16372452324968,17.11278690649496,16.6219780442608
COMP_02729,2022,2023,71,Piemonte,SRL,230604939.34,345675837.98,49.89958106246,143.48566160555347,115.88592775202787,93.58608054309347,65.98634668956787
COMP_02730,2022,2023,62,Veneto,SRL,586737669.81,455927118.15,-22.294554856578348,4.24781039805019,18.086952356687064,26.542365254628535,40.38150721326541
COMP_02731,2022,2023,43,Piemonte,SPA,12408254932.39,8064887630.34,-35.00385288435888,-62.881580899158585,-63.716453130348185,27.877728014799708,28.712600245989307
COMP_02732,2022,2023,47,Lazio,SRL,1341325408.66,258712133.08,-80.71220216886397,-12.600818952151416,-17.42634558427509,68.11138321671255,63.28585658458888
COMP_02733,2022,2023,46,Sardegna,SRL,9466789988.07,26803411534.62,183.13094056588898,-87.81596024798448,-86.40262582823728,270.94690081387347,269.53356639412624
COMP_02734,2022,2023,47,Sardegna,SRL,822716934.42,518674222.8,-36.95593209520409,31.360195425359223,20.995373406566564,68.31612752056331,57.951305501770655
COMP_02735,2022,2023,47,Veneto,SAPA,547639459.79,593883954.23,8.444332053379272,-24.270206050274556,-20.71405912583468,32.71453810365383,29.15839117921395
COMP_02736,2022,2023,47,Lombardia,SRL,3891671700.04,1703601605.39,-56.22442650102037,-70.53435526992295,-72.97986432875452,14.309928768902587,16.75543782773415
COMP_02738,2022,2023,10,Sicilia,SRL,485064499.34,1066645147.17,119.8975906547117,18.729276463071987,29.491740925606674,101.16831419163972,90.40584972910503
COMP_02739,2022,2023,46,Lazio,SRL,1827543706.2,15128117294.54,727.7841587709986,-36.324672036417006,-43.03456614059299,764.1088308074156,770.8187249115916
COMP_02740,2022,2023,68,Campania,SRL,1748968650.17,155213652.57,-91.12541825407143,-85.94875076621827,-84.13667478451347,5.176667487853166,6.98874346955796
COMP_02741,2022,2023,46,Lombardia,SRL,932967050.28,841230413.91,-9.832784163435162,22.282693481701084,6.149618530439922,32.115477645136245,15.982402693875084
COMP_02742,2022,2023,62,Lombardia,SRL,2071396702.81,1668476827.73,-19.45160357421685,-69.77442763098635,-69.70919613742768,50.322824056769505,50.257592563210835
COMP_02743,2022,2023,82,Lazio,SRL,6511822959.52,794258750.86,-87.80282025789987,-92.30895555751091,-90.45896017946279,4.506135299611046,2.656139921562925
COMP_02744,2022,2023,25,Emilia-Romagna,SRL,917629867.8,515360559.66,-43.83786123967749,-17.912376299211864,-12.409957291783394,25.925484940465623,31.427903947894094
COMP_02745,2022,2023,47,Veneto,SRL,1266364341.18,45836548.48,-96.38046121566488,-6.344715131571914,-7.637932178654536,90.03574608409296,88.74252903701034
COMP_02746,2022,2023,47,Liguria,SRL,573635339.78,1488516757.02,159.48832887298653,105.13212425176027,113.93211840232206,54.356204621226254,45.55621047066447
COMP_02747,2022,2023,77,Lazio,SRL,112163262.73,150282814.78,33.98577316867251,426.9400391841087,472.68464491221283,392.9542660154362,438.69887174354034
COMP_02748,2022,2023,82,Veneto,SRL,199277442.53,375814909.57,88.58878596528724,188.9981941278988,149.54248007451983,100.40940816261157,60.953694109232586
COMP_02749,2022,2023,47,Emilia-Romagna,SRL,1811435441.63,724855133.3,-59.98448983377806,-35.637322931747526,-32.065408862213935,24.347166902030537,27.919080971564128
COMP_02750,2022,2023,41,Campania,SRL,1114061932.49,2997062182.42,169.02114640263972,-25.38804735944396,-44.10619027392503,194.40919376208367,213.12733667656474
COMP_02751,2022,2023,62,Toscana,SRL,1154698395.38,536687453.82,-53.52141685072826,-44.56335965610177,-38.62923074453238,8.958057194626491,14.89218610619588
COMP_02752,2022,2023,25,Lombardia,SRL,3105218872.32,570370354.29,-81.631879176882,-75.02981150525052,-74.51696836019089,6.602067671631474,7.114910816691108
COMP_02753,2022,2023,62,Lombardia,SRL,2446582185.72,1017278067.26,-58.42044165948885,-74.27535920002612,-65.3429400710498,15.854917540537265,6.9224984115609445
COMP_02754,2022,2023,71,Umbria,SNC,510774152.66,321147051.39,-37.12543014999165,-60.51589664357289,-55.53333595142762,23.390466493581236,18.407905801435966
COMP_02755,2022,2023,43,Lombardia,SAS,709304516.84,149606423.79,-78.90801196973808,-54.858330443986446,-53.67376495469122,24.049681525751637,25.23424701504686
COMP_02757,2022,2023,45,Emilia-Romagna,SRL,1025792961.31,525148680.55,-48.80558744726097,-36.39707176841887,-36.61599500118466,12.4085156788421,12.189592446076311
COMP_02758,2022,2023,45,Puglia,SRL,3533798031.85,167478409.85,-95.26066831379374,-82.86644348740126,-80.74411921253495,12.394224826392488,14.51654910125879
COMP_02759,2022,2023,43,Lazio,SRL,214418022.78,756882847.07,252.99404278463427,303.44506397531325,216.10246793257812,50.45102119067897,36.89157485205615
COMP_02760,2022,2023,56,Lazio,SRL,1338117380.6,2576917201.27,92.57781407147803,6.366286362139434,26.581987492315147,86.2115277093386,65.99582657916288
COMP_02761,2022,2023,71,Lazio,SRL,1628814341.89,436477128.16,-73.20276983480312,-65.1566454533946,-62.21324093266334,8.046124381408518,10.989528902139782
COMP_02762,2022,2023,71,Emilia-Romagna,SRL,957125364.02,77938616.35,-91.85701066131486,-42.89883641750131,-53.85566873624616,48.95817424381355,38.0013419250687
COMP_02763,2022,2023,41,Piemonte,SAS,101817467.99,307982546.86,202.48497918868745,210.01191844466018,197.39525470029866,7.526939255972735,5.089724488388782
COMP_02764,2022,2023,68,Lazio,SRL,92212456.27,989705554.17,973.2883540940733,164.1362788427267,265.469853601374,809.1520752513466,707.8185004926993
COMP_02765,2022,2023,56,Sardegna,SPA,175610343734.01,3385782439.83,-98.07199145116515,-95.6863393272808,-95.91193794397074,2.3856521238843413,2.160053507194405
COMP_02766,2022,2023,41,Sicilia,SPA,16616545786.39,2588851509.78,-84.42003805688404,-73.81139297105973,-65.42999260302155,10.608645085824307,18.990045453862493
COMP_02767,2022,2023,10,Lombardia,SRL,311248412.53,121477522.83,-60.97087794197464,91.95799144006575,86.59738765746616,152.9288693820404,147.5682655994408
COMP_02768,2022,2023,41,Sicilia,SRL,282087576.02,1208789616.35,328.515723168289,220.70168616761057,162.44287931008643,107.81403700067844,166.0728438582026
COMP_02769,2022,2023,71,Toscana,SRL,492319151.22,930938003.22,89.09238060576618,11.05008081940609,15.75154293946463,78.04229978636009,73.34083766630155
COMP_02770,2022,2023,47,Lazio,SRL,359500768.94,341619857.91,-4.9738171861836165,208.20343732708977,300.29400896268766,213.1772545132734,305.2678261488713
COMP_02771,2022,2023,56,Lombardia,SRL,405480755.06,3094662086.73,663.208129636652,207.34658784818023,164.0593540544921,455.86154178847175,499.14877558215983
COMP_02772,2022,2023,41,Veneto,SRL,513070397.3,904374186.67,76.26707590794771,32.287996907352856,28.20848399766227,43.97907900059486,48.05859191028544
COMP_02773,2022,2023,56,Piemonte,SRL,1275595279.61,316831665.51,-75.16205409549116,-5.5406011720084605,-2.946834829699217,69.62145292348269,72.21521926579194
COMP_02774,2022,2023,10,Sicilia,SNC,177316870.75,379288309.94,113.90424291592683,17.97944088094464,17.198239239789906,95.92480203498219,96.70600367613693
COMP_02775,2022,2023,43,Piemonte,SRL,2419874448.66,1423421272.89,-41.177887403281744,-65.77232351386807,-67.42831859596022,24.59443611058633,26.250431192678477
COMP_02776,2022,2023,47,Lazio,SNC,160474446.56,398182922.7,148.12855332149275,161.78279352193186,139.2384973297191,13.65424020043912,8.890055991773636
COMP_02777,2022,2023,25,Lombardia,SRL,946149429.05,1478434595.46,56.25804445545684,-17.9264805228445,-14.940708645480669,74.18452497830134,71.19875310093751
COMP_02778,2022,2023,62,Piemonte,SPA,2385156717.62,5690891674.78,138.59613218449596,55.66772851542103,63.584121583702334,82.92840366907492,75.01201060079362
COMP_02779,2022,2023,41,Lombardia,SRL,1391307370.29,400882711.04,-71.18661773807457,-38.370616307054036,-40.07872904384837,32.81600143102054,31.107888694226205
COMP_02781,2022,2023,45,Emilia-Romagna,SAS,327634669.02,14695066.02,-95.51480126814573,-33.45941525467336,-26.43142528986453,62.05538601347237,69.0833759782812
COMP_02782,2022,2023,47,Lombardia,SRL,1864983538.31,447760374.39,-75.9911889197827,-39.06368369114951,-12.832121110673384,36.927505228633194,63.15906780910932
COMP_02783,2022,2023,25,Veneto,SRL,412878808.82,6193599312.79,1400.101041875022,62.371726791872106,86.32481656901084,1337.72931508315,1313.7762253060112
COMP_02784,2022,2023,10,Emilia-Romagna,SRL,117355852.79,1139917884.93,871.3344991577051,356.9747072403322,420.37945670976467,514.3597919173728,450.9550424479404
COMP_02785,2022,2023,71,Lombardia,SRL,147671647.22,315432121.09,113.60371271546245,235.23503086616003,260.52311279489265,121.63131815069758,146.9194000794302
COMP_02786,2022,2023,41,Sicilia,SRL,3183563255.2,1707770764.25,-46.35662534863899,-73.93430148535856,-75.27962982992385,27.577676136719568,28.923004481284856
COMP_02787,2022,2023,62,Lombardia,SPA,1594043238.48,16920127399.1,961.4597515707409,106.53175852727628,120.64200155295691,854.9279930434645,840.817750017784
COMP_02788,2022,2023,82,Sardegna,SRL,488214278.93,1622695925.8,232.37371290253913,10.074786729996912,4.1406670200946785,222.29892617254222,228.23304588244446
COMP_02789,2022,2023,41,Lombardia,SRL,11330326027.02,4645594271.04,-58.99858256539647,-92.38976275162301,-93.8501862069276,33.39118018622654,34.851603641531135
COMP_02790,2022,2023,41,Puglia,SAS,6219282107.55,116218471.18,-98.13132015608498,-95.17820690405154,-94.15574609788347,2.9531132520334467,3.9755740582015164
COMP_02791,2022,2023,47,Lombardia,SRL,433673505.61,154114018.49,-64.46312341049632,169.76177086035221,166.81531566635712,234.22489427084855,231.27843907685343
COMP_02792,2022,2023,77,Liguria,SRL,30434687.16,268339362.41,781.6892416186084,1876.5683987794184,2244.70681233777,1094.8791571608099,1463.0175707191615
COMP_02793,2022,2023,71,Lombardia,SPA,3050292044.17,19156918972.94,528.0355682517178,12.903852197069003,-9.522153021164446,515.1317160546488,537.5577212728822
COMP_02794,2022,2023,46,Piemonte,SRL,1924125673.03,1558718340.93,-18.990824623454973,-42.39562569438748,-42.583857648662644,23.40480107093251,23.59303302520767
COMP_02795,2022,2023,62,Emilia-Romagna,SRL,1310872101.43,1337260367.6,2.0130313354913487,-51.017950572457224,-52.552734662426325,53.03098190794857,54.56576599791767
COMP_02796,2022,2023,25,Lazio,SRL,2612620398.42,1142333982.52,-56.276312348673606,-69.3252239901924,-69.6852674742608,13.048911641518792,13.408955125587191
COMP_02797,2022,2023,77,Emilia-Romagna,SRL,1711840959.78,1060436084.38,-38.05288520983377,-67.41091910606778,-69.65954456409617,29.358033896234012,31.606659354262398
COMP_02798,2022,2023,77,Lombardia,SRL,593197298.07,119755565.63,-79.81184910659046,-5.810191447912707,3.576646466321703,74.00165765867776,83.38849557291216
COMP_02799,2022,2023,25,Lombardia,SRL,506482779.84,3925091820.91,674.9704387086867,44.66693431802554,12.141568896059171,630.3035043906611,662.8288698126275
COMP_02800,2022,2023,43,Veneto,SPA,2255990985.43,1521545277.23,-32.55534764736712,90.88832009111049,80.93360754041937,123.44366773847761,113.4889551877865
COMP_02801,2022,2023,25,Umbria,SRL,3628659045.19,20486137996.89,464.56497405138066,-78.69102003185786,-79.25736614159266,543.2559940832385,543.8223401929733
COMP_02802,2022,2023,41,Sardegna,SRL,394389710.48,720255780.19,82.62539844495387,115.45068450841782,147.71492394634427,32.82528606346395,65.0895255013904
COMP_02803,2022,2023,62,Sicilia,SAPA,2491778415.62,303193078.66,-87.83226161847301,-89.35876693810326,-87.91932351861786,1.526505319630246,0.08706190014484605
COMP_02804,2022,2023,43,Sicilia,SRL,276073839.98,55272894.34,-79.97894536331141,196.34701685391386,192.83971984553295,276.32596221722525,272.8186652088444
COMP_02805,2022,2023,25,Sicilia,SPA,5951651693.46,118119358193.05,1884.6483678278082,-18.711502108875756,-0.7534795618586485,1903.359869936684,1885.401847389667
COMP_02806,2022,2023,43,Veneto,SRL,385953506.13,4210607165.41,990.9622787548273,116.34865085874067,140.3219696358158,874.6136278960865,850.6403091190115
COMP_02807,2022,2023,82,Lombardia,SPA,648477089.48,3854973728.61,494.46567830194607,334.3784948426366,445.736784827287,160.08718345930947,48.72889347465906
COMP_02808,2022,2023,47,Piemonte,SRL,571445253.6,1695993646.48,196.79022369956738,98.19525348692437,113.84121844264565,98.594970212643,82.94900525692172
COMP_02809,2022,2023,45,Puglia,SRL,4411738063.64,338205189.15,-92.33396941814453,-87.69394402643837,-82.6936593250032,4.6400253917061605,9.640310093141338
COMP_02810,2022,2023,25,Lombardia,SRL,1829848168.04,49918975.06,-97.27196081446094,-55.75341773654292,-52.21751959945281,41.51854307791802,45.05444121500813
COMP_02811,2022,2023,82,Toscana,SRL,2397198543.29,952749675.43,-60.2557043889067,-77.47690108762902,-80.01320003170326,17.221196698722316,19.757495642796563
COMP_02812,2022,2023,62,Toscana,SPA,6376521294.68,3334769700.6,-47.702367066785555,-44.3854529383766,-41.25811728585283,3.3169141284089534,6.444249780932722
COMP_02813,2022,2023,41,Lombardia,SRL,708202482.09,6921838562.83,877.3812910684428,14.266991766815842,14.123918527833,863.1142993016269,863.2573725406098
COMP_02814,2022,2023,10,Liguria,SRL,1035587247.85,3128048577.55,202.05553265011656,-48.66206657373421,-52.75089876271042,250.71759922385075,254.80643141282698
COMP_02815,2022,2023,10,Veneto,SPA,473372955.27,16748606568.06,3438.141835438617,523.7824071930763,673.4175344629258,2914.3594282455406,2764.724300975691
COMP_02816,2022,2023,25,Piemonte,SRL,644563121.94,206144644.1,-68.01792763452742,31.289932680608388,34.64776911172406,99.30786031513581,102.66569674625148
COMP_02817,2022,2023,46,Lazio,SRL,777318749.38,8818337888.3,1034.4558323510946,41.75843366970378,40.7400519412298,992.6973986813908,993.7157804098648
COMP_02818,2022,2023,71,Lazio,SRL,339385953.49,7986259.74,-97.64685024295346,80.7618721545727,108.92375678194455,178.40872239752616,206.570607024898
COMP_02819,2022,2023,46,Campania,SRL,56512560.01,1152007215.77,1938.4976641761589,2003.1717991053197,2182.694005700554,64.6741349291608,244.19634152439517
COMP_02820,2022,2023,62,Friuli-Venezia Giulia,SRL,202656752.69,269599383.21,33.03251909024753,183.1265270164902,170.5141836728512,150.09400792624268,137.48166458260368
COMP_02821,2022,2023,46,Lombardia,SAPA,61726361.49,249727758.98,304.5722977215451,710.265616319692,606.9889689652001,405.69331859814685,302.416671243655
COMP_02822,2022,2023,47,Emilia-Romagna,SRL,363834686.47,1557567490.12,328.09758058854817,222.7641842930153,335.2639375074724,105.33339629553288,7.166356918924237
COMP_02823,2022,2023,56,Lombardia,SRL,10559658666.98,317658917.95,-96.99176907163374,-87.31747267416279,-86.22622987626316,9.674296397470954,10.765539195370579
COMP_02824,2022,2023,41,Lombardia,SAS,499612870.3,187304729.83,-62.51002707005325,-35.77274673768095,-29.21197748047903,26.7372803323723,33.29804958957422
COMP_02825,2022,2023,43,Emilia-Romagna,SRL,711814734.71,733844634.77,3.0948923906408217,9.180886090920527,-3.949390286441,6.0859937002797055,7.044282677081822
COMP_02826,2022,2023,47,Puglia,SRL,117416008.08,1350474415.4,1050.1620924464323,937.0467257355633,888.5863676925599,113.11536671086901,161.57572475387246
COMP_02827,2022,2023,10,Lazio,SRL,1947722199.27,763277659.54,-60.81178004614446,-70.4803669157444,-66.87337617171998,9.668586869599935,6.0615961255755195
COMP_02828,2022,2023,43,Campania,SRL,3061550867.04,476162527.25,-84.44701564895544,-75.09909299947392,-76.95704540286064,9.347922649481518,7.489970246094799
COMP_02829,2022,2023,46,Lazio,SRL,923373729.44,979971038.11,6.129404255882894,19.56708573710039,36.63824634582127,13.437681481217496,30.50884208993838
COMP_02830,2022,2023,82,Piemonte,SRL,6207358654.36,838974225.81,-86.48419927821134,-90.55213516689636,-91.15958424705107,4.067935888685028,4.675384968839737
COMP_02831,2022,2023,46,Toscana,SRL,370481812.2,2142899840.33,478.40891772932224,242.50899589990902,300.6871584831977,235.89992182941322,177.72175924612452
COMP_02832,2022,2023,62,Lazio,SPA,1326638703.74,34467337609.82,2498.0952849220544,132.37547403019613,99.98526075981036,2365.7198108918583,2398.110024162244
COMP_02833,2022,2023,45,Lombardia,SRL,11392961924.21,280800737.24,-97.53531400255716,-94.73929157156121,-91.93574947624715,2.796022430995947,5.5995645263100045
COMP_02834,2022,2023,62,Campania,SNC,63807893.59,470271178.22,637.0109742875152,301.9224012977951,323.4175518739817,335.0885729897201,313.59342241353346
COMP_02835,2022,2023,47,Umbria,SRL,776010100.55,351241236.64,-54.73754318519096,46.37044063209155,50.51595583014652,101.1079838172825,105.25349901533747
COMP_02836,2022,2023,68,Lombardia,SRL,657441612.45,70792157.03,-89.23217580247344,-60.85541971146221,-53.293188360805196,28.376756091011224,35.93898744166824
COMP_02837,2022,2023,45,Lazio,SRL,779823124.82,663765065.58,-14.882613190880777,-16.168562400809023,-25.895441613610735,1.285949209928246,11.012828422729958
COMP_02838,2022,2023,47,Veneto,SAS,627069182.02,422228006.9,-32.66643952428629,-29.67915458536981,-27.13479948302443,2.9872849389164777,5.531640041261859
COMP_02840,2022,2023,45,Campania,SRL,889058432.06,1774687806.08,99.61430453653595,-31.611414808339102,-29.753451449666446,131.22571934487505,129.3677559862024
COMP_02841,2022,2023,25,Veneto,SAS,18847490.52,118304203.52,527.6920707001369,1410.7266031914132,2400.3075909845534,883.0345324912763,1872.6155202844166
COMP_02842,2022,2023,25,Umbria,SRL,967880640.27,1819512190.66,87.98931551646999,-11.474672807254844,-0.752127109298202,99.46398832372483,88.74144262576819
COMP_02843,2022,2023,10,Sardegna,SAS,483619007.27,101522945.96,-79.00766007252467,-57.78293599863132,-60.33595991637202,21.224724073893356,18.671700156152653
COMP_02844,2022,2023,68,Liguria,SRL,123809679.96,388644280.9,213.9046002102274,102.70270843364453,118.64459298877678,111.20189177658285,95.2600072214506
COMP_02845,2022,2023,41,Campania,SPA,3917391068.09,928088195.53,-76.30851300269832,27.984691882673864,18.72528410980238,104.29320488537218,95.03379711250071
COMP_02846,2022,2023,41,Veneto,SNC,424257060.86,71766035.67,-83.08430376514535,-28.834834486935996,1.9952476425723893,54.249469278209354,85.07955140771774
COMP_02847,2022,2023,56,Lombardia,SRL,684069715.27,2698923241.76,294.53920872593295,87.3148883625509,76.06344794931601,207.22432036338205,218.47576077661694
COMP_02848,2022,2023,43,Liguria,SRL,804024956.77,270284543.99,-66.38356288394195,-3.246823227417325,-17.81817231778622,63.136739656524625,48.56539056615573
COMP_02849,2022,2023,46,Campania,SRL,369839656.3,748413728.79,102.3616764836367,218.37339541399544,212.00282922891225,116.01171893035874,109.64115274527555
COMP_02850,2022,2023,25,Toscana,SAS,147904263.54,686533038.65,364.1739340153169,82.9586737573992,59.446339043442244,281.2152602579177,304.7275949718746
COMP_02851,2022,2023,77,Lombardia,SRL,171632093.7,617689790.38,259.8917761031776,209.93572537057526,283.0694595903137,49.956050732602364,23.177683487136107
COMP_02852,2022,2023,62,Lombardia,SRL,1572202694.69,90291319.14,-94.25701791219717,-59.97015401401231,-62.11522846042795,34.28686389818486,32.14178945176922
COMP_02853,2022,2023,68,Umbria,SRL,465414463.79,3884628200.97,734.6599650849669,-51.76828505645935,-57.12732159872364,786.4282501414262,791.7872866836905
COMP_02854,2022,2023,45,Lazio,SRL,2619216169.81,899847715.69,-65.64438910915567,-76.81237176813643,-77.52224362428038,11.167982658980762,11.87785451512471
COMP_02855,2022,2023,56,Sicilia,SRL,57326642.21,744870695.13,1199.344713756958,1958.4184380633505,1427.1015925805793,759.0737243063925,227.75687882362126
COMP_02857,2022,2023,10,Lazio,SRL,541186506.91,122628142.83,-77.34087209044309,5.003797926243748,3.7882477404203008,82.34467001668683,81.12911983086339
COMP_02858,2022,2023,10,Lazio,SRL,245702492.25,351675725.55,43.13071158927165,127.73303818244544,121.850410429822,84.60232659317379,78.71969884055036
COMP_02859,2022,2023,46,Lombardia,SRL,2850454016.09,10096363023.16,254.20192594474108,-60.913850706189216,-51.28450384862265,315.1157766509303,305.48642979336375
COMP_02860,2022,2023,46,Emilia-Romagna,SRL,399713694.51,135408608.86,-66.12360028695178,175.8536171338802,159.9226292473826,241.97721742083198,226.04622953433437
COMP_02861,2022,2023,46,Lombardia,SPA,443848780396.9,13512808695.11,-96.95553772097188,-98.22902268848239,-98.77517422793669,1.2734849675105124,1.8196365069648124
COMP_02862,2022,2023,10,Sardegna,SAS,47951643.67,78850178.96,64.43686373431042,310.0495866252581,278.5717563233274,245.61272289094768,214.134892589017
COMP_02863,2022,2023,45,Liguria,SRL,135146751.85,690087339.04,410.6207360469389,387.7820779567569,347.60216718644307,22.83865809018198,63.018568860495805
COMP_02864,2022,2023,56,Piemonte,SRL,10055359889.58,6843518456.88,-31.941586059274847,-87.65160369147792,-87.61357042691724,55.71001763220307,55.67198436764239
COMP_02865,2022,2023,46,Liguria,SRL,587793276.71,2167716411.84,268.78890891252706,79.1419547959475,87.46730194358186,189.64695411657956,181.32160696894522
COMP_02866,2022,2023,56,Sicilia,SRL,363864437.93,1268432146.51,248.60019674525603,199.94009809720592,84.93005475457132,48.66009864805011,163.67014199068473
COMP_02867,2022,2023,41,Veneto,SRL,388662291.8,1339446741.9,244.62997058362947,101.54039630179896,70.99943684754037,143.0895742818305,173.6305337360891
COMP_02868,2022,2023,62,Lombardia,SRL,584372210.56,1085149221.77,85.69487086494219,11.001934833165615,16.330169395424488,74.69293603177657,69.3647014695177
COMP_02869,2022,2023,46,Campania,SRL,110121177.36,147097179.55,33.577557992429384,950.4132971970083,773.9046830971442,916.8357392045789,740.3271251047148
COMP_02870,2022,2023,41,Emilia-Romagna,SAS,885085503.54,98555181.04,-88.86489716012551,-65.18654928124514,-69.96896399145449,23.678347878880373,18.89593316867102
COMP_02871,2022,2023,41,Sardegna,SRL,138782005.28,611754873.25,340.80273376634983,548.8791630320937,485.60071219074416,208.0764292657439,144.79797842439433
COMP_02872,2022,2023,47,Emilia-Romagna,SRL,294870079.82,282555971.4,-4.176113231806029,315.6784919577604,306.9209063656093,319.8546051895664,311.09701959741534
COMP_02873,2022,2023,62,Campania,SRL,1395915850.03,1650374951.6,18.228828160704047,-52.210326398655106,-53.38370302372142,70.43915455935915,71.61253118442546
COMP_02874,2022,2023,45,Veneto,SAS,160609365.19,491051441.33,205.74271976549366,32.65726515339875,47.8129490089856,173.0854546120949,157.92977075650805
COMP_02875,2022,2023,41,Piemonte,SRL,2124300071.44,1061433273.04,-50.03374112205882,-60.3381959746163,-56.007029080241374,10.304454852557477,5.973287958182553
COMP_02876,2022,2023,68,Piemonte,SRL,1280291043.64,16219705.02,-98.73312360493551,-80.31709831597237,-80.47124412117034,18.41602528896314,18.26187948376517
COMP_02877,2022,2023,47,Lombardia,SRL,989936946.13,5981370413.61,504.21731272817016,11.754100736123943,-1.9644167439071447,492.46321199204624,506.1817294720773
COMP_02878,2022,2023,46,Emilia-Romagna,SRL,113895627.06,338073099.37,196.82711101094665,915.8873564062721,669.37669591602,719.0602453953255,472.5495849050734
COMP_02879,2022,2023,46,Lombardia,SRL,1975432223.06,6638131934.29,236.03440587839287,-43.52688122487599,-46.73741388543271,279.56128710326885,282.7718197638256
COMP_02880,2022,2023,41,Lombardia,SRL,2166310596.6,417071110.56,-80.74740015514911,-63.50208330702481,-64.1124650132232,17.245316848124297,16.634935141925908
COMP_02881,2022,2023,47,Emilia-Romagna,SRL,711872825.28,3812225855.62,435.5206323714552,63.73780443808897,17.93044131666474,371.7828279333662,417.59019105479047
COMP_02882,2022,2023,43,Lombardia,SRL,177117427.84,1113110612.63,528.4591111132975,364.50308049090546,318.5870618745593,163.956030622392,209.87204923873816
COMP_02883,2022,2023,82,Lazio,SRL,245548204.61,4773219925.03,1843.9034109865406,137.29593254836004,156.49328826467888,1706.6074784381806,1687.4101227218616
COMP_02884,2022,2023,46,Lazio,SPA,4278662244.01,82300639672.3,1823.5133548463298,56.11725303276811,2.1698127826656717,1767.3961018135617,1821.343542063664
COMP_02885,2022,2023,46,Sardegna,SRL,1951489795.25,1476998546.01,-24.314308503940406,-44.06783648860631,-44.29726779708867,19.753527984665904,19.982959293148266
COMP_02886,2022,2023,46,Sicilia,SPA,2479933963.67,5455276575.88,119.9766871133478,169.41814292701883,113.97294989972511,49.44145581367104,6.003737213622685
COMP_02887,2022,2023,71,Campania,SRL,333549536.22,167585314.33,-49.75699374995821,77.46529574940755,93.77118949618409,127.22228949936576,143.5281832461423
COMP_02888,2022,2023,62,Veneto,SRL,915375372.7,444772974.7,-51.41086509809705,-27.577670167841667,-24.871800812510443,23.83319493025538,26.539064285586605
COMP_02889,2022,2023,46,Veneto,SRL,915849078.66,2140137936.47,133.6780138056464,25.93824258225428,33.29721047640931,107.73977122339213,100.3808033292371
COMP_02890,2022,2023,56,Lombardia,SRL,3025867378.31,392811937.37,-87.01820376577798,-59.220281795397476,-54.472025641724464,27.797921970380507,32.54617812405352
COMP_02891,2022,2023,46,Toscana,SPA,32179261101.87,2762569283.12,-91.41506302964967,-82.57560877477742,-88.03265252925767,8.839454254872251,3.382410500391998
COMP_02892,2022,2023,46,Veneto,SAPA,722024435.07,41706036.67,-94.22373611691458,-32.9638467640045,-32.204441234291544,61.25988935291008,62.019294882623036
COMP_02893,2022,2023,41,Toscana,SRL,56628416.23,221724502.61,291.5428284440298,1453.999274873531,1365.119421260769,1162.4564464295013,1073.5765928167393
COMP_02894,2022,2023,46,Lombardia,SRL,29935433836.68,168294541.06,-99.4378082443095,-96.06622823403575,-95.6006436919744,3.371580010273746,3.8371645523350963
COMP_02895,2022,2023,41,Emilia-Romagna,SRL,2746184561.77,353560466.15,-87.12539313373317,-69.46010218274024,-67.03430491365303,17.665290950992926,20.091088220080138
COMP_02896,2022,2023,71,Sicilia,SRL,5427314520.86,347858834.59,-93.59059009289037,-90.0680228848983,-93.13429878676963,3.5225672079920685,0.45629130612073254
COMP_02897,2022,2023,43,Lombardia,SRL,87774290.86,1734528299.32,1876.123398235792,880.9630605227507,679.273489088086,995.1603377130413,1196.849909147706
COMP_02899,2022,2023,46,Lazio,SNC,498855693.56,379847652.51,-23.856205829930314,-15.327543319160084,-17.12032198042055,8.52866251077023,6.735883849509765
COMP_02900,2022,2023,47,Lazio,SRL,266718529.25,4931591647.19,1748.9872679852442,320.97288402311847,324.3095912953245,1428.0143839621257,1424.6776766899197
COMP_02901,2022,2023,46,Veneto,SAS,559258218.25,383180756.96,-31.484107974483045,-25.155294817696245,-30.592012936917673,6.328813156786801,0.8920950375653725
COMP_02902,2022,2023,25,Lazio,SPA,2481054213.06,6441397873.63,159.62342296767162,47.52158687786058,52.00211100502673,112.10183608981103,107.62131196264488
COMP_02903,2022,2023,43,Campania,SPA,8594359752.8,1357301560.78,-84.20706603144234,-51.24039305860592,-51.981145775776774,32.96667297283642,32.225920255665564
COMP_02904,2022,2023,25,Sicilia,SRL,2581771715.79,433245614.82,-83.21905797595157,-67.63506978963277,-68.07791108988195,15.583988186318805,15.14114688606962
COMP_02905,2022,2023,47,Lazio,SRL,413592033.31,2126085494.97,414.05378337556937,169.79838780293986,166.86267237584545,244.2553955726295,247.19111099972392
COMP_02906,2022,2023,46,Sicilia,SRL,1232537099.24,372576762.46,-69.77155797665351,-8.874577353125131,-28.2577826908638,60.89698062352838,41.51377528578971
COMP_02907,2022,2023,56,Lombardia,SRL,162550641.41,596590688.95,267.01835426488714,659.3669945744435,573.9824998443739,392.3486403095564,306.9641455794868
COMP_02908,2022,2023,41,Lombardia,SRL,1077167151.38,2601302408.23,141.49477682246177,-14.225464259456526,-29.843132209619952,155.7202410819183,171.3379090320817
COMP_02909,2022,2023,25,Lombardia,SAPA,431263412.71,598699298.9,38.824505222424484,-26.047213195951354,-20.418456414465307,64.87171841837583,59.24296163688979
COMP_02910,2022,2023,45,Lombardia,SPA,4684157016.34,434145943.72,-90.73160993097487,-35.87651180255924,-18.51188029746181,54.85509812841563,72.21972963351305
COMP_02911,2022,2023,71,Lazio,SPA,325117601.42,2097714851.32,545.2172512832018,757.5707338902473,1181.7784469848323,212.35348260704552,636.5611957016305
COMP_02912,2022,2023,56,Puglia,SAS,631574091.1,188224639.36,-70.19753628079124,-25.955859104992168,-18.689099597039817,44.24167717579907,51.50843668375143
COMP_02913,2022,2023,45,Sicilia,SRL,527957838.32,26290484.79,-95.0203438832051,17.042605425241653,27.184734249724094,112.06294930844675,122.2050781329292
COMP_02914,2022,2023,46,Lombardia,SRL,7173773330.15,799439819.6,-88.85607639371447,-84.22933194623299,-83.0905003195973,4.626744447481485,5.7655760741171775
COMP_02915,2022,2023,25,Toscana,SRL,1079421899.99,7922364491.3,633.9451322391545,-24.61126461676172,-39.372102704810025,658.5563968559162,673.3172349439645
COMP_02916,2022,2023,82,Veneto,SRL,1960008401.9,246378025.16,-87.42974647857808,-71.92761463247221,-69.07653629699968,15.502131846105868,18.353210181578405
COMP_02917,2022,2023,47,Emilia-Romagna,SPA,13097903379.67,6717315088.01,-48.714577491567645,-55.65038043594772,-53.847190995930355,6.935802944380072,5.132613504362709
COMP_02918,2022,2023,41,Campania,SRL,2528025727.77,5289396125.25,109.23031230049371,-66.96302817737545,-69.10591963027612,176.19334047786916,178.33623193076983
COMP_02919,2022,2023,46,Lombardia,SRL,2087838024.79,2562283877.85,22.724265360945367,-45.39345912169686,-36.61630606673133,68.11772448264222,59.3405714276767
COMP_02920,2022,2023,25,Lombardia,SRL,547033367.38,2958357484.97,440.80018905226285,50.79158180140209,69.98461396460604,390.0086072508608,370.81557508765684
COMP_02921,2022,2023,77,Puglia,SRL,241612243.22,700696368.77,190.0086350889019,113.03492186092369,123.13253014925421,76.97371322797822,66.8761049396477
COMP_02922,2022,2023,41,Veneto,SRL,161634511.53,2372698840.83,1367.940737637344,454.3136300994579,366.2570422765561,913.6271075378861,1001.6836953607879
COMP_02923,2022,2023,47,Lombardia,SPA,21742919672.33,25620403832.41,17.833318701050427,-70.09880016193902,-80.63782966025803,87.93211886298946,98.47114836130847
COMP_02924,2022,2023,41,Campania,SRL,201840903.95,1607790274.93,696.5631561619847,358.29104781345916,337.4229643759217,338.27210834852553,359.140191786063
COMP_02925,2022,2023,56,Umbria,SRL,448882147.12,1049000923.13,133.69183422872234,169.16045289001877,211.53316408220485,35.46861866129643,77.8413298534825
COMP_02926,2022,2023,56,Veneto,SRL,202032246.07,475099078.65,135.16002415049525,486.7285090203708,311.46358617754566,351.56848486987553,176.30356202705042
COMP_02927,2022,2023,47,Lombardia,SRL,3981452472.31,2475828463.95,-37.81594829603608,-72.72958803126647,-65.24618462710238,34.91363973523039,27.430236331066297
COMP_02928,2022,2023,47,Veneto,SRL,2114163890.15,1856543388.16,-12.18545559264669,-49.52095472376709,-43.13585405186713,37.3354991311204,30.950398459220438
COMP_02929,2022,2023,68,Campania,SAPA,223905109.11,9638558.72,-95.6952484209439,-58.237693024787276,-43.29016091644698,37.45755539615662,52.40508750449692
COMP_02930,2022,2023,10,Emilia-Romagna,SRL,456371995.43,106176165.71,-76.73473246096984,30.861204800725865,45.90672387573008,107.5959372616957,122.64145633669992
COMP_02931,2022,2023,43,Toscana,SRL,1042459323.01,1741897172.92,67.09497766209633,-26.67289177799777,-29.696245790747785,93.7678694400941,96.79122345284411
COMP_02932,2022,2023,41,Lazio,SRL,1400942518.31,800865773.67,-42.83378773912088,-41.11714509473426,-34.92914953702812,1.7166426443866172,7.904638202092762
COMP_02933,2022,2023,82,Sicilia,SRL,415525679.57,312327309.92,-24.835617802681448,30.907327973643117,37.66944431570893,55.74294577632456,62.50506211839038
COMP_02934,2022,2023,43,Puglia,SRL,2349870667.91,334037389.16,-85.78486068524373,-63.93173281741352,-61.69649558042156,21.85312786783021,24.088365104822167
COMP_02935,2022,2023,56,Lombardia,SRL,995280449.08,1429266797.91,43.604428202237955,26.1232419337455,15.981034962158747,17.481186268492454,27.62339324007921
COMP_02936,2022,2023,47,Veneto,SRL,1873087492.77,9887446947.75,427.86893222633347,-45.102659861781675,-54.2310038885746,472.97159208811513,482.0999361149081
COMP_02937,2022,2023,41,Liguria,SAS,240677794.97,138481024.8,-42.462068502305584,21.34475503192034,7.093560833189005,63.80682353422593,49.55562933549459
COMP_02938,2022,2023,41,Sardegna,SRL,2326085591.19,3339754594.4,43.57831917489408,-64.56996222714808,-70.96268548430771,108.14828140204216,114.54100465920179
COMP_02939,2022,2023,41,Lazio,SRL,75979921.93,535689426.29,605.0407695647917,1066.1780687786672,785.7402357154891,461.1372992138755,180.6994661506974
COMP_02940,2022,2023,45,Lombardia,SRL,1352599031.88,1852219518.66,36.93781194605537,-56.50525521670187,-57.192229326945956,93.44306716275725,94.13004127300132
COMP_02941,2022,2023,41,Emilia-Romagna,SRL,481148013.27,969550360.6,101.50771360577754,69.45259931830593,66.83304593049942,32.05511428747161,34.674667675278116
COMP_02942,2022,2023,10,Lombardia,SAS,194516718.86,259583806.45,33.45064011532647,2.800788454772104,29.46710133500774,30.64985166055437,3.9835387803187317
COMP_02943,2022,2023,68,Puglia,SAS,66073499.04,60165305.61,-8.941850387586193,50.51633468785686,80.76323198202938,59.458185075443055,89.70508236961558
COMP_02944,2022,2023,77,Veneto,SRL,650953103.28,480883323.03,-26.12627229105419,-15.024949047070827,-4.685640143230516,11.101323243983362,21.440632147823674
COMP_02945,2022,2023,43,Lazio,SAS,148159081.25,901493517.76,508.46322085302484,91.86010957287196,67.20423293521955,416.60311128015286,441.25898791780526
COMP_02946,2022,2023,43,Sicilia,SPA,137580539110.68,21599671358.57,-84.30034400345413,-96.36047303579448,-96.03281025596046,12.060129032340356,11.732466252506327
COMP_02947,2022,2023,10,Sicilia,SNC,54432779.0,90999281.39,67.17735721338056,287.96797630648035,376.99656552605734,220.7906190930998,309.8192083126768
COMP_02949,2022,2023,62,Friuli-Venezia Giulia,SRL,1498570131.76,573137020.11,-61.754407887679065,-58.469744463549134,-54.29691686794464,3.2846634241299313,7.457491019734427
COMP_02950,2022,2023,25,Veneto,SRL,4071333628.81,5280718496.78,29.70488243488628,-79.77834526762459,-81.84521630231632,109.48322770251087,111.5500987372026
COMP_02951,2022,2023,25,Toscana,SPA,920285404.2,867580861646.1,94173.02200889344,343.0363983094433,474.6628624575871,93829.985610584,93698.35914643586
COMP_02952,2022,2023,62,Puglia,SRL,152114083.44,624461327.46,310.52170406451097,355.7754460301861,376.3300048372424,45.25374196567515,65.80830077273146
COMP_02953,2022,2023,47,Piemonte,SRL,439675960.1,2858977812.99,550.2465616586709,145.974477435905,159.97784988602302,404.2720842227659,390.26871177264786
COMP_02954,2022,2023,10,Friuli-Venezia Giulia,SRL,134058828.4,370148101.59,176.10870989082875,348.4933844924827,342.42128017236985,172.38467460165393,166.3125702815411
COMP_02955,2022,2023,47,Toscana,SRL,225277015.81,1857670713.01,724.6161759248315,440.2849678537321,514.1635816409664,284.3312080710994,210.4525942838651
COMP_02956,2022,2023,43,Puglia,SRL,1026163457.68,524376618.27,-48.89930894094241,-15.018696110033245,-22.154589121190973,33.880612830909165,26.744719819751438
COMP_02957,2022,2023,43,Emilia-Romagna,SAS,84173756.73,100067559.9,18.882135938142536,248.34846511436896,256.89652911408285,229.46632917622642,238.0143931759403
COMP_02958,2022,2023,56,Lombardia,SRL,686233451.16,942310796.61,37.316360054603905,71.02445692034998,97.91632778862943,33.70809686574607,60.599967734025526
COMP_02959,2022,2023,62,Veneto,SAS,114855182.99,60434819.68,-47.38172182855533,102.19463823345706,67.00104495677633,149.57636006201238,114.38276678533165
COMP_02960,2022,2023,45,Lombardia,SRL,226520713.2,2053288149.92,806.44609091757,202.59432307352296,212.25723121257255,603.8517678440471,594.1888597049974
COMP_02961,2022,2023,71,Lombardia,SRL,4218699659.08,272350855.13,-93.54419899165343,-86.2702717738249,-85.25238431699012,7.273927217828529,8.291814674663314
COMP_02962,2022,2023,45,Lombardia,SRL,304518167.33,2339191507.83,668.1615610457378,90.00740643492723,93.40447211775246,578.1541546108106,574.7570889279854
COMP_02963,2022,2023,56,Sicilia,SRL,97429286.31,3912402300.57,3915.6327206601295,1205.5986450229843,910.8711115967512,2710.034075637145,3004.7616090633783
COMP_02964,2022,2023,46,Emilia-Romagna,SRL,3246504938.63,24179004986.28,644.7703127931587,-65.08850516917975,-65.13969335002778,709.8588179623384,709.9100061431865
COMP_02965,2022,2023,68,Puglia,SRL,2183993115.41,109215235.07,-94.99928665986216,-89.13276802389287,-91.73457425336603,5.8665186359693,3.2647124064961304
COMP_02966,2022,2023,71,Puglia,SRL,485956756.29,30545929402.3,6185.729955788778,2.700715516287038,-12.47207740572633,6183.029240272491,6198.202033194504
COMP_02967,2022,2023,25,Liguria,SPA,1635490257.14,973603508.83,-40.470234868133595,152.7676812877068,124.46365720453588,193.2379161558404,164.93389207266947
COMP_02968,2022,2023,71,Sardegna,SRL,281248567.56,224858282.17,-20.049981366738884,119.36997107247669,111.91842932319128,139.41995243921556,131.96841068993015
COMP_02969,2022,2023,62,Piemonte,SRL,188080607.54,227672206.76,21.050335671411453,211.58465543147392,195.46590544356738,190.53431976006246,174.41556977215592
COMP_02970,2022,2023,62,Campania,SRL,173232564.15,1287185430.57,643.0389528007225,225.07065490622196,229.47826466031148,417.96829789450055,413.56068814041106
COMP_02971,2022,2023,41,Lombardia,SRL,308018067.63,669450835.96,117.34141802492032,169.26018174196972,155.5958814470502,51.9187637170494,38.25446342212989
COMP_02972,2022,2023,62,Veneto,SRL,6019221779.95,128857578.16,-97.85923192613996,-90.13081923920598,-87.8321242401334,7.728412686933979,10.027107686006559
COMP_02973,2022,2023,62,Puglia,SRL,967004183.7,34907571.25,-96.3901323449879,-37.84854051898866,-49.85397868974168,58.54159182599924,46.536153655246224
COMP_02974,2022,2023,41,Campania,SRL,521731145.26,587022529.23,12.514373459047123,59.564139011248756,53.03009871235308,47.049765552201634,40.51572525330596
COMP_02975,2022,2023,77,Lazio,SRL,1806656767.3,879841987.7,-51.29999213880009,-70.66534432036516,-74.17697177387247,19.365352181565072,22.876979635072374
COMP_02976,2022,2023,10,Veneto,SRL,497116395.86,177073081.53,-64.37995547830049,14.492182315688996,7.104165811576295,78.87213779398948,71.48412128987678
COMP_02978,2022,2023,46,Puglia,SRL,508122280.33,841931185.91,65.69460118206347,123.51878640877098,162.82143335774717,57.82418522670751,97.1268321756837
COMP_02979,2022,2023,46,Sicilia,SRL,1351229559.0,1043452937.21,-22.777522867230285,-15.738739462084624,-21.1162489707608,7.0387834051456615,1.6612738964694849
COMP_02980,2022,2023,47,Piemonte,SPA,1935777266.8,58258048214.49,2909.54294761377,246.99772589985994,215.88093668809074,2662.54522171391,2693.662010925679
COMP_02981,2022,2023,10,Lombardia,SRL,93587371.25,847333810.44,805.3933229693104,526.0120299739303,487.80121070905784,279.38129299538,317.5921122602525
COMP_02982,2022,2023,77,Puglia,SRL,315733415.36,3500925366.22,1008.8232020764212,68.02464991966254,62.81502617090856,940.7985521567587,946.0081759055126
COMP_02983,2022,2023,10,Veneto,SRL,3371678542.17,184356076.82,-94.53221668334523,-82.18166150326857,-82.08155573526045,12.350555180076654,12.450660948084774
COMP_02984,2022,2023,25,Sicilia,SRL,6220777713.6,264707096.46,-95.74479094661602,-87.15544438809535,-87.0796324170961,8.589346558520674,8.665158529519928
COMP_02986,2022,2023,46,Lazio,SRL,673563447.31,909857227.49,35.08114656810475,75.00682436194339,98.38812956559951,39.92567779383864,63.306982997494764
COMP_02987,2022,2023,71,Sicilia,SNC,311441516.84,143562090.52,-53.9039971367229,-36.70447029929643,-32.264347673693756,17.19952683742647,21.639649463029144
COMP_02988,2022,2023,47,Puglia,SPA,11015418746.31,264960351595.47,2305.3588673987338,-50.64523562657353,-54.12117277949089,2356.0041030253074,2359.4800401782245
COMP_02989,2022,2023,62,Emilia-Romagna,SRL,494555310.99,174415303.97,-64.73290244910004,32.093270027281385,27.968088704589626,96.82617247638143,92.70099115368967
COMP_02990,2022,2023,10,Lombardia,SRL,91267709.47,326642356.85,257.8947677627085,569.0641100347813,439.27923995855787,311.16934227207275,181.38447219584936
COMP_02991,2022,2023,46,Veneto,SRL,20077220504.14,8504538729.63,-57.64085607429408,-95.49751510794256,-95.31315274745826,37.856659033648484,37.67229667316418
COMP_02992,2022,2023,46,Liguria,SRL,880037087.92,258581444.54,-70.61698329656006,29.77715343969788,39.63196733692406,100.39413673625795,110.24895063348413
COMP_02993,2022,2023,46,Campania,SRL,1573617517.2,4718746127.58,199.8661412956467,-30.483278272225355,-35.00826990230258,230.34941956787208,234.87441119794929
COMP_02994,2022,2023,10,Lazio,SRL,1026920366.19,347542225.56,-66.1568475022631,-44.1250943689233,-45.82601817549194,22.031753133339805,20.330829326771166
COMP_02995,2022,2023,47,Emilia-Romagna,SRL,702928443.82,1449543559.52,106.2149529250216,68.2689935380373,103.26576185875604,37.94595938698431,2.94919106626557
COMP_02996,2022,2023,46,Lombardia,SRL,509397967.63,2974209330.6,483.86752982891943,100.07630079640333,106.89037617263001,383.79122903251607,376.97715365628943
COMP_02997,2022,2023,56,Lombardia,SNC,2015987417.32,4066173940.38,101.696394801187,-77.303491809736,-75.82220150615098,178.999886610923,177.518596307338
COMP_02998,2022,2023,46,Lombardia,SRL,198535500.92,3622928830.24,1724.8267002382922,390.59181561971394,426.3109627850182,1334.2348846185782,1298.5157374532741
COMP_02999,2022,2023,25,Emilia-Romagna,SNC,400612880.89,35606295.27,-91.11204432795641,-14.878772205648083,7.043514335239843,76.23327212230834,98.15555866319626
