company_id,source_feature_year,target_year,ateco_sector,region,legal_form,production_value_2023,predicted_revenue_change_2024_clean_base,predicted_production_value_2024_clean_base,predicted_revenue_change_2024_catboost_sensitivity,predicted_production_value_2024_catboost_sensitivity
COMP_00000,2023,2024,47,Campania,SRL,7742370861.57,-86.02412266359603,1082064254.5425055,-84.22893606975548,1221054258.2948296
COMP_00001,2023,2024,62,Sardegna,SRL,982975891.45,-38.14218182707345,608047439.6168449,-39.98187884881784,589963661.4173739
COMP_00002,2023,2024,41,Puglia,SAS,533230495.55,-38.7493379007517,326607209.03947777,-50.28419152629443,265099851.89102912
COMP_00003,2023,2024,47,Emilia-Romagna,SRL,1128572066.15,11.776099952032142,1261473840.6905384,2.5985713932625347,1157898817.013326
COMP_00005,2023,2024,62,Lombardia,SNC,446238947.78,-44.15669698673193,249194567.77200446,-48.882793852151124,228104882.84869426
COMP_00006,2023,2024,71,Lazio,SRL,3232091572.73,-82.1628091891296,576514341.0099121,-83.69172417721283,527098408.5258681
COMP_00007,2023,2024,10,Emilia-Romagna,SRL,1423338981.85,-51.05614359424606,696636987.4437841,-46.38222004379861,763162763.3191701
COMP_00008,2023,2024,47,Emilia-Romagna,SRL,950807137.37,35.019406916267506,1283774157.794515,46.342349813512236,1391433507.0218472
COMP_00009,2023,2024,10,Puglia,SRL,15198246.82,3797.030789450267,592280358.0320462,4384.022203262245,681492761.9153981
COMP_00011,2023,2024,41,Sicilia,SPA,8516118331.06,-43.34372893963273,4824915085.466979,-61.48535468717365,3279952769.628347
COMP_00012,2023,2024,43,Veneto,SNC,490751021.09,-35.70597776675034,315523570.60950434,-31.162058983494955,337822898.4358304
COMP_00013,2023,2024,43,Lombardia,SRL,2169779126.82,-62.761862335720544,807985338.2560326,-64.6115112711604,767852041.73541
COMP_00014,2023,2024,47,Lombardia,SRL,43240445.39,2279.0178326191194,1028697906.732032,2251.02017284542,1016591593.9471073
COMP_00015,2023,2024,43,Lombardia,SPA,11567849829.32,-58.5127612650965,4799181475.185116,-60.36802476896786,4584567379.119097
COMP_00016,2023,2024,56,Lombardia,SRL,667233195.68,92.13546095555303,1281991576.168235,94.90885495753304,1300496581.5964437
COMP_00017,2023,2024,45,Sicilia,SRL,433366792.0,31.443079498984673,569630656.9307595,31.02798907833268,567831792.8908807
COMP_00018,2023,2024,10,Piemonte,SRL,2718836418.44,-76.88859115985959,628361400.3602992,-73.99254490807502,707100160.5486844
COMP_00019,2023,2024,62,Lombardia,SRL,24904355.56,2470.7872304599446,640237992.5648211,2268.84417677493,589945376.4463834
COMP_00020,2023,2024,41,Emilia-Romagna,SRL,240861702.79,258.23702927598003,862855808.7384363,269.757711541136,890604720.2153165
COMP_00021,2023,2024,45,Lazio,SAS,64863843.51,253.5764874389795,229343299.50057447,276.81946873473845,244419590.5153141
COMP_00022,2023,2024,47,Lombardia,SAS,1543746555.88,-71.27436628632191,443450981.1096096,-45.14744061807489,846784496.2705008
COMP_00023,2023,2024,43,Campania,SRL,316143537.14,155.88465825339264,808962809.6008765,146.90231135840062,780565700.4088637
COMP_00024,2023,2024,10,Piemonte,SRL,1845313923.87,-67.34314514450543,602621489.7464573,-67.06441336205182,607764966.1383246
COMP_00025,2023,2024,43,Veneto,SRL,426747855.0,80.54989659689373,770492810.931962,66.51456788409942,710597346.7079132
COMP_00026,2023,2024,71,Lombardia,SAS,270368028.49,-20.25847513617729,215595588.66218063,-13.950713821177828,232649758.57139957
COMP_00027,2023,2024,47,Sicilia,SRL,3876034184.67,-69.0519255619555,1199557944.7157233,-70.73704094399338,1134242296.4568026
COMP_00028,2023,2024,47,Emilia-Romagna,SPA,1644953230.39,289.14095435984984,6401186699.512826,325.9022429325571,7005892703.4225645
COMP_00030,2023,2024,41,Emilia-Romagna,SRL,11503174060.95,-92.41014804267081,873073881.6199963,-93.56967863738058,739691059.0205635
COMP_00031,2023,2024,45,Lombardia,SRL,1242000054.38,-55.02428882740046,558598357.2214781,-62.107151886023985,470629194.1817128
COMP_00032,2023,2024,56,Lazio,SPA,6281845277.35,-1.336778500279957,6197870920.261534,-15.893286955533382,5283453581.318143
COMP_00033,2023,2024,25,Sardegna,SRL,2891511815.23,-72.19475830580464,803991848.8409171,-71.29906662578291,829890879.5967773
COMP_00034,2023,2024,41,Sicilia,SRL,2623461825.68,-64.64578995023628,927504204.4262735,-66.71553007304391,873205362.4136328
COMP_00035,2023,2024,41,Veneto,SRL,2301020583.51,-67.00437352559814,759236156.8340619,-73.13262757767127,618223769.6860733
COMP_00036,2023,2024,45,Lombardia,SPA,1684943501.4,69.27474660253202,2852183842.390681,66.37657256638113,2803351247.309294
COMP_00037,2023,2024,82,Lazio,SAS,322769260.82,-32.9350111594547,216465168.74964353,-18.29350088620592,263723463.231493
COMP_00038,2023,2024,10,Toscana,SRL,3053722137.28,-79.19335267205908,635377195.4791096,-82.32666389126994,539694577.1481894
COMP_00039,2023,2024,46,Piemonte,SAS,296989915.15,46.85604835170435,436147653.3923697,48.197235863885,440130845.0467974
COMP_00040,2023,2024,41,Lazio,SRL,4015042142.32,-79.56140881193363,820618049.4973662,-75.54193075069837,982001787.5572698
COMP_00041,2023,2024,77,Piemonte,SRL,1366101097.92,-57.97452156593436,574110522.2939036,-56.210446058447886,598209577.1698141
COMP_00042,2023,2024,25,Lazio,SRL,1740652305.42,-53.350276324475544,812009490.630076,-59.155164692395374,710966567.4268222
COMP_00043,2023,2024,45,Umbria,SRL,865243743.44,-32.88366768890097,580719866.1481836,-36.701760372138125,547684058.0877336
COMP_00044,2023,2024,56,Lombardia,SPA,21843896878.44,-69.96486106304246,6560844776.6851845,-73.39560850894028,5811435842.443552
COMP_00045,2023,2024,47,Toscana,SPA,68153365373.81,-91.32997082439377,5908916662.066843,-90.97770072952183,6149000586.927581
COMP_00046,2023,2024,45,Lombardia,SRL,163804509.3,231.63394482132486,543231355.986804,237.19117097366802,552334343.016341
COMP_00047,2023,2024,43,Sicilia,SRL,1081370463.45,-22.82641726311495,834532329.3028231,-24.12103794307889,820532683.6559775
COMP_00048,2023,2024,45,Sicilia,SPA,3711235808.72,-6.355845712971595,3475355386.673203,-12.822835990749143,3235350127.7378817
COMP_00049,2023,2024,41,Lombardia,SNC,269630639.47,17.347797790976717,316405617.5877731,0.557343574552313,271133408.5141104
COMP_00050,2023,2024,41,Sicilia,SRL,4556756007.37,-80.34013362990656,895852141.8601469,-83.18020917728403,766436828.7411777
COMP_00051,2023,2024,46,Veneto,SNC,440743170.61,-1.7647992293526216,432964938.5316504,7.491857262577504,473763019.84665966
COMP_00052,2023,2024,41,Friuli-Venezia Giulia,SRL,207313263.5,322.65757753795725,876225217.4239821,300.2410258831883,829752732.6243173
COMP_00053,2023,2024,41,Emilia-Romagna,SRL,328139019.57,167.42800644227344,877535638.3952725,133.05681791096617,764750357.3340845
COMP_00054,2023,2024,47,Emilia-Romagna,SPA,1939990368.69,235.75505484067708,6513615726.298964,217.71523049686888,6163644871.50049
COMP_00055,2023,2024,77,Friuli-Venezia Giulia,SRL,215343504.77,172.3478811630768,586483472.4634042,219.35943055613618,687719790.573098
COMP_00056,2023,2024,47,Lazio,SRL,639046540.59,82.00986351707641,1163127736.3384573,105.14856628245641,1310994815.898021
COMP_00057,2023,2024,10,Lombardia,SRL,2397496389.94,-75.79054551033202,580420797.4139571,-78.06406678444145,525913206.9426653
COMP_00058,2023,2024,10,Lazio,SPA,17280490858.96,-80.39980925961468,3387009169.231007,-82.07675332323359,3097225003.607474
COMP_00059,2023,2024,77,Lombardia,SPA,3516119568.69,-17.620146124005167,2896574162.792082,-16.11177199411694,2949610400.7421393
COMP_00060,2023,2024,43,Campania,SRL,86075828.44,877.6688443217668,841536557.1497346,757.9692227221365,738504116.2183077
COMP_00061,2023,2024,25,Lombardia,SRL,657966857.11,27.677096379124638,840072978.295032,30.11233107023604,856096015.4553901
COMP_00062,2023,2024,47,Veneto,SRL,4098464475.95,-70.0516676649825,1227421761.890139,-70.6085371223361,1204598665.0030866
COMP_00063,2023,2024,47,Campania,SRL,189968600.19,509.3443965968049,1157563020.5511525,448.94176321744334,1042816983.4424815
COMP_00064,2023,2024,47,Lombardia,SRL,178318647.43,586.3138495762164,1223825573.689074,581.1377805763602,1214595677.458487
COMP_00065,2023,2024,41,Sicilia,SPA,39513873028.24,-87.24742531001753,5039036170.831139,-85.71964370839002,5642721853.047051
COMP_00066,2023,2024,10,Lazio,SRL,137208802.37,354.99605294555687,624294635.0773697,381.33731494148134,660437165.1911216
COMP_00067,2023,2024,77,Veneto,SRL,179874879.73,170.70452350025795,486929436.06975853,154.36936047953796,457546581.23253906
COMP_00068,2023,2024,41,Lazio,SRL,107955270.8,693.850073323632,857002996.4025254,615.5131204598133,772434126.8019216
COMP_00069,2023,2024,47,Lombardia,SRL,814919573.91,51.53681008667794,1234903127.0751617,72.13407711449138,1402754287.7753239
COMP_00070,2023,2024,47,Veneto,SNC,2119582873.45,-78.97232740528167,445698947.00278866,-77.02502069780769,486973726.4679506
COMP_00071,2023,2024,47,Lombardia,SRL,650603962.67,86.74657143241004,1214980593.8896217,133.01608466029944,1516011880.45839
COMP_00072,2023,2024,43,Lazio,SRL,1738307260.97,-50.95671706749331,852522948.2338246,-49.46979760580105,878370177.2011973
COMP_00073,2023,2024,41,Veneto,SRL,663787241.09,31.816160929653318,874978857.9457003,19.495680266861196,793197079.2651255
COMP_00074,2023,2024,47,Puglia,SRL,2942394045.03,-58.22075218956537,1229310099.6325555,-65.78857580994605,1006634908.0881004
COMP_00075,2023,2024,68,Puglia,SRL,275137175.87,-8.342549847753494,252183719.82334405,-16.730363590601286,229105725.9740369
COMP_00076,2023,2024,71,Veneto,SRL,2668526740.06,-78.96267165629189,561386732.2460722,-79.20704893840552,554865459.1262385
COMP_00077,2023,2024,25,Lazio,SRL,505368603.55,73.59178115668446,877278360.3091083,53.87698600673631,777645975.3670722
COMP_00078,2023,2024,25,Campania,SRL,985990077.95,-18.85319191281724,800099476.3127502,-15.460900256145237,833547135.4626619
COMP_00079,2023,2024,71,Lazio,SRL,1152689490.89,-51.3912644325832,560307786.5401231,-49.42088021506119,583020198.3456545
COMP_00080,2023,2024,56,Emilia-Romagna,SRL,1326909310.05,-11.728804339711148,1171278713.3088243,-26.222394914129747,978961910.6163347
COMP_00081,2023,2024,68,Emilia-Romagna,SNC,147813387.11,-40.69792050946733,87656412.32162097,-10.951025275292576,131626305.72731785
COMP_00082,2023,2024,41,Lombardia,SRL,7156508458.02,-88.2708257722042,839399345.6681083,-90.70695406760916,665057618.1592344
COMP_00083,2023,2024,46,Lazio,SRL,90353499.73,908.7677428930477,911456959.851197,1153.4159704429924,1132505195.4699862
COMP_00084,2023,2024,47,Lombardia,SRL,1189773547.46,-3.233290565141807,1151304711.6034229,2.5664235080314595,1220308175.4743533
COMP_00085,2023,2024,47,Lombardia,SRL,3047345069.75,-62.053742124323406,1156353418.5290518,-49.979839149431534,1524286905.5608177
COMP_00086,2023,2024,45,Puglia,SPA,11840216524.18,-71.62012861906089,3360238220.7869825,-73.07753985435171,3187677574.8808236
COMP_00087,2023,2024,10,Emilia-Romagna,SRL,125618466.24,340.46332523658424,553303273.5119,309.42897643290945,514318400.5371519
COMP_00088,2023,2024,46,Emilia-Romagna,SPA,46566940925.39,-87.86275861952144,5651942023.619439,-87.96481910319943,5604415578.476943
COMP_00089,2023,2024,41,Piemonte,SRL,387128412.34,106.1030496914388,797883464.0547882,87.40394427718589,725493914.142808
COMP_00090,2023,2024,46,Lazio,SRL,15652055268.13,-91.40744031924137,1344912190.1793938,-92.40342052933853,1189020817.2353506
COMP_00091,2023,2024,77,Puglia,SPA,1161135314.13,158.2497424548172,2998628958.2926583,187.28188241737965,3335731387.8456187
COMP_00092,2023,2024,45,Veneto,SRL,545977894.96,3.036017682346702,562553880.39269,-5.8493822559290205,514041560.850915
COMP_00093,2023,2024,62,Liguria,SRL,688232328.39,-5.711767182657986,648922100.116577,-0.17318889954097352,687040386.3941761
COMP_00094,2023,2024,41,Veneto,SRL,396169987.94,111.7997082139549,839086878.4881803,83.80589409215109,728183788.4578842
COMP_00095,2023,2024,47,Piemonte,SPA,16829007464.22,-64.75996085920983,5930548817.397629,-63.63725985093013,6119488253.881892
COMP_00096,2023,2024,77,Sicilia,SRL,1727721132.44,-66.43966990168494,579828915.225211,-73.10925748010888,464597041.1861875
COMP_00097,2023,2024,25,Campania,SAS,237080273.95,30.12025646604817,308489460.49414957,73.28536703362568,410825422.8785827
COMP_00098,2023,2024,10,Lazio,SRL,449914446.15,31.997010257265938,593873617.6335367,38.30666198115309,622261652.2410575
COMP_00099,2023,2024,45,Lazio,SAS,55796377.87,316.2498172130428,232252320.89537367,219.79190021907257,178432297.04388708
COMP_00100,2023,2024,25,Lazio,SRL,99681555.77,672.0399225322641,769581405.9456636,550.8293530968277,648756824.5747446
COMP_00101,2023,2024,56,Emilia-Romagna,SPA,672975938.03,806.9061202601196,6103259969.872019,499.2413517469056,4032750107.9823895
COMP_00102,2023,2024,71,Lombardia,SRL,4555762747.43,-86.77286739755198,602596779.6554953,-87.77468930137806,556956150.5653931
COMP_00103,2023,2024,45,Sicilia,SAS,346170605.95,-37.90650955166549,214949412.14050493,-42.94811607897171,197496852.27531424
COMP_00104,2023,2024,41,Umbria,SRL,193792250.58,361.7386942522232,894813807.3900886,267.33565970124056,711868042.1179243
COMP_00105,2023,2024,45,Lombardia,SRL,132606853.71,334.07089560267264,575607757.5295229,469.0294292956048,754572022.8728706
COMP_00106,2023,2024,56,Campania,SRL,69213837.14,1612.8745519625404,1185546202.8078575,1182.7111763369026,887813624.566402
COMP_00107,2023,2024,10,Veneto,SRL,154495486.08,293.205320985565,607484471.949073,370.13548247060083,726338098.877508
COMP_00108,2023,2024,46,Lombardia,SRL,391808648.67,203.53308203633685,1189268866.992974,192.64010045239337,1146589223.0490532
COMP_00109,2023,2024,47,Lazio,SNC,2719277427.74,-83.61359981998345,445591681.31433684,-84.13798740251839,431332128.1485923
COMP_00110,2023,2024,47,Lombardia,SNC,206317868.31,118.21551319429923,450217595.144205,108.65008479158598,430482407.1690077
COMP_00111,2023,2024,41,Lombardia,SRL,430915860.67,101.45545762189595,868103519.07808,93.86834089823603,835409429.7482834
COMP_00112,2023,2024,56,Friuli-Venezia Giulia,SAS,795384811.37,-41.35580699168894,466447003.93861365,-53.53616456826804,369566289.80394846
COMP_00113,2023,2024,25,Veneto,SRL,2755050855.67,-72.84360136022933,748172593.094158,-73.82553936208896,721119701.7717751
COMP_00114,2023,2024,41,Emilia-Romagna,SRL,5190455401.55,-83.70554058153522,845756649.0390778,-86.85606548333459,682230059.0964547
COMP_00116,2023,2024,56,Veneto,SRL,1000907750.08,19.849891271602296,1199586850.199921,16.240396221296646,1163459134.5026577
COMP_00117,2023,2024,10,Lombardia,SAPA,1536279694.33,-84.47193291351711,238554541.5715767,-84.74125146977637,234417055.2787029
COMP_00118,2023,2024,41,Emilia-Romagna,SRL,780190474.83,13.916391390536385,888764834.8990271,7.678568319150299,840097933.4593247
COMP_00119,2023,2024,41,Sicilia,SRL,339587282.79,144.79435862529343,831290510.878842,114.9413582056046,729913517.9223334
COMP_00120,2023,2024,41,Veneto,SRL,575798433.21,34.561554994745286,774803325.3627559,44.08381836394801,829632368.648755
COMP_00121,2023,2024,41,Emilia-Romagna,SRL,2153611786.6,-60.344317176693544,854029459.3394394,-64.08375271713746,773496534.7881298
COMP_00122,2023,2024,10,Lombardia,SRL,890701864.15,-33.60334114635129,591396278.142765,-33.715702181226426,590395476.310554
COMP_00123,2023,2024,46,Lazio,SAPA,527613816.97,-10.047512088802188,474601754.9277486,-14.983821804955856,448557102.8168893
COMP_00124,2023,2024,56,Lombardia,SPA,4093751930.57,51.790425691054644,6213923482.147971,59.54449166795602,6531355707.775043
COMP_00125,2023,2024,47,Campania,SPA,8685113850.54,-24.472214248581224,6559674181.3026495,-16.179447733340982,7279910394.510723
COMP_00127,2023,2024,25,Emilia-Romagna,SRL,1022432105.6,-18.509739311612737,833182588.215207,-31.186285985481486,703573505.140204
COMP_00128,2023,2024,77,Lazio,SRL,768727274.45,-24.47589996248829,580574355.7712553,-19.313722538500414,620257421.5849504
COMP_00129,2023,2024,62,Sicilia,SRL,861999968.82,-24.978113354141836,646688639.4954731,-32.301346004711334,583562376.330948
COMP_00130,2023,2024,62,Campania,SRL,1889569164.98,-67.17441196981778,620262189.641689,-63.0153242480614,698851028.7764667
COMP_00131,2023,2024,62,Lombardia,SPA,2422155149.54,40.296265410212726,3398193217.2457733,34.79421602512233,3264925044.7345724
COMP_00132,2023,2024,71,Lazio,SRL,235357574.38,139.02607240863202,562565966.1567388,143.73120137091414,573639843.5538168
COMP_00133,2023,2024,46,Lombardia,SRL,4994808355.63,-76.12649735752908,1192435704.7676868,-79.73521424695662,1012187212.0435287
COMP_00134,2023,2024,41,Sardegna,SRL,1404037724.36,-42.585671370564256,806118833.1453016,-56.221560467360014,614665806.174397
COMP_00135,2023,2024,47,Lombardia,SRL,9462640542.98,-88.3602395748066,1101428689.1000915,-87.39357361450622,1192900814.1746628
COMP_00136,2023,2024,56,Sicilia,SRL,1727145379.51,-25.75264663473825,1282359733.0565808,-43.78980178772523,970831841.2367163
COMP_00137,2023,2024,56,Puglia,SNC,340630047.15,38.07317462144701,470318719.81453675,33.725378300802724,455508819.15754014
COMP_00138,2023,2024,46,Campania,SRL,103974839.05,1073.4505297948892,1220093299.6856084,831.1400257352675,968151343.088373
COMP_00139,2023,2024,10,Sicilia,SPA,2660999328.03,20.324011410326957,3201821135.087541,26.8974762755776,3376740990.980149
COMP_00140,2023,2024,43,Sicilia,SRL,971194902.88,-6.279677060299436,910206999.3530473,-32.53082511685181,655257187.4803284
COMP_00141,2023,2024,71,Lombardia,SRL,142518094.48,291.17148068138715,557490140.4163142,192.1453296185685,416359956.8846988
COMP_00142,2023,2024,46,Piemonte,SRL,738846364.59,53.52872195361462,1134341380.755771,4.350136819967423,770987192.3390204
COMP_00143,2023,2024,46,Lombardia,SAS,2851859883.05,-84.15187872611938,451966212.8269145,-85.05961888637137,426078735.3543538
COMP_00144,2023,2024,41,Lombardia,SPA,1478032624.7,233.99784708034878,4936597145.643171,246.5688924154406,5122401296.961656
COMP_00145,2023,2024,43,Lazio,SRL,1322107997.77,-37.49698211877728,826357398.2552587,-50.35842711561713,656315205.3232496
COMP_00146,2023,2024,68,Emilia-Romagna,SRL,212452761.31,11.946596141944484,237833634.696115,13.424985496273758,240974513.7023006
COMP_00147,2023,2024,47,Sicilia,SRL,1382404116.45,-14.717129476377856,1178953912.7452762,-32.289422718460266,936033807.6120638
COMP_00148,2023,2024,62,Lazio,SRL,316866936.96,114.45662096396202,679542125.9564236,148.44645660200928,787244677.0204425
COMP_00149,2023,2024,46,Lombardia,SNC,725367168.02,-38.19868568264146,448286443.4629624,-34.31860585121737,476431268.65307856
COMP_00150,2023,2024,47,Umbria,SRL,367747875.5,214.90956924468443,1158073250.6435285,313.67476841908683,1521280172.3407366
COMP_00151,2023,2024,41,Lombardia,SRL,345988079.07,152.22860070143778,872680890.4320451,133.0505775235786,806327216.4353707
COMP_00152,2023,2024,47,Lazio,SRL,1863983583.68,-40.88880496348594,1101822971.5976892,-37.61951093800626,1162762075.5348613
COMP_00153,2023,2024,45,Piemonte,SRL,735636473.85,-16.204706913913764,616428739.3107576,-22.148721473757934,572702400.1975894
COMP_00154,2023,2024,46,Lombardia,SRL,4157939303.62,-70.85708102574739,1211744882.2525795,-71.5843617778586,1181504990.012884
COMP_00155,2023,2024,47,Lombardia,SRL,2615480458.73,-56.08760665409832,1148520066.9227111,-49.08028310629077,1331795244.9956036
COMP_00156,2023,2024,71,Toscana,SPA,5258342356.91,-37.92132036243532,3264309505.992527,-39.66911683087624,3172404383.979921
COMP_00157,2023,2024,10,Veneto,SPA,3112504720.58,9.315716082066642,3402456823.3901544,-5.740345420974099,2933836198.3745832
COMP_00158,2023,2024,62,Lombardia,SRL,237890417.56,170.45312264857566,643382062.7727556,157.30222458631556,612097336.459555
COMP_00159,2023,2024,43,Puglia,SPA,3881728974.12,13.314629022252376,4398566786.673361,14.014452604607632,4425732041.437369
COMP_00160,2023,2024,46,Campania,SRL,887716073.31,27.746004098597513,1134021811.3945014,20.306080936774404,1067976417.6450841
COMP_00161,2023,2024,10,Emilia-Romagna,SRL,1149220808.25,-49.61874294673442,578991889.5140488,-55.429915997558204,512208679.61056554
COMP_00162,2023,2024,43,Emilia-Romagna,SRL,358639637.63,135.36693000244387,844119104.8616204,152.9137192657021,907048846.2910695
COMP_00163,2023,2024,46,Sicilia,SRL,8547186904.25,-87.31730955379409,1084013256.9246776,-87.91801758670465,1032669618.602969
COMP_00164,2023,2024,10,Lazio,SRL,274966472.37,121.70173303874608,609605434.519795,120.27315468686373,605677323.0205826
COMP_00165,2023,2024,46,Veneto,SRL,196863397.99,530.464333183957,1241153509.420933,393.69598343554503,971906688.7313615
COMP_00166,2023,2024,71,Lombardia,SRL,1876582246.66,-69.04161371632098,580959580.8519453,-69.23977300778482,577240958.7682275
COMP_00167,2023,2024,25,Lombardia,SAPA,481717918.71,-33.02512646395825,322629966.8564749,-33.6668922543284,319538466.048111
COMP_00168,2023,2024,56,Lazio,SRL,685964279.72,85.16842611422797,1270189260.4633243,116.52744494383958,1485300928.1051288
COMP_00169,2023,2024,45,Emilia-Romagna,SRL,195052017.97,210.7199711445372,606065573.9532216,246.93710758796132,676707829.4370686
COMP_00170,2023,2024,47,Toscana,SRL,810806067.65,44.2063765268865,1169234050.818201,76.7771798385981,1433320100.3519058
COMP_00171,2023,2024,41,Lazio,SRL,4469131240.01,-81.64162886653907,820459699.4824809,-84.61018487608453,687791035.4826905
COMP_00172,2023,2024,25,Sicilia,SRL,1551399943.37,-48.59538418098399,797491180.7057804,-51.07437134573075,759032175.2357495
COMP_00173,2023,2024,25,Lombardia,SPA,11375703090.01,-58.921975511604934,4672914101.041422,-62.981254430308574,4211142583.6543274
COMP_00174,2023,2024,10,Toscana,SRL,400471176.35,48.01349707132717,592751392.8783168,97.210447871544,789771000.4762759
COMP_00175,2023,2024,41,Lombardia,SRL,2277387327.78,-61.35470466663321,880103058.7052511,-60.48675735111443,899869580.8806827
COMP_00176,2023,2024,47,Toscana,SRL,1429128456.58,-20.075516672902737,1142223535.0020845,-14.44841614277981,1222642029.9584353
COMP_00177,2023,2024,68,Campania,SRL,854115339.25,-70.4351587689486,252517843.97931862,-73.92809834073923,222684111.30592158
COMP_00178,2023,2024,62,Friuli-Venezia Giulia,SRL,78030650.36,725.7016684677774,644300381.9387777,633.1859763428871,572109785.6886705
COMP_00179,2023,2024,47,Lazio,SRL,608351412.52,89.04394814666372,1150051528.833805,87.7110084132363,1141942571.137459
COMP_00180,2023,2024,25,Lombardia,SRL,70277856.61,1019.4249387986515,786707853.3454965,1113.3828225703476,852739440.1763595
COMP_00181,2023,2024,41,Lazio,SRL,266289193.51,230.6644878898232,880523798.0257818,224.84185102434174,865018745.2756753
COMP_00182,2023,2024,43,Friuli-Venezia Giulia,SRL,760925960.88,11.890861332210404,851406611.7290304,4.531304201809299,795405830.9180132
COMP_00183,2023,2024,41,Emilia-Romagna,SNC,500984396.0,-35.8096515242723,321583629.6014196,-38.26218792335985,309296804.9357707
COMP_00184,2023,2024,46,Lombardia,SRL,3054205116.85,-59.0108813412321,1251891759.427807,-67.23481029192936,1000716100.609503
COMP_00185,2023,2024,46,Toscana,SPA,17560686493.05,-64.7188025576153,6195620473.8511505,-64.92204710509849,6159929336.0534115
COMP_00186,2023,2024,43,Veneto,SPA,23536336167.47,-79.82305274901246,4748914133.325525,-77.97201041583476,5184581679.464411
COMP_00187,2023,2024,43,Liguria,SRL,601453957.33,37.92374322786394,829547811.7416556,25.902147806224498,757243450.3440031
COMP_00188,2023,2024,62,Sicilia,SRL,762612149.08,-16.78262433504888,634625816.9664607,-9.31213930456781,691596643.4041121
COMP_00189,2023,2024,62,Lombardia,SRL,335442277.21,87.58290894279872,629232381.4144847,63.81561980122204,549506845.4868948
COMP_00190,2023,2024,43,Lazio,SRL,463537303.5,81.78151811988732,842625147.3542897,75.30150426080692,812587865.845482
COMP_00191,2023,2024,71,Emilia-Romagna,SRL,3446691503.79,-83.64339507097635,563761712.3971543,-81.7953203093791,627459148.1888148
COMP_00192,2023,2024,77,Umbria,SPA,15404891513.55,-80.21228510802882,3048276012.118737,-77.5937551272638,3451657714.905371
COMP_00193,2023,2024,43,Emilia-Romagna,SNC,503188084.74,-36.65721336627676,318733354.8831767,-41.490580605132074,294412426.84553003
COMP_00194,2023,2024,43,Lombardia,SRL,332129763.83,163.1728635921806,874075410.3133574,149.86735247453387,829883847.661943
COMP_00195,2023,2024,46,Lombardia,SRL,99676395.9,1115.8174280307228,1211882992.985101,874.8851516191095,971730383.2981788
COMP_00196,2023,2024,71,Puglia,SRL,23898221.74,2189.539353983681,547159191.6395836,1940.2710792981834,487588506.6277711
COMP_00197,2023,2024,68,Emilia-Romagna,SPA,132375291.36,828.8545990101786,1229573981.7504835,805.0183091322141,1198020623.5751138
COMP_00198,2023,2024,25,Emilia-Romagna,SRL,373955135.35,143.35852207919666,910051690.6270195,113.94893316037997,800073022.57978
COMP_00199,2023,2024,45,Veneto,SRL,307591165.66,103.61070927203801,626288554.0584555,83.60105940017053,564740638.7730936
COMP_00201,2023,2024,46,Lazio,SRL,2650904250.22,-57.1310049572276,1136416011.6154544,-58.37304507914353,1103490717.2341473
COMP_00202,2023,2024,41,Lombardia,SAS,753141680.18,-58.22095613481996,314655392.92935616,-59.19443465926129,307323720.41418725
COMP_00203,2023,2024,62,Emilia-Romagna,SRL,54259805.6,1148.7314233814743,677559242.7929009,1170.687805771385,689472733.1944591
COMP_00204,2023,2024,47,Emilia-Romagna,SRL,1424514444.08,-6.47201223500312,1332319694.9697556,-1.1233195122268125,1408512595.37516
COMP_00205,2023,2024,62,Lazio,SNC,1609651330.55,-84.80548832555776,244578659.33823466,-81.01996080686324,305512453.4112374
COMP_00206,2023,2024,62,Lazio,SRL,3857632768.91,-83.66769016909568,630040535.9568744,-83.23727269444213,646644461.5022246
COMP_00207,2023,2024,56,Toscana,SRL,868318215.16,34.77122629215136,1170243106.6892533,40.362690012548676,1218794804.6675262
COMP_00208,2023,2024,45,Lazio,SRL,4293709634.12,-85.86712561396011,606824589.0914726,-87.80620769675205,523566034.8891396
COMP_00209,2023,2024,47,Lombardia,SRL,310558634.35,251.14112961289672,1090499096.7669756,277.7222817574528,1173049159.8616047
COMP_00210,2023,2024,25,Sicilia,SRL,25751213.28,3175.6479660268715,843519094.0335617,2570.9107356906743,687791920.0661227
COMP_00211,2023,2024,47,Toscana,SRL,25000191.34,4179.025678851294,1069764607.2005576,4737.245447371468,1209320617.4283059
COMP_00212,2023,2024,41,Toscana,SRL,3265298506.78,-75.00625225852778,816120471.7906523,-78.51682689768327,701489730.5189109
COMP_00213,2023,2024,47,Lombardia,SRL,616706591.24,87.78317637237993,1158071225.9283013,90.14627373889542,1172644603.1450212
COMP_00214,2023,2024,41,Puglia,SPA,8214139219.56,-51.36083664700363,3995288593.0443296,-53.30570577555308,3835534335.1870346
COMP_00215,2023,2024,25,Lombardia,SPA,4980501073.94,-17.20052541386899,4123828720.978932,-16.93959967523321,4136824130.193873
COMP_00216,2023,2024,25,Lombardia,SRL,1146107616.14,-30.298622364892317,798852797.6304718,-41.2735212818384,673068645.2796865
COMP_00217,2023,2024,10,Veneto,SRL,411839070.22,49.43164936602019,615417915.3634281,55.26930016723327,639459642.1458344
COMP_00218,2023,2024,56,Toscana,SRL,788836885.73,47.59325235047587,1164270015.389114,22.2676939450947,964492669.1703728
COMP_00219,2023,2024,56,Emilia-Romagna,SRL,706576903.89,88.11629672833494,1329186305.1355944,106.48194379730356,1458953725.5748773
COMP_00220,2023,2024,46,Toscana,SPA,532025199.24,978.9176646835887,5740113855.168418,1325.5427646905432,7584246734.096267
COMP_00221,2023,2024,25,Liguria,SPA,39940560323.4,-88.21191638390862,4708226647.657814,-87.91422772721296,4827125165.161256
COMP_00222,2023,2024,25,Lazio,SRL,986971506.06,-18.28449687539892,806508731.8733816,2.0744333103279136,1007445571.7451537
COMP_00223,2023,2024,10,Campania,SRL,299840754.52,111.80861370581285,635088545.4738613,85.3630158106732,555793865.2077494
COMP_00224,2023,2024,25,Lombardia,SRL,776090926.42,9.35402880566004,848686695.2354406,2.6850161578132785,796929093.1936997
COMP_00225,2023,2024,68,Lombardia,SRL,20643015.64,988.6035635128181,224720603.8735484,1083.7316125340599,244357901.9110302
COMP_00226,2023,2024,41,Sicilia,SRL,107907322.84,761.6552256775105,929789086.1395619,504.14956595624886,651921622.5728682
COMP_00227,2023,2024,43,Campania,SAPA,230748500.29,40.654095866299265,324557216.8079444,51.63501643469245,349895526.33754784
COMP_00228,2023,2024,25,Emilia-Romagna,SPA,2972837708.31,49.94693611603238,4457679059.312917,29.703192940394835,3855865428.6141315
COMP_00229,2023,2024,41,Emilia-Romagna,SRL,569239029.4,49.748649200027494,852427757.2458473,35.50094905866307,771324287.249322
COMP_00230,2023,2024,46,Veneto,SRL,3173603572.48,-64.23632537581791,1134997255.523166,-51.55600161649349,1537420463.351116
COMP_00231,2023,2024,47,Sicilia,SAS,299723871.33,53.93267761988747,461372980.6042552,39.5086060627188,418140594.92969984
COMP_00232,2023,2024,41,Liguria,SRL,740108453.69,17.514313987364503,869733372.1162949,3.896125011510826,768944004.2665222
COMP_00233,2023,2024,10,Piemonte,SRL,366423292.56,62.56060707669921,595659928.8559656,50.72482349212288,552290860.945085
COMP_00234,2023,2024,45,Lombardia,SRL,169123336.11,246.47361733173182,585967740.3724201,258.04438877072226,605536615.0437038
COMP_00235,2023,2024,41,Puglia,SPA,3843325767.3,9.747852882241162,4217967508.8816705,28.812957696404982,4950701594.767181
COMP_00236,2023,2024,41,Lombardia,SRL,5139968770.34,-83.34513034740912,856055098.8840054,-83.41354735130783,852538486.2500092
COMP_00237,2023,2024,77,Lazio,SRL,123468048.34,337.3072095154257,539934676.8388109,320.21958388824896,518836918.96929014
COMP_00238,2023,2024,47,Toscana,SAS,1171185821.32,-63.9820722374145,421836863.0886813,-65.15237004491969,408130501.09996164
COMP_00239,2023,2024,46,Lombardia,SAS,1633287353.08,-71.38835396819844,467310396.1454307,-77.76225975976841,363206198.95448434
COMP_00241,2023,2024,45,Sardegna,SRL,340866773.34,61.7615743988682,551391459.1574055,63.911866514896886,558721090.5106969
COMP_00242,2023,2024,46,Umbria,SRL,6230824625.14,-81.42809746771567,1157182676.3385704,-81.37931067372074,1160222495.9126246
COMP_00243,2023,2024,47,Campania,SPA,12655380922.85,-50.70794423912009,6238097421.242981,-59.01565956705725,5186724400.506536
COMP_00244,2023,2024,47,Lazio,SPA,6447482656.36,6.4334811417404625,6862280237.173907,0.43897652950996663,6475785591.965646
COMP_00245,2023,2024,41,Friuli-Venezia Giulia,SRL,273628717.14,218.20382349291293,870697040.1140876,182.56375238877555,773175570.7640526
COMP_00246,2023,2024,46,Campania,SRL,207533140.41,476.4948078756317,1196417779.0848944,523.0146063596032,1292961777.7910843
COMP_00247,2023,2024,45,Sicilia,SPA,2706550976.61,27.738298101992545,3457302154.7844725,54.541143576943135,4182734830.746017
COMP_00248,2023,2024,68,Sicilia,SPA,16976333.09,8650.071138068211,1485441222.0104132,7755.410566515185,1333560663.3586736
COMP_00249,2023,2024,47,Emilia-Romagna,SRL,295445815.43,305.0083848495318,1196580325.178572,267.2573552389427,1085046487.9123461
COMP_00250,2023,2024,46,Lombardia,SRL,727197966.72,61.625976945129906,1175340818.0363207,32.508634855774005,963600098.3996178
COMP_00251,2023,2024,25,Campania,SRL,1658194084.29,-52.93138881094122,780488926.2944337,-62.073546224101534,628894212.8929297
COMP_00252,2023,2024,47,Emilia-Romagna,SRL,395454410.46,188.09858556665947,1139298563.096232,267.9894465612616,1455230496.4538538
COMP_00253,2023,2024,25,Lombardia,SRL,1365179114.12,-40.527557255132436,811905367.0099071,-43.634831487817614,769485508.1668566
COMP_00254,2023,2024,43,Lombardia,SRL,3405447428.17,-74.2812451731039,875838674.8098811,-77.93156452807968,751528968.2158666
COMP_00255,2023,2024,25,Liguria,SRL,589219763.37,32.06242701939545,778137919.9843608,25.0103226941501,736585527.5665447
COMP_00256,2023,2024,47,Friuli-Venezia Giulia,SRL,1466280279.79,-20.948319784824577,1159119197.8377702,-22.783489833724186,1132210461.3101428
COMP_00257,2023,2024,41,Toscana,SRL,205668196.19,314.2076362344698,851893373.9246709,269.68068348754576,760315593.3916986
COMP_00258,2023,2024,45,Liguria,SPA,1287789668.88,164.89516558941438,3411292575.823047,182.05079160480201,3632220955.280899
COMP_00259,2023,2024,68,Lazio,SRL,275972495.99,-17.26706658240984,228320141.35826838,-27.20113126825407,200904855.0914829
COMP_00260,2023,2024,41,Emilia-Romagna,SRL,498788973.26,68.28595461076578,839391785.1438283,52.758086553418885,761940491.4914201
COMP_00261,2023,2024,46,Lombardia,SAS,109104818.44,300.9666993322801,437473989.31134486,235.98587916146838,366576783.44315785
COMP_00262,2023,2024,45,Lazio,SRL,143254758.97,284.30512411881097,550535379.265762,256.08683153488414,510111332.23920816
COMP_00263,2023,2024,10,Sicilia,SNC,213803994.36,1.5001989353172565,217011479.6070545,4.661462477785353,223770387.33309773
COMP_00264,2023,2024,62,Emilia-Romagna,SPA,8468613550.05,-58.551456610075974,3510116961.8174596,-64.52719486618747,3004054782.144879
COMP_00265,2023,2024,10,Veneto,SRL,136247644.92,287.3872288925766,527805976.08698535,256.0022090045702,485044625.63190305
COMP_00267,2023,2024,46,Puglia,SRL,302203384.39,309.2248646446384,1236691390.7214937,190.23283743724073,877093457.3464684
COMP_00268,2023,2024,47,Campania,SRL,1180201794.35,0.3061578375173403,1183815074.6419227,-18.846333033383463,957777033.7208315
COMP_00270,2023,2024,41,Veneto,SRL,998111916.89,-17.5024500460162,823417877.232993,-25.914350594406503,739457695.4225742
COMP_00271,2023,2024,10,Veneto,SAS,72778214.75,192.39732454058804,212801552.77740362,216.53362418832165,230367520.76773468
COMP_00272,2023,2024,56,Emilia-Romagna,SRL,211630851.03,484.93710140435036,1237907365.6922407,306.39346567614393,860053949.9407343
COMP_00273,2023,2024,46,Umbria,SRL,706348037.79,63.872513995110644,1157510287.081607,88.65119996770724,1332534049.2391891
COMP_00274,2023,2024,62,Sicilia,SRL,210217907.6,194.62172221182814,619347619.7687895,158.50353416949764,543420720.603169
COMP_00275,2023,2024,62,Sicilia,SRL,36677399.34,1584.6075775936406,617870248.54592,1373.1100198649883,540298444.7034352
COMP_00276,2023,2024,62,Veneto,SRL,311253042.22,89.0318528191401,588367392.6644064,205.34568556961213,950397735.6229334
COMP_00277,2023,2024,46,Toscana,SRL,4910734133.79,-75.56432256768046,1199971152.4917352,-77.12654358760425,1123254631.6210957
COMP_00278,2023,2024,43,Puglia,SPA,18838586850.11,-74.48056361676657,4807501186.713999,-78.69363880935198,4013817357.4983573
COMP_00279,2023,2024,62,Veneto,SRL,2307976217.53,-73.63588836559751,608477426.4850694,-65.73345907709759,790863615.0707725
COMP_00281,2023,2024,41,Lombardia,SRL,806847006.89,0.22085869844419911,808628998.6878532,-5.394656347788642,763320383.615866
COMP_00282,2023,2024,62,Campania,SPA,3669897640.15,3.8582844081954053,3811492728.5966387,-12.638990382351224,3206059630.369307
COMP_00283,2023,2024,68,Lazio,SPA,133040426.25,972.5505223223706,1426925786.6442833,1536.5049328774292,2177213138.302408
COMP_00284,2023,2024,46,Liguria,SRL,1156058736.46,-1.9344859829882521,1133694942.2480702,8.485275061547037,1254153500.1216762
COMP_00285,2023,2024,10,Lazio,SRL,546572199.39,9.698831172788646,599583314.2462338,6.9728674293461275,584683954.2591261
COMP_00286,2023,2024,43,Piemonte,SAS,510981487.22,-38.231165944677365,315627306.89434147,-48.164276626937905,264870950.20291784
COMP_00287,2023,2024,62,Sicilia,SRL,129669700.31,373.87426680158427,614471341.6078242,304.1319047236918,524036629.71230584
COMP_00288,2023,2024,71,Lombardia,SNC,552384603.1,-60.696632989763216,217105747.86443284,-60.37428295619779,218886359.81793588
COMP_00289,2023,2024,41,Emilia-Romagna,SRL,2330518651.46,-62.75974262728123,867891143.9229187,-69.66606114903591,706938102.6441891
COMP_00290,2023,2024,10,Lazio,SRL,1233638715.96,-49.86814547638242,618445966.4320911,-50.56791740632032,609813308.9809567
COMP_00291,2023,2024,68,Lazio,SRL,373182885.85,-33.62179524253423,247712100.08933276,-38.73731288327756,228621863.73144096
COMP_00292,2023,2024,43,Veneto,SNC,69394870.84,355.8784605859475,316356268.9109986,373.3773486569609,328499599.6863145
COMP_00293,2023,2024,46,Campania,SRL,3323992502.3,-67.5677313276419,1078046178.9949749,-61.48760515135618,1280149117.2250922
COMP_00294,2023,2024,77,Lazio,SAS,52295534.3,321.5273158554842,220439962.04707408,436.0119509121566,280310313.641366
COMP_00295,2023,2024,10,Sicilia,SAS,154012202.56,35.25801117016698,208313842.142025,34.5912702456952,207286979.7588771
COMP_00296,2023,2024,47,Veneto,SRL,1244434702.79,-7.826476835129673,1147039309.0478258,-4.451549222961415,1189038079.4476895
COMP_00297,2023,2024,10,Lombardia,SRL,2132210945.39,-72.87328438790458,578398799.4059167,-75.89096437254037,514055496.476669
COMP_00299,2023,2024,62,Lazio,SRL,5596036823.25,-87.66192734037678,690443089.3118565,-87.7990660103408,682768758.8417544
COMP_00300,2023,2024,45,Lazio,SPA,7969168007.34,-55.83029436964652,3519958050.030384,-35.23628029782273,5161129630.869264
COMP_00301,2023,2024,82,Sicilia,SRL,143370235.47,269.3070896031344,529476443.97141767,212.2888489071585,447729258.0247457
COMP_00302,2023,2024,46,Sicilia,SRL,20995036378.98,-94.95823539643641,1058520312.6607141,-94.54856464271322,1144530836.4389389
COMP_00303,2023,2024,43,Emilia-Romagna,SPA,11744175001.01,-59.478916567143074,4758866950.659988,-60.666482931235755,4619397078.607812
COMP_00304,2023,2024,41,Puglia,SRL,918531167.31,-0.15447517050479667,917112264.7231581,-6.228077643639564,861324333.0289043
COMP_00305,2023,2024,43,Sicilia,SRL,2633380214.72,-65.87218545853538,898715115.8512641,-71.41643825977043,752713859.529481
COMP_00306,2023,2024,43,Sicilia,SRL,1490759603.97,-42.454962383595394,857858174.8747008,-45.9036933799319,806445886.331724
COMP_00307,2023,2024,10,Lombardia,SRL,157251489.5,292.58611439666265,617347512.458926,325.3032983779396,668795771.5919393
COMP_00308,2023,2024,43,Veneto,SRL,507632617.63,47.382047500574494,748159345.6438563,27.892570069752882,649224401.1993685
COMP_00309,2023,2024,46,Lombardia,SPA,1596279751.68,294.63478338031797,6299475140.186246,189.43861756957364,4620250045.805615
COMP_00310,2023,2024,56,Piemonte,SRL,1375693634.72,-7.774139635078019,1268745290.605987,-9.115210659471508,1250296261.8863316
COMP_00311,2023,2024,47,Lazio,SRL,275200949.32,325.04476918562,1169727239.833829,357.09826338045167,1257938760.1482368
COMP_00312,2023,2024,47,Lazio,SRL,10201898881.93,-88.04408854716283,1219729996.8315363,-88.51248657715209,1171944503.4470794
COMP_00313,2023,2024,10,Sicilia,SRL,928229951.5,-34.32919024434783,609576125.5445474,-38.70670645265873,568942708.9672385
COMP_00314,2023,2024,41,Veneto,SRL,141733937.89,514.3162826720907,870694658.5306176,515.483906242562,872349577.3967787
COMP_00315,2023,2024,47,Toscana,SNC,108663081.46,308.9662671670339,444395348.03563523,271.05298657799773,403197609.0650125
COMP_00316,2023,2024,46,Campania,SPA,60066104313.94,-89.98210546108561,6017358983.804819,-94.09158145043607,3548956849.285259
COMP_00317,2023,2024,10,Lombardia,SRL,1641774984.37,-63.06298013780177,606422752.0693487,-66.56521679834506,548923906.6831137
COMP_00318,2023,2024,62,Lombardia,SRL,326739511.97,87.04146298185536,611138363.3284625,90.86649387430141,623636250.5991424
COMP_00319,2023,2024,56,Lombardia,SRL,5877932077.38,-80.19757129835456,1163973308.754321,-77.71462443258676,1309919239.041588
COMP_00320,2023,2024,46,Sicilia,SRL,432965014.64,163.7943758259436,1142137357.9142933,151.14774262718578,1087381860.6338243
COMP_00322,2023,2024,56,Toscana,SRL,1351203458.83,-11.178389920438848,1200160667.5835261,-8.646297214548564,1234374391.8062978
COMP_00323,2023,2024,46,Lombardia,SRL,816068226.44,49.08027567816247,1216596761.6986432,72.08617486192816,1404340595.1441743
COMP_00324,2023,2024,62,Sardegna,SRL,5468627104.91,-87.49761082525919,683709043.1712092,-87.22980274543048,698354468.4138609
COMP_00325,2023,2024,56,Puglia,SRL,1284880749.55,-12.527217218315998,1123920947.0575447,-37.77067843853752,799572573.3187988
COMP_00326,2023,2024,62,Liguria,SNC,127970383.37,96.08137483313332,250926087.09112743,81.21084170960557,231896208.84378612
COMP_00327,2023,2024,46,Emilia-Romagna,SRL,166717594.98,635.0955903662393,1225533689.0626266,1423.3529244701735,2539697358.734169
COMP_00328,2023,2024,25,Campania,SRL,1011559200.18,-17.500536724578392,834530910.8616476,-16.78550788022303,841763850.920665
COMP_00329,2023,2024,47,Lombardia,SRL,806108186.76,42.289037680068546,1147003581.6010537,48.22344536928682,1194841327.8195572
COMP_00330,2023,2024,47,Campania,SRL,1492173630.15,-19.68977237987421,1198368038.860959,-22.0782525739626,1162727767.2434165
COMP_00331,2023,2024,56,Veneto,SPA,4313664758.2,66.63318927646527,7187997161.283584,59.717920750813654,6889695659.957653
COMP_00332,2023,2024,25,Lazio,SRL,7986202939.75,-89.07109208546622,872804765.1530676,-88.81799147371602,893017893.6491871
COMP_00333,2023,2024,41,Lazio,SRL,800340704.96,4.549054156551265,836748637.0655546,10.68331324182646,885843609.472719
COMP_00334,2023,2024,68,Lazio,SRL,167647626.99,43.21228717501449,240092001.0070159,48.065874616845555,248228925.17713034
COMP_00335,2023,2024,56,Lazio,SPA,2439338706.98,186.7721566002047,6995344216.790094,119.36073561014355,5350951331.654292
COMP_00336,2023,2024,71,Emilia-Romagna,SRL,376311653.53,44.29528085917485,542999957.3669184,44.609263657877115,544181511.2285147
COMP_00337,2023,2024,56,Puglia,SRL,20197355135.99,-93.76553014537795,1259198017.3842552,-95.27232112126092,954866092.8281263
COMP_00338,2023,2024,47,Piemonte,SRL,10596255836.77,-88.04006367318402,1267305451.1042132,-88.54894955675255,1213382600.9640837
COMP_00339,2023,2024,47,Lazio,SRL,1104455778.86,7.0753465436014285,1182599852.6351771,17.43649583748871,1297034164.7678273
COMP_00340,2023,2024,68,Piemonte,SRL,64421576.59,251.33656213174385,226336552.4623743,209.1434493121614,199155083.9716019
COMP_00342,2023,2024,47,Lombardia,SRL,3304358978.07,-65.96031248738109,1124793470.4301958,-67.47749476374892,1074660321.6673484
COMP_00343,2023,2024,25,Piemonte,SPA,3246906259.28,23.780911306806402,4019050157.0145226,23.184231556767177,3999676524.862643
COMP_00344,2023,2024,46,Campania,SRL,35362537871.88,-96.67831723299275,1174631326.4666498,-96.3236129723554,1300063754.9676995
COMP_00345,2023,2024,56,Emilia-Romagna,SRL,6440102440.94,-81.86276173418067,1168056724.2761345,-77.48919487153854,1449718910.553293
COMP_00346,2023,2024,41,Emilia-Romagna,SRL,746770466.58,11.262874099606453,830878284.0439491,-4.892363674543697,710235739.5408196
COMP_00347,2023,2024,41,Lazio,SAPA,139669412.55,163.0768652774462,367437912.28796405,144.60859826905596,341643392.24917996
COMP_00348,2023,2024,43,Campania,SRL,192740259.73,345.8805126229671,859391258.1149622,315.7017882568417,801224706.3884914
COMP_00349,2023,2024,41,Emilia-Romagna,SPA,2284397519.43,112.98847034251052,4865503333.176211,85.08881871448256,4228164383.455929
COMP_00350,2023,2024,41,Sicilia,SRL,614291099.44,35.7271349864121,833759709.7464439,31.097573427825157,805320725.1489486
COMP_00351,2023,2024,45,Emilia-Romagna,SRL,563106586.76,4.602795739800188,589025232.7459235,12.823497813220959,635316547.5992718
COMP_00352,2023,2024,71,Toscana,SRL,397617818.06,40.95833868929872,560475470.6700144,35.655821343805556,539391716.8986114
COMP_00353,2023,2024,46,Lombardia,SRL,485764220.56,122.37210631328301,1080204128.9755738,165.26364374960283,1288555871.4893134
COMP_00354,2023,2024,41,Lazio,SAS,260814334.29,11.282902838908653,290241762.2178871,19.804058111379216,312466156.61559844
COMP_00355,2023,2024,10,Toscana,SNC,183004726.4,18.9765397957972,217732691.1334858,47.968460946557514,270789277.11353844
COMP_00356,2023,2024,47,Lazio,SRL,3312297721.44,-63.12216817243605,1221503583.3408759,-62.61424757513244,1238327425.7120876
COMP_00357,2023,2024,43,Liguria,SRL,1128390634.41,-27.275361027069277,820618015.0790352,-29.7247491570731,792979348.8197218
COMP_00358,2023,2024,62,Sardegna,SNC,153065856.75,57.88554966016229,241668869.2717741,48.26594391513197,226944537.32217124
COMP_00359,2023,2024,47,Liguria,SRL,2103975035.86,-44.97728358453813,1157664217.43336,-3.958173697825017,2020696049.381785
COMP_00360,2023,2024,62,Campania,SRL,328964971.91,97.48874683884992,649668800.5638337,74.86114667585618,575231922.0437342
COMP_00361,2023,2024,41,Toscana,SRL,2765514663.01,-70.28952796736844,821647460.511911,-75.18013273574661,686397068.5325464
COMP_00362,2023,2024,47,Piemonte,SRL,849253552.14,25.831854035142403,1068631490.1170667,27.016380374207014,1078691122.1276069
COMP_00363,2023,2024,41,Sicilia,SRL,3760590895.05,-72.31677969884319,1041052662.1019359,-76.67606328580848,877117840.4411107
COMP_00364,2023,2024,71,Sardegna,SRL,291294983.49,100.01983548457102,582647746.7515063,120.80410424902338,643191279.0174351
COMP_00365,2023,2024,47,Campania,SRL,529469110.99,128.37945740515127,1209198682.8068402,120.89170836160154,1169553364.5127952
COMP_00366,2023,2024,43,Sicilia,SRL,4240597584.68,-78.4981440784589,911807182.8702452,-80.56189801114927,824291683.4468393
COMP_00367,2023,2024,41,Umbria,SRL,625525387.47,44.14003660834994,901632522.4937809,33.5952237794837,835672041.188029
COMP_00368,2023,2024,41,Lombardia,SRL,294031669.6,176.02472606738465,811600110.5647576,166.1169189003451,782468019.7307627
COMP_00369,2023,2024,47,Lazio,SPA,52151976832.42,-89.96490902838313,5233498318.629899,-89.49361104405324,5479289534.229288
COMP_00370,2023,2024,41,Lazio,SRL,1279915975.99,-32.24192107262923,867246477.2153322,-29.415269794720814,903425238.5068074
COMP_00371,2023,2024,47,Lazio,SRL,317500954.84,281.659264507448,1211771809.0464685,300.52465950631387,1271669618.302205
COMP_00372,2023,2024,41,Lazio,SNC,186160839.65,86.57873783619534,347336544.9642335,48.107923790944554,275718954.5174045
COMP_00373,2023,2024,47,Toscana,SAS,42828577.22,843.7478199209233,404193763.8168991,779.932040510169,376862373.4534194
COMP_00374,2023,2024,62,Lazio,SRL,592302682.42,8.214088724751239,640954950.2730603,1.6448460089795944,602045149.4528644
COMP_00375,2023,2024,56,Lombardia,SRL,409984401.93,204.0530567034055,1246570106.075341,147.00541618022152,1012683678.2611886
COMP_00376,2023,2024,56,Emilia-Romagna,SPA,22026566724.75,-70.15690929424747,6573408287.030246,-74.67647131517371,5577903942.824469
COMP_00378,2023,2024,25,Veneto,SNC,436406756.37,-32.08981087041542,296364653.6251524,-24.110985843812443,331184785.12018824
COMP_00379,2023,2024,47,Lombardia,SAS,134202427.92,209.0095530504749,414698322.69847775,177.2207356853494,372036957.9874248
COMP_00380,2023,2024,43,Lazio,SRL,3206028405.72,-69.5646276484584,975766682.9770747,-71.4485032293061,915369096.7266749
COMP_00381,2023,2024,45,Toscana,SRL,326991392.34,72.56678225789099,564278524.0214138,71.49085238638321,560760325.9539685
COMP_00382,2023,2024,10,Emilia-Romagna,SRL,12962705972.38,-94.81116431487337,672613513.2528932,-94.3652780375056,730412440.3592688
COMP_00383,2023,2024,41,Emilia-Romagna,SRL,352726149.16,131.10297161059003,815160612.3563623,101.35906818065169,710246087.1780716
COMP_00384,2023,2024,10,Puglia,SRL,1031709339.77,-39.14017231019938,627896526.4436016,-38.95037268548107,629854706.8986688
COMP_00386,2023,2024,41,Lombardia,SRL,1513150027.79,-44.31808328010579,842550938.3210839,-51.339522120978515,736306034.5491604
COMP_00387,2023,2024,46,Lombardia,SPA,73936098602.02,-91.50735565657361,6279129895.674612,-92.18693854809405,5776672818.9176
COMP_00388,2023,2024,10,Veneto,SRL,48421766.07,1135.0153502748826,598016243.8386948,998.179878109766,531758091.606122
COMP_00389,2023,2024,47,Veneto,SRL,22037389956.75,-95.22889727704631,1051426512.2944239,-95.21644689531249,1054170251.4682072
COMP_00390,2023,2024,43,Lombardia,SRL,1615112326.89,-47.94003291067328,840826945.834593,-49.325729224184315,818446393.861816
COMP_00391,2023,2024,68,Campania,SRL,1180820410.85,-79.4226062315581,242982065.63873798,-83.47026624444386,195186470.0447691
COMP_00392,2023,2024,68,Campania,SPA,218941678.01,507.32655047511366,1329690940.6104634,493.91162916206787,1300320086.7839599
COMP_00393,2023,2024,43,Veneto,SRL,797089356.65,10.411596960838615,880079087.8821394,-16.615594730137577,664648219.511975
COMP_00394,2023,2024,71,Lombardia,SAPA,857379009.29,-72.14096179615886,238857545.74981585,-70.27481085544119,254857532.1971969
COMP_00395,2023,2024,82,Friuli-Venezia Giulia,SRL,1236918350.32,-54.65704857358449,560855286.7700176,-53.97081299918494,569343460.5161895
COMP_00396,2023,2024,62,Emilia-Romagna,SRL,486934976.26,31.74525213650836,641513712.2145841,53.69594413146861,748399309.0691495
COMP_00397,2023,2024,62,Campania,SRL,3803560282.2,-83.14927133698406,640927622.6877655,-82.90745307516414,650125326.0494542
COMP_00398,2023,2024,41,Veneto,SRL,708477173.59,23.936091864307272,878058920.6981502,17.94331111160665,835601437.0019712
COMP_00399,2023,2024,46,Veneto,SAS,323640431.94,36.576380029210135,442016386.2545516,32.3541193146243,428351443.44023305
COMP_00400,2023,2024,10,Lazio,SRL,618464184.28,-9.757141183262938,558119760.6518849,-16.561997738384555,516034160.0668279
COMP_00401,2023,2024,25,Umbria,SAS,302612214.11,-5.926406665948193,284678183.68101156,13.83345097609911,344473926.39659494
COMP_00402,2023,2024,82,Sicilia,SRL,32847825.97,1616.112824978003,563705754.197625,1372.4534326889723,483668941.05896467
COMP_00403,2023,2024,43,Veneto,SAS,3140375448.6,-89.46891308879405,330715667.83023983,-91.07153701570654,280387259.49609053
COMP_00404,2023,2024,56,Lombardia,SRL,1652661408.11,-27.628106647401733,1196062351.756918,-43.451770323478065,934550768.8332843
COMP_00405,2023,2024,62,Emilia-Romagna,SAS,152875998.52,57.40784681660425,240638817.5697158,41.06114428535644,215648632.8499766
COMP_00406,2023,2024,62,Campania,SRL,5179745583.09,-88.14510384851546,614053459.7864264,-87.79239122832412,632323076.151789
COMP_00407,2023,2024,82,Lazio,SRL,804008067.52,-27.38270361941535,583848921.3148096,-20.26645397898089,641064142.5287656
COMP_00408,2023,2024,41,Umbria,SRL,439242732.72,88.86950878815091,829595591.6759146,59.54537496921617,700791464.943156
COMP_00409,2023,2024,10,Lazio,SNC,513945122.79,-57.33272218131981,219286393.37636635,-64.36895716921761,183124006.82802203
COMP_00410,2023,2024,45,Lombardia,SRL,236599191.99,128.10545830184972,539695671.2272629,137.65208789669455,562282919.7109439
COMP_00411,2023,2024,25,Sardegna,SRL,3485038481.96,-76.42624814953484,821554323.6304685,-79.3172847130588,720800586.8641247
COMP_00412,2023,2024,10,Sardegna,SAS,43080839.72,379.95064644795366,206766768.7313468,437.48130278270514,231551458.5767851
COMP_00413,2023,2024,43,Liguria,SRL,2901181050.54,-69.42078105952571,887158505.3041786,-75.64904525379339,706465284.7225171
COMP_00414,2023,2024,62,Emilia-Romagna,SRL,2623076085.86,-75.11133788355009,652848544.0670948,-76.53542898530021,615493550.9362273
COMP_00415,2023,2024,46,Piemonte,SRL,743247497.14,65.40862959493249,1229395499.517909,37.25489586382116,1020143578.2099642
COMP_00416,2023,2024,43,Lombardia,SRL,1468004972.96,-43.770200877740066,825456247.4001943,-56.2249839581715,642619412.4080802
COMP_00417,2023,2024,47,Lombardia,SAS,625885361.06,-30.419867348425505,435491864.4723339,-43.24992539587468,355190409.3378491
COMP_00418,2023,2024,41,Toscana,SPA,7442222953.42,-35.278202545621305,4816740466.015773,-3.3847608829460367,7190321502.071009
COMP_00420,2023,2024,56,Veneto,SAPA,870759199.2,-43.754398397828425,489763750.0962916,-43.93385888297062,488201081.41298705
COMP_00421,2023,2024,47,Veneto,SRL,3233700710.72,-68.54699311652192,1017096107.1338409,-61.2332947571939,1253599222.9593482
COMP_00422,2023,2024,56,Lazio,SRL,209348803.4,491.1131999018061,1237488410.733881,415.85041641169477,1079926674.0918002
COMP_00423,2023,2024,10,Piemonte,SRL,1126878064.63,-44.42013411555022,626317317.0026374,-47.089074019462586,596241618.6672919
COMP_00424,2023,2024,62,Lazio,SRL,1502858814.2,-55.86573689754811,663275663.1174166,-55.407964990186585,670155328.5761307
COMP_00425,2023,2024,47,Sicilia,SRL,2038788938.13,-43.076112383417154,1160557923.880444,-46.512659452924616,1090493982.3736951
COMP_00426,2023,2024,46,Piemonte,SNC,247977076.51,92.06641867922842,476280689.99820715,55.55645665034235,385744353.5240644
COMP_00427,2023,2024,47,Emilia-Romagna,SPA,1944380934.41,225.75953225828707,6334006237.253327,140.43535522493212,4674979206.574538
COMP_00428,2023,2024,68,Campania,SRL,375378548.83,-37.20348983434376,235724628.5757238,-34.08592483859805,247427298.81558612
COMP_00429,2023,2024,46,Lazio,SRL,311615831.41,270.9213830670989,1155849751.7220113,303.7209213721441,1258058305.7099195
COMP_00430,2023,2024,46,Lazio,SPA,834409659.9,583.905494521241,5706573510.8721,505.12862435870477,5049251696.469017
COMP_00431,2023,2024,82,Veneto,SNC,371081651.43,-44.843194268523376,204676785.58440036,-48.98855903049581,189294097.56787574
COMP_00432,2023,2024,56,Emilia-Romagna,SAS,130815617.45,269.1304700998165,482880303.65716255,225.37339456602038,425639215.1195643
COMP_00433,2023,2024,46,Lazio,SRL,845322324.69,40.7396136741885,1189703374.0703754,75.14586301979276,1480547080.8772752
COMP_00434,2023,2024,47,Lazio,SPA,37766505441.34,-84.54355130212889,5837360538.519414,-86.32338464060604,5165179683.896664
COMP_00436,2023,2024,41,Lazio,SRL,2146363606.12,-58.70140949279583,886417916.4871594,-50.95303427638892,1052726222.197739
COMP_00437,2023,2024,47,Veneto,SRL,1525350746.87,-23.457735740703146,1167537999.5503936,-25.737982038732863,1132756245.6129217
COMP_00438,2023,2024,71,Puglia,SRL,60124400.26,839.6308447072939,564947410.0382324,928.0564565735035,618112778.8490263
COMP_00439,2023,2024,71,Lazio,SRL,558932163.06,-0.46290574320003275,556344833.976603,-0.7449316970907542,554768500.212131
COMP_00440,2023,2024,43,Lazio,SRL,151010051.75,450.83807529840743,831820862.5668291,443.5473659379642,820811158.5886816
COMP_00441,2023,2024,46,Lombardia,SRL,97712412.0,1058.1748145142283,1131680546.4383786,984.258017545447,1059454661.2470394
COMP_00442,2023,2024,41,Campania,SPA,1126420397.05,315.19595489167307,4676851923.626323,285.06228762180115,4337420149.119306
COMP_00443,2023,2024,82,Campania,SRL,153607430.75,270.81575815434485,569600558.9170227,354.3771656836359,697957090.1213038
COMP_00445,2023,2024,47,Sardegna,SRL,178270667.9,558.0451182479885,1173101427.384034,550.1522389923424,1159030738.818453
COMP_00446,2023,2024,62,Lombardia,SNC,100265505.35,173.59575771503307,274322169.0891395,99.90724855220635,200438012.99215025
COMP_00447,2023,2024,56,Veneto,SRL,2167407278.66,-43.43992882547913,1225887099.4518418,-43.22273753568413,1230594519.275474
COMP_00448,2023,2024,47,Campania,SRL,2984393384.33,-53.79603380311567,1378908110.4778852,-52.37794045526681,1421229594.5347106
COMP_00449,2023,2024,10,Lazio,SRL,3805340647.31,-84.21766317755812,600571678.1997538,-83.83050291511175,615304445.0368577
COMP_00450,2023,2024,46,Veneto,SPA,8825133641.48,-35.82530669933585,5663502447.793524,-43.034919791892804,5027244457.341733
COMP_00451,2023,2024,47,Liguria,SAPA,487684633.27,1.6016829069599374,495495794.6809558,4.892660102407991,511545384.747576
COMP_00452,2023,2024,47,Campania,SRL,251506441.66,367.13083752247786,1174864147.3493402,375.8240452742951,1196728124.832047
COMP_00453,2023,2024,43,Umbria,SRL,665574827.23,24.862795555464924,831055335.7928338,16.049452450871506,772395942.651249
COMP_00454,2023,2024,71,Lazio,SAS,59169426.83,255.36437870655152,210267066.03865707,275.53745076116513,222203357.1473749
COMP_00455,2023,2024,25,Piemonte,SRL,185766378.37,342.8001285135925,822573762.1574064,311.84315511616023,765066113.8240322
COMP_00456,2023,2024,46,Lazio,SRL,9073286241.24,-87.96880447254917,1091624808.4488792,-81.34145023679386,1692943628.4799004
COMP_00457,2023,2024,47,Piemonte,SRL,4767823290.15,-71.60616693229446,1353767785.9683769,-77.3256367755527,1081073570.708405
COMP_00458,2023,2024,47,Lazio,SRL,460501646.78,134.34085451412918,1079143494.1158888,158.00663622283548,1188124808.6078413
COMP_00459,2023,2024,47,Lazio,SRL,1737500804.76,-35.35667414034227,1123178307.0351822,-40.065546879862474,1041361605.2908944
COMP_00460,2023,2024,41,Lazio,SRL,161154748.16,384.02321018838336,780026385.4150366,304.6184926415017,652061912.8252002
COMP_00461,2023,2024,25,Toscana,SRL,1192774615.3,-32.64269816270634,803420797.8662393,-41.89754063341545,693031386.1896176
COMP_00462,2023,2024,47,Veneto,SNC,429344054.73,5.34196467054697,452279462.44877046,-8.264537137260463,393860755.8802193
COMP_00463,2023,2024,47,Liguria,SRL,1345555501.18,-12.776276822201009,1173643605.552889,-11.962708909968105,1184590613.3517742
COMP_00464,2023,2024,41,Sicilia,SPA,1704162890.18,217.40620152216098,5409118697.470614,193.32680932975722,4998766631.546769
COMP_00465,2023,2024,47,Campania,SRL,860488686.48,42.12969390603652,1223009936.1900983,40.7163950508731,1210848659.4352658
COMP_00466,2023,2024,46,Lombardia,SRL,1129309377.47,0.34515104796742485,1133207200.6211321,6.9471643066884345,1207764355.4536812
COMP_00467,2023,2024,47,Emilia-Romagna,SRL,2319545857.49,-49.84594007895468,1163346419.261659,-51.270962329210676,1130292374.6875353
COMP_00468,2023,2024,62,Lombardia,SNC,94626001.01,164.36089866727644,250154146.6429421,152.73125162956063,239149476.7195737
COMP_00469,2023,2024,25,Sicilia,SPA,10923796067.19,-62.34090186801354,4113803080.6811595,-70.6363013295798,3207630560.5408835
COMP_00470,2023,2024,10,Lazio,SRL,733018339.53,-21.355672011884998,576477347.1530076,-25.197350971005047,548317135.8367925
COMP_00471,2023,2024,56,Sicilia,SPA,127904841119.92,-93.76176763875992,7979001190.335569,-95.1647015482232,6184580802.419057
COMP_00472,2023,2024,47,Lazio,SRL,235207081.08,404.5131335457087,1186650615.0781038,498.3366255854712,1407330112.0721552
COMP_00473,2023,2024,47,Emilia-Romagna,SNC,661893214.04,-30.709945692813218,458626167.4639,-21.725854439381436,518091257.81352615
COMP_00474,2023,2024,62,Sicilia,SPA,2746884455.67,22.64100132574752,3368806601.6949973,19.17616927828591,3273631668.768202
COMP_00475,2023,2024,62,Lombardia,SAS,52521567.89,330.3839939896172,226044421.59095034,318.2060600436049,219648379.7458961
COMP_00476,2023,2024,77,Lazio,SRL,407733114.59,49.208605552018,608372894.6535506,28.750320835910074,524957693.1888738
COMP_00477,2023,2024,46,Liguria,SRL,1154869427.24,0.09089256579555882,1155919117.694007,-19.32403779274705,931702022.663261
COMP_00478,2023,2024,46,Sicilia,SRL,6618272577.82,-79.73551294923149,1341158989.5168972,-83.96876398208805,1060990897.2590699
COMP_00479,2023,2024,45,Sicilia,SRL,96463969.69,501.9292565255895,580644855.570087,475.236244235311,554895716.2850448
COMP_00480,2023,2024,25,Emilia-Romagna,SRL,801535793.38,1.9453209320165872,817128236.9462264,1.7866614402136345,815856524.3298309
COMP_00481,2023,2024,46,Toscana,SRL,1977857033.52,-42.53931564022061,1136490187.1186233,-50.36768789035685,981656175.9591757
COMP_00482,2023,2024,41,Piemonte,SRL,502603533.5,63.35955077425306,821050874.5011225,64.40968388131712,826328880.6036798
COMP_00483,2023,2024,71,Emilia-Romagna,SRL,548544426.86,0.5401519415692527,551507400.2320542,3.078981316952634,565434007.2782043
COMP_00484,2023,2024,46,Liguria,SRL,2311076435.14,-53.17914852657842,1082065665.1341455,-51.878137115277184,1112133033.2792108
COMP_00485,2023,2024,47,Umbria,SRL,41596898.22,2593.4429367795606,1120388717.0259728,2595.6401354560226,1121302683.5231118
COMP_00486,2023,2024,43,Lazio,SNC,556379854.73,-42.09919828506739,322148396.4690474,-40.85099438738147,329093151.50172657
COMP_00487,2023,2024,10,Lombardia,SRL,1823741332.75,-66.67034050273273,607846776.3164992,-64.15815720373912,653662501.4946882
COMP_00488,2023,2024,10,Sardegna,SRL,375116306.68,54.11614195801713,578114779.7106197,68.55394948514264,632273350.07194
COMP_00489,2023,2024,45,Emilia-Romagna,SPA,1131352759.9,139.26208572942096,2706898210.2941084,180.6603034571279,3175258089.1059318
COMP_00490,2023,2024,25,Piemonte,SRL,374214077.08,121.62570103101837,829354571.6853054,98.6497920806878,743375486.0560848
COMP_00491,2023,2024,47,Emilia-Romagna,SRL,146782576.03,703.3702312339285,1179207520.463328,706.3072404763984,1183518538.2876644
COMP_00492,2023,2024,68,Lombardia,SRL,206410462.05,17.870357052421816,243296748.61188865,-2.369103710453222,201520384.13480982
COMP_00493,2023,2024,68,Lombardia,SRL,93296039.27,163.29358508165535,245642486.53317204,178.43074250253747,259764854.86491993
COMP_00494,2023,2024,47,Piemonte,SNC,897329363.28,-48.04595413065428,466198908.99759907,-52.01845512162697,430552491.14901215
COMP_00495,2023,2024,41,Campania,SRL,6509484428.14,-85.90022330800726,917822768.1677805,-88.66781762894864,737666646.8120149
COMP_00496,2023,2024,68,Liguria,SRL,38957540.16,566.4355014954102,259626878.13557184,543.9538654829008,250868585.75737342
COMP_00497,2023,2024,68,Lazio,SRL,57937446.67,347.82002495859854,259455488.1379687,325.00909329036153,246239416.76775378
COMP_00498,2023,2024,41,Sicilia,SRL,842787469.13,9.883355332957759,926083149.4057596,-14.694417808648657,718944757.177102
COMP_00500,2023,2024,41,Toscana,SRL,49395985.04,1574.4838821411236,827127807.9196407,1330.248180586557,706485177.3174078
COMP_00501,2023,2024,62,Sicilia,SRL,1206149439.69,-45.66414775588981,655371577.3931214,-52.2384241718859,576075979.2379127
COMP_00502,2023,2024,82,Lombardia,SRL,247706874.47,136.72242218097597,586377713.1541736,197.81924002949575,737718731.047371
COMP_00503,2023,2024,10,Veneto,SRL,666627011.64,-8.05246192173994,612947125.3676561,-4.246946513358888,638315719.0120465
COMP_00504,2023,2024,68,Toscana,SRL,127530827.79,103.41884930658549,259421742.40158117,66.19753794912222,211953095.91311496
COMP_00505,2023,2024,47,Lombardia,SPA,8783159715.68,-26.69895330374349,6438148004.597387,-45.344394748211606,4800489102.836161
COMP_00506,2023,2024,77,Umbria,SPA,1837757234.51,56.615229740144954,2878207714.893971,44.33699620602509,2652563589.8506503
COMP_00507,2023,2024,46,Veneto,SAS,442729526.49,8.637254639012118,480969203.0550339,17.634838076052862,520804161.6013871
COMP_00508,2023,2024,62,Sardegna,SAS,81755408.11,184.03810939252017,232216515.5217831,206.31105346370268,250425851.8452904
COMP_00509,2023,2024,10,Puglia,SRL,678321783.68,-8.637876743830969,619729184.0791658,-3.497656065149774,654596420.6718843
COMP_00510,2023,2024,43,Emilia-Romagna,SRL,711915423.21,17.31436616812361,835179066.3919263,23.985934908995702,882674993.2282519
COMP_00511,2023,2024,10,Campania,SPA,9686985654.96,-70.54276241397932,2853518379.3053074,-69.3717174323931,2966957338.6846952
COMP_00512,2023,2024,77,Friuli-Venezia Giulia,SPA,1852068195.03,51.530442615055684,2806447133.461632,77.7320100753672,3291718030.993391
COMP_00513,2023,2024,62,Emilia-Romagna,SPA,1155959706.3,188.93447999940182,3339966166.400517,239.54733663848367,3925030395.3556876
COMP_00514,2023,2024,62,Lazio,SRL,124931700.22,382.1155642230129,602315171.4090561,414.9006453772661,643274130.7135713
COMP_00515,2023,2024,71,Lazio,SRL,922988291.6,-38.931393072578125,563656091.7833304,-26.247579761887113,680726203.5694108
COMP_00516,2023,2024,25,Campania,SPA,41691580930.09,-88.24834444008451,4899450988.387589,-88.73873655513731,4694998762.865568
COMP_00517,2023,2024,43,Veneto,SPA,18134477921.33,-77.61486180712514,4059427943.2460995,-77.38416888012307,4101262901.1593623
COMP_00518,2023,2024,10,Lombardia,SAPA,257825148.41,-1.8327719305460395,253099801.46005285,10.340175977538138,284484722.46994287
COMP_00519,2023,2024,41,Lombardia,SRL,263712243.85,197.94822346080323,785725945.5996964,180.5361743660742,739808240.2317227
COMP_00520,2023,2024,41,Emilia-Romagna,SRL,4239643410.86,-79.1691692824941,883152941.94214,-81.81016235596005,771184253.1216717
COMP_00521,2023,2024,46,Campania,SRL,8537755818.31,-84.31466471001752,1339175626.3419104,-84.82588702430145,1295528713.4596355
COMP_00522,2023,2024,41,Sicilia,SPA,4547570099.36,0.03678055601225505,4549242720.927591,-20.99055428586029,3593009928.966288
COMP_00523,2023,2024,25,Emilia-Romagna,SRL,773107919.19,8.75193435939561,840769816.8047981,4.640265312283289,808982177.7906888
COMP_00524,2023,2024,25,Veneto,SRL,408976069.79,84.79636655863618,755772917.0662322,46.69976723557838,599966942.4311466
COMP_00525,2023,2024,25,Piemonte,SAPA,130054710.36,149.76766314329964,324834610.8739588,145.47406192956566,319250580.25142366
COMP_00526,2023,2024,77,Campania,SRL,603538483.81,-4.227253054238171,578025384.819639,9.764767473907039,662472613.3695905
COMP_00527,2023,2024,56,Lombardia,SPA,33612913447.55,-79.24258091155396,6977173312.144589,-81.2671709962391,6296649599.31169
COMP_00528,2023,2024,77,Lazio,SRL,70622095.56,638.2769481673599,521386651.8322046,617.8696897205707,506974618.27073693
COMP_00529,2023,2024,45,Emilia-Romagna,SPA,413726755.31,627.7036852739469,3010704845.3551946,714.1423280195573,3368324637.3206115
COMP_00530,2023,2024,41,Veneto,SRL,673205625.44,29.93132037320036,874704957.9608537,19.658670169572364,805548898.9082564
COMP_00531,2023,2024,62,Lombardia,SAS,102990172.5,139.12726383279357,246277581.51592422,151.9810270046829,259515694.37939447
COMP_00532,2023,2024,43,Lombardia,SAS,137634942.59,132.90147059396315,320553805.3432669,140.94409822111598,331623271.2606262
COMP_00533,2023,2024,43,Liguria,SRL,562051277.34,50.891868766869315,848089675.8063855,45.431504076252004,817399626.3153486
COMP_00534,2023,2024,41,Veneto,SRL,4834462772.23,-83.14455664590001,814870134.0482795,-78.64418974481539,1032438696.4949758
COMP_00535,2023,2024,25,Sardegna,SRL,2416517326.55,-66.30881273628019,814153377.7481959,-69.88596005531899,727710992.9874046
COMP_00536,2023,2024,41,Emilia-Romagna,SRL,3747855293.21,-76.5788874663824,877789405.8198576,-77.4121469437559,846560046.3909411
COMP_00537,2023,2024,43,Lombardia,SAS,78654240.84,272.159912184732,292719553.6397116,264.37255830560326,286594469.5645586
COMP_00538,2023,2024,47,Piemonte,SRL,3498079599.64,-65.77274416701017,1197296653.810409,-66.83152861563275,1160259531.0089824
COMP_00539,2023,2024,10,Lazio,SRL,821951427.29,-27.83762402843543,593139679.264651,-15.782643236503713,692225765.943469
COMP_00540,2023,2024,41,Sardegna,SRL,313733707.8,177.10112469426926,869359632.8588325,165.89593451621207,834205174.2471721
COMP_00541,2023,2024,62,Emilia-Romagna,SPA,286192549.66,1034.0904475177845,3245682367.2016516,913.2374923765165,2899810213.543401
COMP_00542,2023,2024,25,Lombardia,SNC,81302138.19,296.70300991545076,322528029.32534915,343.2355715581911,360359996.8954769
COMP_00543,2023,2024,43,Toscana,SRL,1051806017.3,-20.998621412070253,830941253.7377988,-31.114778208531,724538907.8331218
COMP_00544,2023,2024,68,Emilia-Romagna,SRL,169645624.17,49.280106528351524,253247168.48166284,44.617989037756004,245338090.16520333
COMP_00545,2023,2024,25,Campania,SRL,472413851.35,67.45012073496545,791057564.4542753,77.7260457194751,839602457.4354341
COMP_00546,2023,2024,25,Lazio,SRL,749012132.91,11.963617397496133,838621078.7521776,-7.213629560204874,694981172.2808832
COMP_00547,2023,2024,46,Toscana,SRL,1489695661.28,-24.660906817158256,1122323202.3924897,-19.52227012229191,1198873250.2848556
COMP_00548,2023,2024,43,Sicilia,SRL,3677124621.03,-78.71343044964416,782733689.9088091,-78.65787071586325,784776690.5590461
COMP_00549,2023,2024,46,Veneto,SRL,486856254.25,144.2610167078277,1189200036.5366967,268.4698975665959,1793918741.3315406
COMP_00550,2023,2024,62,Sicilia,SRL,454414698.36,41.258711477200386,641900347.6663429,22.68497681209881,557498567.3137348
COMP_00551,2023,2024,25,Emilia-Romagna,SRL,776868877.72,2.535712003807807,796568035.1061931,-9.749380968295709,701128971.2069539
COMP_00552,2023,2024,46,Liguria,SRL,1060888555.79,3.803711160945521,1101241692.191778,2.9720327472515393,1092418511.0799227
COMP_00553,2023,2024,46,Liguria,SRL,277834758.23,330.5118630477744,1196111593.8502529,385.1112955335214,1347807795.09198
COMP_00554,2023,2024,25,Emilia-Romagna,SPA,235948977.22,1531.9980389002644,3850682681.0356317,1516.5445579767609,3814220350.8517365
COMP_00555,2023,2024,47,Campania,SPA,7383617212.35,-19.67965702156555,5930546669.174241,-25.578840785168676,5494973521.416684
COMP_00556,2023,2024,41,Lazio,SRL,3337319494.62,-69.89056686655083,1004847981.6821729,-71.92669545020226,936895865.5244433
COMP_00557,2023,2024,46,Lazio,SRL,511469252.62,125.5246565534713,1153489275.3478615,134.45513987402654,1199165951.6428592
COMP_00558,2023,2024,25,Veneto,SPA,9619069081.27,-50.1112344274915,4798834824.212438,-46.08285594042889,5186327333.738009
COMP_00559,2023,2024,46,Emilia-Romagna,SNC,150755313.77,176.24332099165787,416451485.3296421,183.9038717756681,428000172.700587
COMP_00560,2023,2024,43,Puglia,SRL,1347808974.28,-26.95150650785564,984554150.8634634,-47.83628972973373,703067168.3400669
COMP_00561,2023,2024,62,Lombardia,SRL,1967130361.83,-63.787688713237955,712343370.0422881,-62.10677702159628,745409094.2841218
COMP_00562,2023,2024,10,Lazio,SRL,320788997.39,97.40251984850408,633245564.244612,58.81690593414632,509467160.2319674
COMP_00563,2023,2024,45,Lazio,SRL,450899537.49,32.544665739788634,597643284.7883735,28.314972388739736,578571617.0312487
COMP_00565,2023,2024,56,Liguria,SRL,3755948037.5,-65.89114279034185,1281110952.9798326,-63.92310439267115,1355029452.5543916
COMP_00566,2023,2024,46,Campania,SRL,319188261.12,258.9790401306429,1145818955.978266,170.11613111889156,862178981.9230092
COMP_00567,2023,2024,47,Piemonte,SRL,1072669875.37,9.758842133504093,1177350035.1210134,20.66626571893742,1294350682.100959
COMP_00569,2023,2024,68,Lombardia,SRL,225431931.77,4.47268830820512,235514799.42523775,22.0790134180768,275205078.23412806
COMP_00570,2023,2024,43,Sicilia,SRL,324888230.83,163.91544698693042,857430226.6029247,208.3762931307152,1001878283.0515153
COMP_00571,2023,2024,46,Veneto,SRL,2550894309.3,-56.92235845593973,1098865106.7280862,-55.945384609675344,1123786676.9757936
COMP_00572,2023,2024,62,Campania,SRL,172519319.51,258.06935135453773,617738808.3307195,197.602679471768,513422117.4682206
COMP_00573,2023,2024,82,Emilia-Romagna,SAS,41238543.46,378.52757480445956,197337801.90382108,519.81928792168,255604446.42304456
COMP_00574,2023,2024,68,Emilia-Romagna,SRL,538769761.58,-53.04134410164301,252999038.42475057,-66.50514769958947,180460135.88049492
COMP_00575,2023,2024,43,Sardegna,SPA,13533132055.4,-65.4861304416788,4670807544.756109,-64.94586774212976,4743922009.3321495
COMP_00576,2023,2024,41,Lazio,SAS,1678935490.02,-81.09868786063078,317340837.5873285,-85.32047181212367,246459808.51374546
COMP_00577,2023,2024,46,Friuli-Venezia Giulia,SRL,3874494590.07,-69.30702467854465,1189197668.3613074,-71.92917775432285,1087602489.2969267
COMP_00578,2023,2024,56,Piemonte,SRL,5357263673.83,-77.2710663189884,1217648907.5417461,-78.49068019062805,1152310976.6354036
COMP_00579,2023,2024,46,Lombardia,SRL,396923177.14,179.07390034919825,1107708991.8345551,192.80951993346522,1162228849.4882917
COMP_00580,2023,2024,46,Piemonte,SAS,828442601.02,-49.207334188691505,420788081.7746004,-53.79122697659461,382813161.1345277
COMP_00581,2023,2024,62,Lombardia,SNC,45962075.23,452.7878929476662,254072787.21893817,335.73759056862167,200274039.18253925
COMP_00582,2023,2024,43,Piemonte,SPA,22231253814.35,-78.55136313236538,4768300901.762102,-77.81469149884634,4932072242.388034
COMP_00583,2023,2024,62,Lombardia,SRL,89325739.96,674.53921687087,691862886.7502937,539.4615520323703,571203763.1126151
COMP_00584,2023,2024,45,Emilia-Romagna,SRL,187333871.61,221.8975265386445,603023099.08167,224.14949732325684,607241803.1400104
COMP_00585,2023,2024,43,Lombardia,SRL,342933629.84,139.19336427688063,820274486.4511205,122.77735203879915,763978459.8080891
COMP_00586,2023,2024,46,Lazio,SRL,6475585463.28,-83.25229265165771,1084512102.4819295,-81.03482240152262,1228106283.6522365
COMP_00587,2023,2024,56,Lazio,SRL,883709698.87,37.2275102462057,1212692817.5635428,17.770036968873995,1040745239.0567241
COMP_00588,2023,2024,25,Lazio,SRL,645181052.39,17.757713213189096,759750453.3792515,-1.1390746703692132,637831958.444204
COMP_00589,2023,2024,41,Lombardia,SPA,3403975341.87,50.59536601155278,5126229125.032131,28.305612907883187,4367491425.619515
COMP_00590,2023,2024,77,Lazio,SRL,311151807.2,81.59533257692974,565037159.1039672,73.36405721767353,539425397.0680332
COMP_00591,2023,2024,41,Toscana,SRL,342433040.69,164.08402386002632,904310952.8803931,129.16645050897904,784741644.7192409
COMP_00592,2023,2024,46,Lombardia,SRL,1799197224.77,-37.91969990878414,1116947036.3700435,-37.291412971804405,1128251157.5037754
COMP_00593,2023,2024,46,Lombardia,SAS,187971366.98,134.98396859746993,441702577.9565181,143.90369134237915,458469102.73094994
COMP_00594,2023,2024,46,Emilia-Romagna,SPA,45476009192.25,-85.42973189889345,6625976460.994683,-85.13617323961022,6759475223.874977
COMP_00595,2023,2024,47,Piemonte,SRL,780779667.86,46.72967787831477,1145635491.590354,53.467421422643945,1198242423.257026
COMP_00596,2023,2024,41,Toscana,SRL,964079733.34,-12.005049055154544,848341488.4217299,-20.53063426417039,766148049.2729754
COMP_00597,2023,2024,46,Lombardia,SRL,3956498009.85,-70.19244321707377,1179335390.9013846,-70.74191255657259,1157595647.4193783
COMP_00598,2023,2024,43,Lombardia,SAS,332388090.38,-12.293451543243243,291526121.55362314,-15.797881544812661,279877813.59270275
COMP_00599,2023,2024,47,Lazio,SRL,1236192639.17,-4.809011747821222,1176743989.9266136,-18.283336577594355,1010175378.2031025
COMP_00600,2023,2024,25,Lombardia,SRL,2100390278.59,-61.78502150137922,802663693.3502895,-61.77528958021024,802868101.6764429
COMP_00601,2023,2024,46,Lombardia,SRL,202401838.27,499.4895232134867,1213377815.2201555,468.8666217837378,1151396499.7947335
COMP_00602,2023,2024,41,Lombardia,SRL,584241860.57,48.28821438024813,866361822.701192,25.527416403799872,733383713.1230118
COMP_00603,2023,2024,41,Lazio,SPA,6445564989.54,-26.925979323770623,4710033493.156261,-33.7512057621952,4270109087.384339
COMP_00604,2023,2024,41,Lazio,SRL,325812158.38,180.4373937665827,913699125.5355226,198.1489615771081,971405566.9019328
COMP_00605,2023,2024,41,Piemonte,SRL,1139733247.11,-25.945421705913986,844024649.8248037,-21.637605097892653,893122267.9309491
COMP_00606,2023,2024,62,Lombardia,SRL,3485539753.08,-81.56143427056482,642683538.3972485,-83.11114817131468,588667644.3276051
COMP_00607,2023,2024,41,Campania,SRL,1207982312.0,-30.889850945395292,834838376.3764601,-45.61801991262459,656924700.3708571
COMP_00608,2023,2024,71,Sicilia,SNC,438517716.93,-51.231532237580126,213858371.41350672,-47.01642035207374,232342383.8198744
COMP_00609,2023,2024,77,Toscana,SRL,1187928944.65,-52.669934563484915,562247546.8421481,-55.619568615108825,527207990.18165517
COMP_00610,2023,2024,46,Lazio,SAS,1119004480.26,-61.66883655394529,428927436.2971356,-60.59647905954872,440927164.70383716
COMP_00611,2023,2024,25,Veneto,SPA,6268667659.53,-44.59325430722568,3473264748.440975,-42.388068040713314,3611500546.7622323
COMP_00612,2023,2024,43,Emilia-Romagna,SRL,1235483538.34,-30.82983380440962,854586016.7889385,-29.366585878293776,872664204.0412012
COMP_00613,2023,2024,62,Lazio,SRL,238504876.67,198.0148779808638,710780017.1865101,143.89655853830735,581705186.1441642
COMP_00614,2023,2024,43,Emilia-Romagna,SRL,596129522.86,47.92137594451585,881802992.6259892,48.3885924400251,884588208.0913917
COMP_00615,2023,2024,25,Friuli-Venezia Giulia,SPA,6634556790.35,-43.65139984853551,3738479877.6161575,-45.07044054315281,3644332816.8535957
COMP_00616,2023,2024,46,Lazio,SRL,1263429767.26,-10.098733641990698,1135839360.3107896,0.8563192942344062,1274248760.1261482
COMP_00617,2023,2024,62,Lombardia,SRL,366286703.31,81.63080404020681,665289484.3143198,106.95807014570265,758059892.3706915
COMP_00618,2023,2024,62,Veneto,SRL,403653315.27,61.752511030964605,652919373.308961,81.58898610418387,732989962.5747178
COMP_00619,2023,2024,41,Veneto,SPA,850258845.54,427.6872293609147,4486707344.426126,375.8175616619652,4045680906.663603
COMP_00620,2023,2024,47,Lombardia,SRL,4259848730.2,-73.10580234467656,1145652137.3177736,-70.52364256152302,1255648238.052175
COMP_00621,2023,2024,41,Lombardia,SRL,848053862.1,5.05781687173665,890946873.4187081,-6.122416952302219,796132468.6821359
COMP_00622,2023,2024,41,Campania,SRL,1493894700.89,-40.536728435386,888318662.8795987,-49.342314862920986,756772473.8563646
COMP_00623,2023,2024,68,Piemonte,SRL,44364018.5,472.0707516197667,253793574.08168235,435.82625437299293,237714058.61789167
COMP_00624,2023,2024,41,Emilia-Romagna,SPA,2151210663.99,113.8304461582385,4599943360.613421,78.48338204754918,3839553548.056891
COMP_00625,2023,2024,41,Campania,SRL,275457345.86,206.04309701972096,843018192.2382681,184.18812457460533,782817065.2025182
COMP_00626,2023,2024,10,Piemonte,SPA,5823076875.32,-41.35965021817248,3414672647.75236,-33.766403421145995,3856833246.075986
COMP_00627,2023,2024,68,Veneto,SRL,103233145.19,129.6350256789385,237059459.46623236,232.54642146853007,343298130.09875697
COMP_00628,2023,2024,62,Lazio,SRL,25197638.39,2358.185091139254,619404590.222161,2342.4824553904878,615447896.8484882
COMP_00629,2023,2024,47,Lombardia,SRL,163413886.31,577.0705635649318,1106427320.9824739,555.4691239703894,1071127569.042125
COMP_00630,2023,2024,56,Puglia,SRL,379656832.58,226.95612355170792,1241311262.6027656,240.8658606665282,1294120529.9530969
COMP_00631,2023,2024,25,Emilia-Romagna,SRL,342631833.83,125.51916496864419,772700450.5701685,96.40956242300251,672961685.547412
COMP_00632,2023,2024,46,Sicilia,SRL,828378301.67,43.473548656319956,1188503745.7049043,34.374765547229316,1113131400.7131824
COMP_00633,2023,2024,43,Sicilia,SRL,1632840759.92,-47.619043169737395,855297613.5606271,-63.485965847742854,596216032.7291639
COMP_00634,2023,2024,25,Lazio,SRL,1112119662.75,-29.215837277621794,787204591.7485237,-40.075797323837556,666428840.7077643
COMP_00635,2023,2024,46,Piemonte,SRL,2865563395.51,-58.21464245700798,1197385910.4349558,-61.93223429740237,1090855959.462148
COMP_00636,2023,2024,71,Sicilia,SAS,127808617.92,70.51291974127614,217930206.09636387,46.47639734277967,187209459.0228143
COMP_00637,2023,2024,10,Lombardia,SRL,1935363407.18,-70.99856558049336,561283149.3124367,-73.90116570199078,505107288.70421356
COMP_00638,2023,2024,43,Lombardia,SRL,791632443.87,7.66168924948538,852284861.7174262,1.7648753914930497,805603770.0629367
COMP_00639,2023,2024,41,Campania,SRL,360724779.54,138.5733109953083,860593050.1291045,143.53987367211633,878508672.3957362
COMP_00640,2023,2024,41,Lazio,SPA,471352052.27,768.3667528149605,4093064510.6236744,749.0942407720952,4002223129.5856457
COMP_00641,2023,2024,71,Lombardia,SPA,2667434708.93,0.7389186802270441,2687144882.2771435,-5.713901554578048,2515020115.629094
COMP_00642,2023,2024,46,Lombardia,SRL,10453187504.5,-90.06077348353418,1038965984.2631541,-87.41027941416449,1316027099.1300228
COMP_00643,2023,2024,46,Lombardia,SAS,759814357.32,-45.44725484025072,414499590.0359664,-49.91272389675881,380570315.022936
COMP_00644,2023,2024,56,Lazio,SRL,5293131073.4,-76.80084084634423,1227961901.9296744,-73.73644118636551,1390164592.5451713
COMP_00645,2023,2024,25,Emilia-Romagna,SRL,396792445.99,91.83447903464176,761184721.6137288,82.15482853845003,722776599.6466064
COMP_00646,2023,2024,46,Emilia-Romagna,SAS,369802872.76,18.951553781748654,439886263.0775629,-12.516417079072921,323516802.83496505
COMP_00647,2023,2024,45,Toscana,SAS,2106199218.17,-89.67466397654819,217472146.59936735,-87.22786290738124,269006651.58833706
COMP_00648,2023,2024,47,Veneto,SRL,2693646321.78,-59.30431435369779,1096197839.534771,-68.3125583846913,853547605.5369477
COMP_00649,2023,2024,82,Piemonte,SAS,964148975.2,-77.7944640353119,214094447.4412078,-75.34515058886586,237709477.93455303
COMP_00650,2023,2024,56,Lazio,SRL,2868122363.09,-57.20929397531343,1227289808.8181355,-57.003509316186495,1233191964.6463637
COMP_00651,2023,2024,45,Sicilia,SAS,108420963.85,115.60397490480781,233759907.69070473,110.5246532773279,228252858.2251495
COMP_00652,2023,2024,62,Liguria,SRL,1109884554.03,-42.78273251624323,635045614.040246,-38.71577207602786,680184179.7847068
COMP_00653,2023,2024,41,Veneto,SRL,216676778.61,289.0716401973364,843027896.4646785,272.3379375803467,806769848.6920079
COMP_00654,2023,2024,10,Piemonte,SRL,59184439.3,916.2026112113122,601433817.597374,854.6079724132638,564979375.9858888
COMP_00655,2023,2024,41,Lazio,SRL,205874887.07,301.98258701579255,827581197.0598273,307.4509927539554,838839271.1977994
COMP_00656,2023,2024,43,Lombardia,SRL,6033083845.49,-85.17774676711109,894238965.33104,-86.78250211903051,797422729.4347538
COMP_00657,2023,2024,46,Campania,SRL,828585156.21,41.37039185949605,1171374082.2236946,24.583544737217593,1032280758.7728297
COMP_00658,2023,2024,47,Toscana,SRL,2704768935.99,-56.85309916592484,1167023970.6024752,-57.300592273440564,1154920316.0396934
COMP_00659,2023,2024,71,Liguria,SRL,1440312348.24,-60.77477589760876,564965746.3715537,-48.62683981585018,739933969.8134251
COMP_00660,2023,2024,46,Campania,SRL,773387277.96,53.19086341007932,1184758648.610634,-1.7850167094389648,759582185.8197389
COMP_00661,2023,2024,46,Lombardia,SRL,3636132474.67,-68.52192673195188,1144584444.4999144,-75.89358048388932,876541348.5054877
COMP_00662,2023,2024,10,Emilia-Romagna,SRL,832058440.35,-28.269864372792036,596836647.7606863,-34.55954635256937,544502817.976776
COMP_00663,2023,2024,10,Lombardia,SPA,905597998.14,237.0296610928847,3052133863.99519,184.31721954088388,2574771048.529553
COMP_00664,2023,2024,46,Lazio,SAS,178337883.44,147.66220160859177,441675528.4296682,157.63289529189976,459457052.50876546
COMP_00665,2023,2024,45,Lombardia,SPA,686309909.35,350.5781139030683,3092362245.0790877,379.105442960473,3288148131.2729383
COMP_00666,2023,2024,62,Lombardia,SRL,794286322.74,-21.533574529221497,623248085.4573693,-18.79324196716654,645014172.1953624
COMP_00667,2023,2024,25,Lombardia,SPA,3105865494.05,48.17044499144202,4601974723.3695345,35.19395558386534,4198942416.520557
COMP_00668,2023,2024,10,Lombardia,SRL,273661367.29,108.86923841001841,571594413.6810663,74.74856658138407,478219316.6262917
COMP_00669,2023,2024,46,Lombardia,SRL,864693101.79,29.54058464497656,1120128499.4435482,35.61378373431259,1172643033.02701
COMP_00670,2023,2024,41,Lombardia,SRL,236348940.09,236.80721411680176,796040280.7117178,190.15217757087083,685771596.336808
COMP_00671,2023,2024,10,Emilia-Romagna,SPA,6087843909.35,-49.995227300803286,3044212509.152359,-60.73490426228927,2390397739.368669
COMP_00672,2023,2024,56,Lazio,SRL,259363407.07,377.92099325094273,1239552171.1984296,256.5325257126781,924714906.0011257
COMP_00673,2023,2024,25,Sicilia,SRL,91543097.58,818.9528961419442,841237946.429456,629.6457427992325,667940314.3190173
COMP_00674,2023,2024,47,Campania,SRL,2934877411.41,-60.82323361523581,1149790067.1473103,-62.64594827233809,1096295626.4015563
COMP_00675,2023,2024,41,Lombardia,SAS,1240347961.54,-75.68325311947135,301612274.2454786,-80.83275830833973,237740491.60595313
COMP_00676,2023,2024,41,Lazio,SRL,354895735.94,140.77638795569436,854505134.005111,171.7005689151579,964253733.6046166
COMP_00677,2023,2024,43,Campania,SRL,5973105691.63,-86.72753145875159,792778573.857111,-88.28404726580355,699806239.5949688
COMP_00678,2023,2024,62,Sicilia,SRL,5224349267.95,-84.27225321684007,821672423.9310457,-89.30309371266242,558843745.3158191
COMP_00679,2023,2024,45,Emilia-Romagna,SRL,634065920.04,-13.670358337413226,547386836.675116,-17.923623011929426,520418334.8849085
COMP_00680,2023,2024,56,Veneto,SRL,16033113577.03,-92.00398424689307,1282010287.332844,-92.04070857229212,1276122234.5312152
COMP_00681,2023,2024,25,Lombardia,SRL,106148417.01,643.2159207150902,788911934.805365,576.2338965379246,717811576.4600482
COMP_00682,2023,2024,56,Lombardia,SAS,256971236.04,85.07306241799562,475584536.072604,39.664544291347966,358897705.7751101
COMP_00683,2023,2024,41,Toscana,SRL,1000063144.81,-17.126249983874406,828789830.6332434,-29.237088975135187,707673793.3543652
COMP_00684,2023,2024,47,Friuli-Venezia Giulia,SRL,615787254.07,89.86838179139848,1169185294.5803967,83.81042833033185,1131881189.309656
COMP_00685,2023,2024,46,Liguria,SRL,1429665484.63,-17.441627749400094,1180308552.7391787,-7.739417866163962,1319017698.6861663
COMP_00686,2023,2024,71,Liguria,SRL,921725725.77,-40.47309134268484,548674830.8500831,-42.49185955450878,530067324.8980349
COMP_00687,2023,2024,43,Lombardia,SRL,4272074455.04,-81.19795073207395,803237543.7991042,-80.47898500778692,833952294.8468641
COMP_00688,2023,2024,10,Veneto,SRL,787388694.43,-26.695460085269694,577191659.7925131,-10.850271403566218,701954884.0833483
COMP_00689,2023,2024,10,Lombardia,SRL,863315773.19,-31.001674875872336,595673424.0335128,-20.47970207328589,686511274.8890035
COMP_00690,2023,2024,62,Lombardia,SPA,9363561049.19,-64.920445868196,3284695466.9151216,-62.623790881728645,3499744158.662257
COMP_00691,2023,2024,46,Campania,SRL,2643174306.03,-47.950517463984404,1375758548.8135364,-60.11834813035144,1054141575.0388839
COMP_00692,2023,2024,56,Sicilia,SRL,3545730815.58,-64.16095763960773,1270755968.981198,-72.61047396782385,971158864.764176
COMP_00693,2023,2024,41,Lombardia,SPA,4987519349.54,-10.04461991369368,4486541987.75678,-30.488855028473967,3466881805.5416617
COMP_00694,2023,2024,43,Lazio,SRL,205781942.4,311.74972372302204,847306579.3038683,277.0332563590415,775866358.429607
COMP_00695,2023,2024,10,Emilia-Romagna,SPA,191795209.37,1586.2602296277955,3234166337.937673,1603.492096662129,3267216233.3945327
COMP_00696,2023,2024,77,Lombardia,SRL,1655132684.0,-65.66462758740009,568295970.9740607,-70.44891901708505,489109599.82353383
COMP_00697,2023,2024,47,Liguria,SRL,5210506083.92,-77.85104225954719,1154072790.5911639,-80.81915948173484,999418862.1511984
COMP_00698,2023,2024,71,Lombardia,SPA,11840644607.98,-74.16606536833186,3058904387.99369,-61.537708568444074,4554183236.496079
COMP_00699,2023,2024,41,Piemonte,SRL,360255477.37,129.01503235733077,825039198.0679619,145.96731028447394,886110707.8394806
COMP_00700,2023,2024,47,Sicilia,SRL,310380571.07,265.70734017492066,1135084530.879826,188.37562253518553,895061904.0513765
COMP_00701,2023,2024,47,Lazio,SPA,2007082582.65,165.86279939136412,5336085940.32978,121.52214783248695,4446132445.85803
COMP_00702,2023,2024,43,Lombardia,SRL,8213759967.94,-90.5033588892954,780031305.8499868,-90.28400583301742,798048439.3750013
COMP_00703,2023,2024,62,Lazio,SRL,124048075.04,460.2183266811399,694940050.2692528,498.1266907100228,741964646.1262378
COMP_00704,2023,2024,71,Lazio,SRL,126632938.19,351.20401811000005,571372905.3640327,286.6080965995223,489573192.0044086
COMP_00705,2023,2024,68,Lombardia,SPA,38132144478.08,-96.83543755915305,1206715522.0428176,-97.3815439910152,998473428.4410456
COMP_00706,2023,2024,56,Lombardia,SAS,737792722.57,-36.74617452277274,466682121.1181113,-35.65033324936547,474767158.2842286
COMP_00707,2023,2024,41,Veneto,SRL,274270246.91,205.25566019307988,837225452.9183109,202.9585412047697,830925138.9972559
COMP_00708,2023,2024,41,Lombardia,SRL,499965691.99,85.49856704743087,927429194.3702219,123.69353495900089,1118390929.9946613
COMP_00709,2023,2024,77,Toscana,SAS,319597548.39,-37.66009261229852,199236815.67969042,-37.4836700267757,199800657.9378276
COMP_00710,2023,2024,10,Veneto,SRL,1630320912.48,-64.51948917642595,578446187.8114576,-59.935468796896785,653180430.6912667
COMP_00711,2023,2024,56,Emilia-Romagna,SRL,1701061066.58,-26.59258109471088,1248705022.9791596,-21.77874996869769,1330591230.0746796
COMP_00712,2023,2024,47,Piemonte,SPA,3312282915.19,106.42353250430381,6837331400.071732,63.956971982085996,5430718771.22549
COMP_00713,2023,2024,47,Campania,SPA,19387407106.94,-69.17510337038318,5976148199.877239,-64.64875283289882,6853690205.666498
COMP_00714,2023,2024,82,Lombardia,SAS,115757399.78,75.86710828844643,203579191.62298244,102.4601929217249,234362654.91576034
COMP_00715,2023,2024,43,Friuli-Venezia Giulia,SRL,118265124.39,613.3601393643082,843656256.1678764,433.45331959961527,630889231.9870692
COMP_00716,2023,2024,43,Veneto,SRL,445480732.53,100.35323629899142,892535064.7123088,60.3263104134965,714222822.0683658
COMP_00717,2023,2024,10,Sicilia,SRL,256980285.5,134.4743412912561,602552831.6745143,119.04649790641317,562906315.6976521
COMP_00718,2023,2024,46,Lazio,SRL,2136701706.99,-45.102135339056964,1173003611.3114297,-43.140314126226485,1214921878.6540706
COMP_00719,2023,2024,41,Puglia,SRL,1648318138.01,-47.79356319819899,860528167.0128139,-52.14616332469154,788783469.6527908
COMP_00720,2023,2024,43,Friuli-Venezia Giulia,SPA,5310392457.53,-17.129262718405577,4400761382.101292,-15.754349102770528,4473774691.043529
COMP_00721,2023,2024,62,Lombardia,SRL,3464961832.92,-81.68476434852398,634615924.9330007,-81.0139134749039,657860651.6597468
COMP_00722,2023,2024,71,Lazio,SPA,9555138010.48,-67.79658531894107,3077080716.862358,-65.81218637381237,3266692774.7479157
COMP_00723,2023,2024,41,Veneto,SRL,4974806402.96,-82.53917311118263,868642334.0746478,-85.07426028566314,742526654.997974
COMP_00724,2023,2024,43,Liguria,SRL,2999730128.37,-73.83151837304624,784983827.5007002,-73.24852144557674,802472161.9814742
COMP_00725,2023,2024,71,Emilia-Romagna,SRL,4111977516.99,-85.50261261625066,596129309.7707175,-84.13930145076377,652188358.382153
COMP_00726,2023,2024,10,Lazio,SRL,221150004.01,173.2355296604628,604260384.8008581,161.10016478670838,577423024.8959222
COMP_00727,2023,2024,25,Veneto,SRL,4309687730.28,-79.62462785689333,878114913.2503579,-81.83660461351118,782785622.3737521
COMP_00728,2023,2024,25,Lombardia,SNC,304642278.41,3.5035470922919894,315315564.09712565,3.5842448011858266,315561403.4361245
COMP_00729,2023,2024,47,Lombardia,SPA,3972582079.96,46.55701443961529,5822097692.5525465,24.84127484931492,4959422113.057495
COMP_00730,2023,2024,25,Lombardia,SRL,647204313.41,22.50377942892737,792849744.5542902,29.301089443288713,836842228.1630867
COMP_00731,2023,2024,77,Veneto,SRL,64425471.85,736.6627855705872,539023947.3972045,775.1777187003692,563837374.7987785
COMP_00732,2023,2024,46,Toscana,SNC,162215807.83,170.21803086120946,438336361.6638297,140.08598274710997,389457416.3998189
COMP_00733,2023,2024,46,Sicilia,SRL,1434316621.95,-22.928392909897116,1105450871.2973404,-40.53771702937532,852877408.438614
COMP_00734,2023,2024,41,Campania,SRL,728051400.03,22.445569937711028,891466686.2062179,3.835899905775837,755978722.9977504
COMP_00735,2023,2024,46,Emilia-Romagna,SRL,195049624.98,480.4192482445337,1132105567.0126982,497.0176492062722,1164480685.841246
COMP_00736,2023,2024,47,Campania,SNC,1435768638.8,-69.31262210460721,440599747.8920931,-72.7325123762489,391498035.8904895
COMP_00737,2023,2024,56,Veneto,SRL,444033206.87,165.59023583294092,1179308841.3026035,128.75000576871685,1015725986.3301435
COMP_00738,2023,2024,56,Piemonte,SRL,351961583.54,247.87774064642997,1224396004.7623491,174.25972855804466,965288883.6453996
COMP_00739,2023,2024,46,Campania,SNC,1533731134.83,-69.36929196543116,469792705.94505656,-70.83119164451878,447371095.4069098
COMP_00740,2023,2024,71,Piemonte,SRL,29605483.93,1621.5526572255724,509673995.2814048,1964.9067202348117,611325627.2286072
COMP_00741,2023,2024,62,Lombardia,SRL,2243841495.89,-72.03202832879545,627556953.9172475,-72.99395770842008,605972783.336073
COMP_00742,2023,2024,56,Veneto,SRL,5322023788.39,-75.99984667956818,1277293868.9634545,-78.36409580096627,1151467968.3058465
COMP_00743,2023,2024,10,Sicilia,SAS,708821356.51,-68.13715767477744,225850631.19228497,-64.88944291695887,248871126.99423006
COMP_00744,2023,2024,10,Lombardia,SRL,1215290683.02,-50.067454863759366,606825568.8354886,-49.91562420826683,608670752.6456575
COMP_00745,2023,2024,41,Emilia-Romagna,SAPA,153880683.31,118.46207262343329,336170930.1261276,135.1817883996625,361899343.01007897
COMP_00746,2023,2024,47,Campania,SRL,454956077.99,142.17960544291785,1101810834.6147556,141.96347626059293,1100827541.7634583
COMP_00747,2023,2024,45,Sicilia,SRL,238726263.78,156.50422816476217,612342960.3354632,202.32933135045417,721739517.0439954
COMP_00748,2023,2024,45,Umbria,SAPA,246363803.46,-4.584014810794563,235070450.2209568,3.250822400006237,254372653.16838503
COMP_00749,2023,2024,68,Emilia-Romagna,SRL,1229344246.45,-80.03308198205177,245462157.84703487,-78.55774530608132,263599124.38884443
COMP_00750,2023,2024,68,Lazio,SRL,401576768.2,-38.45177340063179,247163379.26215562,-35.94687578702451,257222466.14559865
COMP_00751,2023,2024,71,Friuli-Venezia Giulia,SRL,58727072.9,848.3307928291688,556926916.0379338,714.5585268516664,478366379.8773442
COMP_00752,2023,2024,43,Emilia-Romagna,SRL,775488845.34,3.1800376831557426,800149682.8504814,-8.324878271522222,710930342.9562118
COMP_00753,2023,2024,47,Lombardia,SRL,7253193603.15,-84.30817912347416,1138158148.0339284,-82.39055691975373,1277246999.0467625
COMP_00754,2023,2024,41,Lazio,SRL,1679394832.96,-48.63467438092057,862626624.379899,-53.93757167487804,773570041.2280016
COMP_00755,2023,2024,41,Veneto,SRL,1949541076.76,-61.02667521776524,759800975.6087514,-62.962326660012046,722064655.6392527
COMP_00756,2023,2024,41,Emilia-Romagna,SPA,4275190994.0,23.675225252882537,5287352091.820448,3.8038733107053786,4437813843.202446
COMP_00757,2023,2024,43,Sicilia,SRL,2729551063.89,-70.45665649227531,806400647.0237764,-71.3372782129622,782363627.477921
COMP_00758,2023,2024,45,Emilia-Romagna,SAPA,145141359.1,66.62581406530028,241842971.14581576,51.12094588586143,219338994.7435148
COMP_00759,2023,2024,62,Veneto,SRL,312205753.91,82.56501319512115,569978475.821719,87.007061833562,583846807.2624122
COMP_00760,2023,2024,25,Lombardia,SRL,6331926511.41,-87.0934000680165,817236422.8148868,-87.72351615550104,777337935.2187952
COMP_00761,2023,2024,56,Lombardia,SRL,433761848.65,169.92521631731697,1170832608.2705054,91.58078946069121,831004374.0229585
COMP_00762,2023,2024,46,Lombardia,SRL,1032054258.03,16.32780249190131,1200566038.8903959,17.954437379334873,1217353793.5087554
COMP_00763,2023,2024,41,Veneto,SRL,445599293.0,101.75494715643643,899018618.1216043,105.68483706100724,916530179.7520503
COMP_00764,2023,2024,46,Lazio,SPA,197234383040.81,-96.32073863167713,7256768460.270439,-96.74027253822733,6429303348.039187
COMP_00765,2023,2024,43,Liguria,SAS,131707295.89,126.62733561964811,298484735.4921933,170.0894609503798,355727525.5016227
COMP_00766,2023,2024,47,Veneto,SNC,474618117.27,-3.347104379009066,458732153.4832854,-26.3591557912021,349512788.3255304
COMP_00768,2023,2024,25,Lombardia,SAS,31889674.56,805.7096522124192,288827860.5490483,748.8007210602,270679787.60903114
COMP_00769,2023,2024,25,Veneto,SRL,193605430.83,301.9366719961714,778171225.4819517,369.4287423528714,908839539.0721275
COMP_00770,2023,2024,46,Lazio,SRL,5758323278.79,-78.99380375742537,1209604688.2244856,-78.1473651342448,1258345360.503761
COMP_00772,2023,2024,43,Lazio,SRL,861101702.13,0.11783790600795468,862116406.3443888,17.17164358557359,1008967017.3290712
COMP_00773,2023,2024,56,Campania,SRL,1846529695.65,-32.33524760894213,1249449746.388927,-35.63528139737668,1188513642.5189993
COMP_00774,2023,2024,47,Veneto,SRL,10466021069.34,-90.31958567270824,1013154203.0937632,-86.59950294691039,1402498844.9726446
COMP_00775,2023,2024,71,Lazio,SRL,61580123.54,834.7914933133956,575645756.4237999,764.7958917486386,532542378.50765634
COMP_00776,2023,2024,62,Lombardia,SPA,228991906.3,1370.309995757182,3366890887.8038206,1383.5550286108255,3397220941.02544
COMP_00777,2023,2024,46,Puglia,SRL,179815691.22,543.619234015371,1157328374.4696088,612.8808047682642,1281871546.668753
COMP_00778,2023,2024,47,Puglia,SAPA,252442085.49,86.6076135223225,471076151.2588702,57.16028694708806,396738705.93129736
COMP_00779,2023,2024,68,Toscana,SRL,293136954.35,-23.824592556549657,223298269.34343356,-18.26526765100779,239594705.05396
COMP_00780,2023,2024,45,Toscana,SRL,375602769.81,57.843492653594744,592864530.3717457,39.5636136045484,524204798.3456098
COMP_00782,2023,2024,10,Lombardia,SRL,92275878.24,534.6639244989456,585641710.2038525,455.5213389795133,512612194.3539533
COMP_00783,2023,2024,62,Lombardia,SRL,119696118.92,429.84978265913685,634209625.949042,400.29159337872295,598829620.5573591
COMP_00784,2023,2024,62,Lombardia,SPA,241434946.3,1166.5751420878105,3057955014.1488547,1158.9830549621483,3039625062.6739626
COMP_00785,2023,2024,25,Umbria,SAS,743010492.1,-60.44390489530416,293905936.8929446,-56.152550267557125,325791152.030324
COMP_00786,2023,2024,46,Liguria,SNC,231101872.38,98.00679321078286,457597406.5497139,73.18578911786808,400235601.3474714
COMP_00788,2023,2024,25,Piemonte,SAS,714896877.84,-56.61087838264255,310187475.76468897,-59.78316485365913,287508898.8272507
COMP_00789,2023,2024,82,Sardegna,SRL,181921772.14,206.93044642790468,558373307.3788575,104.1445749682816,371383428.5099687
COMP_00790,2023,2024,41,Lombardia,SPA,6129547301.97,-28.67850505890295,4371684768.886684,-10.434581042499973,5489954721.20757
COMP_00791,2023,2024,10,Liguria,SRL,423920360.54,34.659386116046115,570848555.1240934,41.67476890303489,600588191.1279573
COMP_00792,2023,2024,47,Sicilia,SRL,433528131.41,177.43934352530354,1202777601.7814195,172.06889577308982,1179495199.992897
COMP_00793,2023,2024,56,Emilia-Romagna,SRL,530881758.77,114.27781577104079,1137561837.0192418,150.58997219886828,1330336451.7106059
COMP_00794,2023,2024,10,Lazio,SRL,273906727.82,117.22731950139946,595000242.77738,97.55256566729432,541109768.3437426
COMP_00795,2023,2024,47,Emilia-Romagna,SRL,1970636409.41,-35.01939420562455,1280531476.8391469,-29.361636495586858,1392025310.229351
COMP_00796,2023,2024,46,Friuli-Venezia Giulia,SNC,98679378.63,365.69623497792804,459546150.9795241,288.5021185272311,383371476.52705777
COMP_00797,2023,2024,25,Liguria,SRL,4814367462.87,-82.91010945697472,822770129.7435058,-87.21341958297441,615592967.2109874
COMP_00798,2023,2024,41,Toscana,SRL,824453892.81,-0.4935287397418671,820384975.903062,-10.51743993219504,737742449.8650645
COMP_00799,2023,2024,46,Friuli-Venezia Giulia,SRL,182693470.29,550.7281577204301,1188837853.4936383,569.2147334822399,1222611620.2906785
COMP_00800,2023,2024,43,Puglia,SRL,158521920.61,430.2989503424274,840640081.0574862,473.14259845886124,908556654.9110472
COMP_00801,2023,2024,71,Lombardia,SRL,2552516974.57,-78.13098755484289,558210254.833461,-79.40394697205836,525717749.6296489
COMP_00803,2023,2024,82,Emilia-Romagna,SRL,369777512.14,53.50666791831467,567633137.5973555,52.91101497599786,565430546.9662677
COMP_00804,2023,2024,41,Campania,SRL,4137314763.12,-80.8703965271672,791451908.6078278,-84.40765652369542,645104328.5615277
COMP_00805,2023,2024,77,Puglia,SPA,2435711733.19,19.077019421551416,2900372933.583663,4.6999036494095465,2550187837.8272934
COMP_00806,2023,2024,45,Friuli-Venezia Giulia,SPA,4715971389.0,-26.798870639051664,3452144317.087202,-31.192633942602868,3244935696.791346
COMP_00807,2023,2024,43,Friuli-Venezia Giulia,SRL,195414256.53,351.39318609900005,882086638.6424402,262.5705899940525,708514622.8333123
COMP_00808,2023,2024,10,Piemonte,SRL,281672237.86,110.09326796581405,591774409.472515,143.7224339305678,686498433.8190902
COMP_00809,2023,2024,10,Lazio,SRL,218006594.61,152.79392524754846,551107427.8131294,120.17346220550846,479992667.1891644
COMP_00810,2023,2024,47,Lombardia,SPA,70288725040.27,-90.15066181975493,6922974231.798787,-92.07072541337806,5573386011.878705
COMP_00811,2023,2024,46,Veneto,SRL,851347742.3,32.61806443087896,1129040897.4142473,38.498601042550746,1179104713.09284
COMP_00812,2023,2024,41,Lazio,SRL,4204225162.67,-79.96584704103442,842280899.8286273,-82.31231779391217,743629986.0014483
COMP_00813,2023,2024,47,Friuli-Venezia Giulia,SPA,1442464407.48,338.9637243835318,6331895485.981052,236.7541635988377,4857558950.620204
COMP_00814,2023,2024,41,Emilia-Romagna,SRL,229856468.16,264.0960734587495,836898375.1615207,249.59503917025012,803566809.8993055
COMP_00815,2023,2024,46,Sicilia,SRL,624295230.46,79.36840527774045,1119788399.1010966,109.75299667057666,1309477953.9613328
COMP_00816,2023,2024,43,Emilia-Romagna,SRL,2288368001.04,-63.56608612523089,833742026.6366891,-66.55837107718264,765267535.2962898
COMP_00817,2023,2024,62,Campania,SNC,63811312.41,278.4084461683496,241467395.77031222,269.4819113610717,235771256.75705272
COMP_00818,2023,2024,62,Lazio,SAS,86358563.21,167.0321621645625,230605138.55391335,127.26288641170058,196260963.41471893
COMP_00819,2023,2024,46,Lombardia,SPA,84398137628.43,-93.60011143078859,5401386762.709208,-93.20964751204221,5730931038.242141
COMP_00820,2023,2024,43,Veneto,SRL,483920248.59,54.75618312279352,748896506.076218,34.854436888914776,652587926.227481
COMP_00821,2023,2024,43,Lazio,SRL,977524668.93,-11.966471851991004,860549454.5762233,-7.558692192234197,903636588.1024249
COMP_00822,2023,2024,62,Lombardia,SNC,411588550.42,-34.68658294128541,268822546.5017324,-33.695927287864336,272899971.74530196
COMP_00823,2023,2024,43,Campania,SNC,198283649.63,59.87159498278529,316999233.25355864,84.52180036025979,365876560.1173056
COMP_00824,2023,2024,41,Sicilia,SRL,1660337515.03,-50.74685119198764,817768506.9929805,-60.789508778318385,651026495.5811249
COMP_00825,2023,2024,25,Umbria,SPA,819396013.12,340.27470758074867,3607593400.692393,267.1424613569406,3008350690.8294077
COMP_00826,2023,2024,46,Lombardia,SRL,531252303.47,123.19866757738093,1185748062.8191843,150.3588172383731,1330036983.5191045
COMP_00827,2023,2024,46,Lombardia,SRL,1320822193.75,-13.522839279419209,1142209531.3222885,-3.6675138050336202,1272380857.4542708
COMP_00828,2023,2024,62,Puglia,SRL,1105586798.61,-43.71470988594148,622282737.0603703,-50.779329699556335,544177233.0290581
COMP_00829,2023,2024,41,Piemonte,SRL,1085963583.17,-22.662784067181278,839854001.2679584,-36.51498930789201,689424096.8878736
COMP_00830,2023,2024,43,Lombardia,SNC,249710343.0,32.25358914811577,330250891.0915707,18.912837374415822,296937654.07868594
COMP_00831,2023,2024,62,Piemonte,SRL,1044491712.95,-39.084804654018996,636254167.3160757,-47.58980444293395,547420149.3344439
COMP_00832,2023,2024,62,Lazio,SRL,306200696.68,117.86713829976526,667110695.3106604,97.49666087950003,604736151.5327661
COMP_00833,2023,2024,43,Lombardia,SAS,195277954.09,54.519090901994645,301741719.3918825,43.46253649586335,280150706.1547415
COMP_00834,2023,2024,46,Piemonte,SAS,234737046.75,94.38109263791341,456284436.2986196,95.1381271106419,458061476.6627819
COMP_00835,2023,2024,43,Campania,SRL,553229399.21,57.92042673519204,873662228.0569712,71.40863346295853,948282953.1011965
COMP_00836,2023,2024,71,Umbria,SRL,2668914192.04,-79.152868773919,556392043.9260783,-78.89473600989074,563281385.8995335
COMP_00837,2023,2024,25,Campania,SRL,62356312.93,1121.2732478974078,761540968.1892822,1151.45365827548,780360359.328191
COMP_00838,2023,2024,71,Liguria,SRL,121299974.32,342.3288843421339,536544823.1169509,280.0598833652262,461012540.92264134
COMP_00839,2023,2024,47,Emilia-Romagna,SNC,477661351.42,-7.224944317409318,443150584.7541202,-7.334869494644349,442625514.6669885
COMP_00840,2023,2024,46,Lazio,SAS,1331198437.63,-66.73043686976096,442883904.59606874,-64.49563997011809,472633486.00831807
COMP_00841,2023,2024,10,Toscana,SRL,511211992.31,18.51459826357904,605860838.9614351,8.680399006122764,555587233.0096576
COMP_00842,2023,2024,46,Lombardia,SRL,105833458.27,1010.9048134969727,1175708982.2117398,780.9845958634683,932376464.6282917
COMP_00843,2023,2024,45,Sicilia,SRL,908984084.73,-35.23537485526773,588700135.1006601,-48.26811004149915,470234646.45280975
COMP_00844,2023,2024,25,Lazio,SAS,774637952.35,-62.72263340861984,288764629.25347024,-64.87195340497831,272115180.8442299
COMP_00845,2023,2024,47,Campania,SRL,20066424828.17,-94.32674481201451,1138419487.607363,-93.79600736872794,1244919517.6994133
COMP_00846,2023,2024,77,Lazio,SRL,382956622.14,42.27133507029715,544837499.0586911,43.92911938497757,551186093.872558
COMP_00847,2023,2024,46,Lombardia,SRL,787860744.28,39.17647542289352,1096516815.1294801,19.03244372511775,937809897.0673848
COMP_00848,2023,2024,56,Sicilia,SRL,314447561.47,288.1024835821439,1220378795.6285589,224.59984005230376,1020696281.5799897
COMP_00849,2023,2024,10,Emilia-Romagna,SRL,732870839.58,-18.229540770054953,599271851.0869199,-27.976732551940195,527837524.8395448
COMP_00850,2023,2024,45,Lazio,SRL,236019180.34,124.03865956891475,528774207.9592756,131.27483998776114,545852981.6717604
COMP_00851,2023,2024,25,Veneto,SNC,140467044.31,112.4610353031379,298437736.6007435,93.99670042800759,272501431.1501474
COMP_00852,2023,2024,47,Lombardia,SAS,119973490.8,248.7507046162531,418408394.5177156,147.50325673021516,296938296.9429251
COMP_00853,2023,2024,71,Emilia-Romagna,SPA,4269622004.86,-31.670356361332388,2917417500.6389737,-45.7381274233922,2316776851.7799406
COMP_00854,2023,2024,47,Lombardia,SRL,1610161014.33,-18.621936071508525,1310317859.5931141,-6.08780800501472,1512137503.205992
COMP_00855,2023,2024,10,Lombardia,SRL,1240816467.8,-51.78657520705717,598240114.5212027,-54.295762246333034,567105708.5299644
COMP_00856,2023,2024,43,Lazio,SRL,1423911601.34,-42.849008278255795,813779601.4067787,-49.595712305491375,717712500.0548983
COMP_00857,2023,2024,46,Piemonte,SRL,6846946168.54,-83.12820203747012,1155202924.159249,-82.3724588361428,1206948254.326531
COMP_00858,2023,2024,45,Liguria,SAS,294801606.39,-24.04245167981686,223924072.62236035,-16.438530095879806,246340555.6004427
COMP_00859,2023,2024,62,Lazio,SRL,4632186236.14,-86.6129694489358,620112186.6142526,-86.19809435149352,639329973.7751465
COMP_00860,2023,2024,62,Veneto,SRL,589506718.54,2.629324109933344,605006760.8202491,6.3907058289885255,627180358.7640147
COMP_00861,2023,2024,47,Piemonte,SAS,357174797.37,26.598785339975635,452178955.01093924,41.66171617691725,505979947.7057687
COMP_00862,2023,2024,43,Sicilia,SNC,124382532.17,162.17538865404364,326100387.1344384,173.81567706776084,340578872.61531097
COMP_00863,2023,2024,41,Piemonte,SRL,9440762303.47,-91.83853034850539,770504950.2674477,-92.48191644029252,709764398.6482384
COMP_00864,2023,2024,25,Campania,SRL,5039261823.8,-81.15919994000805,949437244.7216614,-84.84089799492905,763906840.1724403
COMP_00865,2023,2024,43,Liguria,SRL,1409902442.41,-33.75509777667466,933988494.4187804,-37.671487218376136,878771224.025944
COMP_00866,2023,2024,45,Lombardia,SRL,247469338.02,133.2104879446796,577124450.7099105,144.55542908583112,605199701.4506768
COMP_00867,2023,2024,47,Lombardia,SRL,2233849433.23,-43.06216277053181,1271905554.243895,-62.22490692408904,843838702.5783418
COMP_00868,2023,2024,47,Emilia-Romagna,SRL,2114085342.17,-46.26982390659217,1135901777.1128645,-30.1662885669765,1476344257.2988453
COMP_00869,2023,2024,10,Sardegna,SNC,60457386.72,282.3656888578219,231168303.1973653,318.75275658968064,253166973.45208353
COMP_00870,2023,2024,45,Campania,SRL,74952769.46,695.2976462887427,596097611.3436075,537.4745701560461,477804844.9351871
COMP_00871,2023,2024,41,Lombardia,SRL,203704016.0,310.8925317817471,837004588.6834952,298.83125378263884,812435281.0183872
COMP_00872,2023,2024,25,Toscana,SRL,3767456403.13,-78.56271179381257,807640487.1814406,-82.57309280734678,656551130.8971363
COMP_00873,2023,2024,62,Campania,SRL,437461872.3,46.45661719693514,640691859.6969563,23.066927974834893,538370887.3008052
COMP_00874,2023,2024,10,Lazio,SAS,451007539.33,-52.20653208486088,215552143.604542,-51.35545824616637,219390550.7823195
COMP_00875,2023,2024,45,Lombardia,SRL,15195976715.87,-96.53830107227311,526038963.030899,-96.24387721176122,570779544.3202521
COMP_00876,2023,2024,25,Puglia,SRL,744245800.92,10.743084036750743,824200752.7528242,5.443743669195565,784760634.5908363
COMP_00877,2023,2024,68,Toscana,SRL,727000975.31,-68.9447278133476,225772131.68213814,-58.80051126794494,299520684.9047738
COMP_00878,2023,2024,46,Lazio,SPA,7974147287.94,-18.535542556097788,6496095823.897964,-25.65013066296885,5928768089.325803
COMP_00879,2023,2024,41,Lombardia,SRL,701938932.86,35.61899715801042,951962541.4063721,17.084949629611163,821864845.9697611
COMP_00880,2023,2024,46,Lombardia,SPA,4931028196.86,15.963616179617302,5718198611.915434,-1.9121058358241794,4836741718.941704
COMP_00881,2023,2024,56,Toscana,SRL,6978387890.59,-80.73405098919874,1344452652.7769995,-84.97604943424592,1048429546.9688098
COMP_00882,2023,2024,77,Lazio,SRL,1098880324.42,-49.860399331000636,550974206.4943928,-59.96001718943263,439991493.00647503
COMP_00883,2023,2024,41,Lazio,SRL,1575250642.46,-45.690924375290756,855504062.6923198,-53.969994525270415,725087956.9650509
COMP_00884,2023,2024,68,Veneto,SNC,67992201.26,24.419350877048082,84595455.45470811,48.33497344848631,100856213.68606238
COMP_00885,2023,2024,71,Lombardia,SNC,172492453.16,33.42437900777146,230146984.46400106,41.744912808938125,244499277.33364043
COMP_00886,2023,2024,71,Toscana,SRL,570826653.49,1.2124757926667475,577747788.481656,23.936392006059783,707461958.9444389
COMP_00887,2023,2024,47,Lombardia,SRL,1443196651.66,-17.99136234936761,1183545912.6459088,-33.29770219666042,962645328.4780786
COMP_00888,2023,2024,47,Lazio,SRL,1574459959.91,-16.153472391757006,1320130004.9666698,-18.87161583586398,1277333924.7862868
COMP_00890,2023,2024,56,Puglia,SRL,2448114435.64,-50.92972792026475,1201296414.391823,-50.58165783772229,1209817568.328689
COMP_00891,2023,2024,46,Emilia-Romagna,SAS,377251503.83,12.888122782373737,425872140.84196174,23.8942824952876,467393043.8728609
COMP_00892,2023,2024,47,Veneto,SNC,429613473.51,1.8429398594590758,437530991.45492244,9.634107252598813,471002896.3195686
COMP_00893,2023,2024,45,Campania,SRL,1243030454.32,-53.917666280927975,572817442.1894395,-65.06552315036855,434246186.298289
COMP_00894,2023,2024,56,Toscana,SRL,4229392086.85,-70.61661362463117,1242738618.2084103,-71.22761427234559,1216897005.1633747
COMP_00895,2023,2024,62,Lombardia,SAS,589672445.25,-60.8977798948062,230575017.44133344,-59.79996662725707,237048519.78036928
COMP_00896,2023,2024,25,Lombardia,SPA,2552910912.78,79.30004501881493,4577370415.904779,64.51077001477925,4199813400.405708
COMP_00897,2023,2024,62,Emilia-Romagna,SRL,303107577.56,114.58389928212966,650420058.9478534,129.79300236165565,696520002.860808
COMP_00898,2023,2024,46,Lazio,SRL,5820082157.69,-80.26108102975323,1148821301.1082194,-76.96654623969992,1340565932.6030014
COMP_00899,2023,2024,62,Lazio,SRL,1364776806.45,-50.85990236566983,670652655.1802232,-55.81988993086029,602959895.2876998
COMP_00900,2023,2024,45,Lombardia,SRL,277119377.28,98.55791049893693,550242445.1148337,124.11489576935425,621065803.5477555
COMP_00901,2023,2024,43,Lazio,SRL,222482510.71,270.06320104359463,823325900.8955843,269.25830642100635,821535151.1306802
COMP_00902,2023,2024,71,Lombardia,SRL,996830743.77,-43.15272623829552,566671101.8517668,-42.811835480816214,570069205.724991
COMP_00903,2023,2024,41,Liguria,SRL,2712097357.55,-68.96671494851088,841652903.8423955,-70.57866353728735,797935288.7611246
COMP_00904,2023,2024,62,Campania,SRL,101313986.94,526.0213620912469,634247201.030736,374.33500050503005,480567700.4635151
COMP_00905,2023,2024,46,Emilia-Romagna,SRL,849395246.7,49.426468624803306,1269221321.8107462,13.15150770567644,961103528.0214
COMP_00906,2023,2024,46,Veneto,SRL,1552336844.8,-29.181887762382964,1099335649.056347,-26.1691789129663,1146103038.552392
COMP_00907,2023,2024,43,Lombardia,SPA,79213243502.77,-94.01923190934889,4737560390.983431,-93.69417960410647,4995044865.046477
COMP_00908,2023,2024,46,Lombardia,SAS,272933506.81,58.310036615766,432081134.5676052,38.11461080778868,376961050.6946809
COMP_00909,2023,2024,43,Campania,SRL,7709121777.49,-89.29632071386608,825159670.8400369,-90.19005842874228,756260342.0288744
COMP_00910,2023,2024,10,Emilia-Romagna,SRL,1323204599.43,-54.62490550079277,600405337.4092189,-60.1133860697332,527781510.0821774
COMP_00911,2023,2024,41,Lombardia,SNC,150188346.11,110.42383542061113,316032078.23944426,97.38264769354788,296445734.07906765
COMP_00913,2023,2024,77,Campania,SRL,839568905.96,-30.54097442588196,583156381.1030995,-27.994509284326842,604535710.6327065
COMP_00914,2023,2024,77,Liguria,SRL,1103171704.74,-43.90530357628788,618820818.8061929,-49.82987406454889,553462633.5523208
COMP_00915,2023,2024,45,Piemonte,SRL,801261154.77,-27.722016791863922,579135402.8979778,-32.832861602913944,538184188.7464558
COMP_00916,2023,2024,56,Lombardia,SRL,3222240458.62,-63.507323631274,1175881782.386349,-53.515601973601825,1497839080.1525588
COMP_00917,2023,2024,43,Sardegna,SAS,164220170.27,89.67856943227535,311490469.68738276,42.0590466225403,233289608.24747437
COMP_00918,2023,2024,47,Veneto,SRL,508319048.08,129.55026742072974,1166847734.2181478,143.79265911026852,1239244524.078236
COMP_00919,2023,2024,62,Lazio,SRL,125501446.55,388.29920600981444,612822567.0344816,354.25505759366973,570096668.3065912
COMP_00920,2023,2024,71,Emilia-Romagna,SNC,624553445.8,-64.0109787709758,224770672.19556418,-61.43525750341815,240857428.12629884
COMP_00921,2023,2024,45,Piemonte,SRL,481874929.18,28.23367763427731,617925943.2850833,35.283488069217164,651897212.325774
COMP_00922,2023,2024,62,Emilia-Romagna,SRL,2654924880.99,-74.12561582462249,686945463.2750369,-68.18100428432149,844770434.1366907
COMP_00923,2023,2024,41,Veneto,SRL,1891951329.29,-56.91032792700106,815235623.5718052,-53.782645184818776,874409858.788497
COMP_00924,2023,2024,82,Campania,SRL,390341975.6,48.070881516250374,577982804.198867,75.94162912860266,686774031.0434127
COMP_00925,2023,2024,10,Lazio,SRL,654843769.96,-6.209728594854516,614179749.1251706,-4.7228599596030225,623916415.7506043
COMP_00926,2023,2024,47,Lombardia,SRL,5331087246.67,-77.850399515161,1180814526.635608,-74.76407861584299,1345348986.4904613
COMP_00927,2023,2024,47,Sicilia,SRL,315462711.28,249.92908026791693,1103895764.1703382,225.19012400849888,1025853582.0120046
COMP_00928,2023,2024,47,Emilia-Romagna,SRL,1889677341.4,-40.56975143430578,1123039941.0836222,-41.00874502033027,1114744378.7583182
COMP_00929,2023,2024,25,Lombardia,SRL,245291619.17,245.3774000577067,847181816.8487972,321.8868904724779,1034853184.7059054
COMP_00930,2023,2024,71,Lazio,SRL,3066283851.89,-80.48952157296368,598246649.4346964,-79.04261654546542,642612864.6450605
COMP_00931,2023,2024,41,Veneto,SRL,600929227.25,40.69901925161452,845501529.1370559,19.732395627816434,719506959.8141501
COMP_00932,2023,2024,47,Lombardia,SRL,759194109.91,60.10265636093072,1215489936.901634,63.70229602399593,1242818189.2016091
COMP_00933,2023,2024,41,Sicilia,SRL,1852191979.52,-52.515950663076225,879495753.3698219,-55.12848797692281,831106546.7807881
COMP_00934,2023,2024,43,Lombardia,SNC,116195922.14,190.28306952990755,337297089.4565734,177.14164260387886,322027287.25752014
COMP_00935,2023,2024,46,Lombardia,SRL,227327986.13,411.27870594837793,1162279585.743972,396.6596420667225,1129046362.2307465
COMP_00936,2023,2024,45,Lazio,SRL,32046831.65,1597.3486420309248,543946461.8252115,1490.8257223398844,509809241.08315915
COMP_00937,2023,2024,25,Umbria,SPA,4317060117.04,-5.092045934314067,4097233432.8683705,-2.3077199213603636,4217434460.701965
COMP_00938,2023,2024,41,Lazio,SRL,1154649412.65,-26.330415810598026,850625421.1446272,-34.44245071486893,756959857.7685002
COMP_00939,2023,2024,45,Liguria,SRL,249953520.73,153.3152346044571,633170347.4392998,152.44658548192095,630999128.3747305
COMP_00940,2023,2024,56,Lombardia,SPA,11730933197.56,-42.19904484756409,6780591436.483871,-52.62291360957823,5557774355.410668
COMP_00941,2023,2024,68,Liguria,SAS,68487684.14,26.004658950070656,86297672.82340863,71.5916575239536,117519152.41559589
COMP_00942,2023,2024,25,Toscana,SRL,312726104.87,163.38047543188546,823659501.8062227,167.9709292815975,838015049.3262821
COMP_00943,2023,2024,45,Veneto,SRL,230281740.56,152.5358863234845,581544034.5643431,115.54900452634374,496369999.38301754
COMP_00944,2023,2024,25,Lombardia,SRL,358175338.32,124.77681630643377,805095122.2704941,121.79091766415573,794400369.7066224
COMP_00945,2023,2024,10,Lazio,SPA,360849382.78,723.1509095953736,2970334976.6228614,872.2383712974907,3508316161.9773197
COMP_00946,2023,2024,47,Lazio,SRL,175419006.22,568.7980590426553,1173198908.7912748,583.7448923170531,1199418495.1825836
COMP_00947,2023,2024,47,Umbria,SRL,2140699418.08,-45.00948779321891,1177181574.8097742,-45.27605788934894,1171475110.3131433
COMP_00948,2023,2024,25,Emilia-Romagna,SAS,50467106.38,483.45992466718354,294455340.8664554,519.5976490233858,312693004.6606111
COMP_00949,2023,2024,41,Emilia-Romagna,SRL,630878370.17,38.8287026502695,875840256.6081758,42.4563190706662,898726103.9571937
COMP_00950,2023,2024,10,Emilia-Romagna,SPA,53610551737.14,-93.45739048389466,3507529059.5907006,-91.2696204125916,4680404665.556286
COMP_00951,2023,2024,62,Toscana,SRL,877737877.39,-25.14653878387974,657017181.6313208,-24.624497826202205,661599332.8523461
COMP_00952,2023,2024,77,Lombardia,SRL,373462148.91,54.36903621568177,576509919.9027413,50.269202563166836,561198593.0423237
COMP_00953,2023,2024,25,Umbria,SRL,1685176549.62,-52.43617105433491,801534491.4937177,-65.20664720332591,586329422.1561059
COMP_00954,2023,2024,41,Campania,SPA,14591970711.36,-73.63306341145567,3847455664.4832525,-73.55034945482595,3859525260.8088694
COMP_00955,2023,2024,68,Campania,SRL,75347898.56,220.11909493585435,241203010.92345765,199.9168103371774,225981014.017244
COMP_00956,2023,2024,71,Sicilia,SRL,1323932194.09,-57.738856178399395,559508888.6448473,-55.45934982857658,589688007.0764774
COMP_00957,2023,2024,45,Lazio,SRL,3920938208.91,-85.27727042194132,577269129.4205973,-82.60385592782701,682092059.8028626
COMP_00958,2023,2024,10,Lombardia,SPA,3859200793.97,-19.58216328244972,3103485793.0971985,-21.71550519683819,3021155844.999024
COMP_00959,2023,2024,10,Puglia,SNC,502031884.88,-53.64320348788712,232725899.29974642,-48.765983607112446,257211098.19694155
COMP_00960,2023,2024,46,Lazio,SRL,831640602.47,41.00484389316195,1172653533.264975,34.5192781987469,1118716935.6503541
COMP_00961,2023,2024,45,Emilia-Romagna,SRL,7281025341.27,-92.77483439892143,526066138.363254,-93.41311953153149,479592436.10835654
COMP_00962,2023,2024,10,Lombardia,SNC,252148137.08,-9.703284548133206,227681485.85631064,-10.366012012608868,226010430.90071774
COMP_00963,2023,2024,46,Campania,SRL,452639239.34,165.80600244920436,1203142267.6061401,169.65951394991575,1220584772.7508397
COMP_00964,2023,2024,10,Lombardia,SRL,4347188148.29,-86.13535352240528,602722268.4763043,-84.3584164009194,679969068.4241049
COMP_00965,2023,2024,62,Campania,SRL,119725499.46,429.446142863617,633882038.9151706,463.3513068540345,674475165.84543
COMP_00966,2023,2024,43,Puglia,SPA,7907189356.78,-42.70159392538386,4530693466.736632,-40.46540267328851,4707513343.419561
COMP_00967,2023,2024,10,Lombardia,SRL,115526845.99,402.69264107070836,580744953.2528207,434.4583975415045,617442929.8083959
COMP_00968,2023,2024,46,Liguria,SRL,1106859710.07,4.947859257250919,1161625570.699479,28.91751990622225,1426936087.063446
COMP_00969,2023,2024,45,Piemonte,SRL,232463249.46,138.03293022585711,553339084.387882,160.79556129934568,606253836.2439052
COMP_00970,2023,2024,77,Toscana,SRL,123726702.98,338.88899777907784,543022886.6940185,313.14547856746157,511171279.1424628
COMP_00971,2023,2024,46,Friuli-Venezia Giulia,SRL,11004728331.51,-89.08353332779232,1201327500.676285,-90.10346903606788,1089086346.824498
COMP_00972,2023,2024,41,Puglia,SRL,6299949750.13,-86.34780401791434,860081486.6606627,-85.68639259747137,901750073.7901915
COMP_00973,2023,2024,47,Lombardia,SRL,119503674.68,890.1833927668574,1183305540.4274921,895.3409744458842,1189469040.0585515
COMP_00974,2023,2024,41,Lazio,SRL,2566812441.98,-67.33723709583037,838391862.1186539,-69.97263932823635,770746029.7210386
COMP_00975,2023,2024,71,Lombardia,SRL,206134443.79,157.55121482442308,530901764.15271246,177.27780907819124,571565069.4964275
COMP_00976,2023,2024,43,Emilia-Romagna,SPA,2188232705.23,112.51194964699148,4650255984.697377,125.88956374559106,4942989311.582393
COMP_00977,2023,2024,46,Lazio,SPA,6716041218.53,-13.153184349400721,5832667936.07501,-19.64136869254183,5396918801.255444
COMP_00978,2023,2024,10,Piemonte,SPA,2987250307.04,4.839541270731141,3131819518.5092435,1.4220274374580995,3029729826.03166
COMP_00979,2023,2024,45,Emilia-Romagna,SRL,1835780361.72,-68.19247193423128,583916353.7799596,-65.88902582732017,626202565.0534376
COMP_00980,2023,2024,62,Lombardia,SRL,485497046.3,38.134101824558606,670636984.2912664,38.92254387173414,674464847.1420909
COMP_00981,2023,2024,62,Veneto,SRL,347862443.32,93.29380936218452,672396568.033598,90.57508432330641,662939144.686204
COMP_00982,2023,2024,41,Lazio,SNC,74389184.72,348.12578839825557,333357120.50953466,412.97389251098804,381597096.46537316
COMP_00983,2023,2024,41,Lazio,SPA,4615130429.11,-11.097761256392426,4102954272.4162526,-32.36558161827667,3121416623.2864804
COMP_00984,2023,2024,62,Puglia,SPA,41846656127.21,-90.90071735457197,3807745518.675165,-90.02528478995522,4174084773.61595
COMP_00985,2023,2024,71,Piemonte,SRL,221731366.79,137.94382023083597,527596084.79017305,155.36816483315837,566231322.2311021
COMP_00986,2023,2024,25,Toscana,SRL,1346519630.2,-36.2913391938178,857849623.892777,-44.05461490953383,753315592.434111
COMP_00987,2023,2024,46,Piemonte,SRL,5602616945.49,-80.22253990009408,1108055330.9448524,-76.87089925854168,1295834917.4803963
COMP_00988,2023,2024,43,Lombardia,SRL,258045247.6,220.058631242209,825896087.4541292,298.65846475355323,1028719222.4516653
COMP_00989,2023,2024,68,Veneto,SRL,200890019.3,36.87697994844827,274972191.4356949,18.878544460411483,238815130.91007972
COMP_00990,2023,2024,25,Veneto,SNC,89213512.42,222.87069066560719,288044283.7175013,250.5303788414465,312720463.06358695
COMP_00991,2023,2024,41,Toscana,SRL,818168994.31,6.980624336388123,875282298.2395858,-4.8803454457773165,778239521.0574298
COMP_00992,2023,2024,56,Lombardia,SRL,345335348.88,244.2027363510796,1188653720.4325073,210.75916951675512,1073161262.2272769
COMP_00993,2023,2024,10,Emilia-Romagna,SRL,710979630.77,-13.114679024749716,617736934.2631638,-8.15386493843218,653007311.9372504
COMP_00994,2023,2024,46,Campania,SAS,892617417.83,-47.82805968666394,465695826.45670915,-60.76306668534361,350235700.988965
COMP_00995,2023,2024,46,Lazio,SRL,486565566.8,126.53281151676742,1102230658.344535,138.5893263290792,1160893507.9773858
COMP_00996,2023,2024,43,Umbria,SRL,1159164123.16,-28.10863023946313,833338965.9124407,-42.8537588969826,662418724.6006912
COMP_00998,2023,2024,46,Sardegna,SRL,2290432159.95,-50.2433508023101,1139642294.9373932,-46.73269552431614,1220051472.4495487
COMP_00999,2023,2024,25,Piemonte,SRL,1255123455.85,-35.97328053224683,803614374.0510483,-39.20900210752978,763002073.5936729
COMP_01000,2023,2024,46,Lombardia,SRL,3221661014.84,-63.79971553882082,1166250451.746992,-57.43989577674325,1371142285.6359353
COMP_01001,2023,2024,62,Sicilia,SRL,366708671.59,59.76407244195397,585868707.7299746,35.26207433527576,496017755.95996803
COMP_01002,2023,2024,56,Emilia-Romagna,SPA,20174138326.42,-66.17153677712787,6824600964.284342,-73.34879837605334,5376650281.268093
COMP_01003,2023,2024,25,Puglia,SPA,283735753221.68,-98.1888359089188,5138920075.909863,-98.44090918823305,4423698058.176951
COMP_01004,2023,2024,25,Veneto,SRL,269288593.67,179.50044683699542,752662822.588711,193.74170175107017,791012897.6677827
COMP_01005,2023,2024,41,Toscana,SRL,499551977.52,58.58396758666326,792209346.1088521,54.55254329309212,772070286.3280958
COMP_01006,2023,2024,43,Toscana,SRL,51823481.43,1496.8206731964794,827528065.0443784,1417.037171142397,786181476.6731775
COMP_01007,2023,2024,45,Emilia-Romagna,SRL,557319983.56,4.314967969694576,581368162.339321,-12.422536312474431,488086706.2255824
COMP_01008,2023,2024,47,Lombardia,SRL,3207558984.15,-64.3779273787914,1142598990.702014,-66.55111030288688,1072892866.5781753
COMP_01009,2023,2024,10,Piemonte,SRL,2082936043.0,-70.40227588826389,616501663.4310532,-66.73301735664357,692929971.8970251
COMP_01010,2023,2024,10,Lombardia,SRL,431193344.77,29.081061378435816,556588946.022294,43.25747991363694,617716719.272822
COMP_01011,2023,2024,45,Lombardia,SPA,2272672380.21,32.81962347715121,3018554898.2641325,39.2016060856708,3163596454.317763
COMP_01012,2023,2024,47,Sardegna,SRL,1360806063.76,-15.860318619197935,1144977886.2582982,-28.092941933634552,978515606.4385252
COMP_01013,2023,2024,41,Lazio,SRL,109363572.71,654.0499517846629,824655967.2897397,584.6161220395607,748720650.4111172
COMP_01014,2023,2024,47,Puglia,SRL,1607218215.21,-28.375506261289537,1151161909.9205005,-39.15704324609614,977879083.6210859
COMP_01015,2023,2024,41,Friuli-Venezia Giulia,SAS,234747369.29,29.496987628800856,303990771.76840675,43.59611049639038,337088091.79303795
COMP_01016,2023,2024,68,Lombardia,SRL,53784578.46,349.96397880878055,242011229.22414637,306.47675141194105,218621807.2848146
COMP_01017,2023,2024,68,Liguria,SRL,69406340.13,262.17646320849497,251373427.9252923,300.5112884479936,277980227.11925983
COMP_01018,2023,2024,43,Umbria,SRL,687554228.58,24.87603117160503,858590432.8032494,31.617433476656576,904941229.4172208
COMP_01019,2023,2024,41,Lazio,SPA,8645981238.04,-47.088456241232734,4574722146.140343,-53.121984379949,4053064435.27507
COMP_01020,2023,2024,45,Toscana,SRL,1207803210.06,-51.67289712165241,583696299.8936808,-59.766339492580535,485943443.13325477
COMP_01021,2023,2024,41,Lombardia,SPA,382255321.77,1007.6155941174258,4233919553.268263,906.4923628431238,3847370620.176459
COMP_01022,2023,2024,47,Friuli-Venezia Giulia,SNC,359247973.69,26.42111223272564,454165284.01242757,18.341449241107245,425139258.43405765
COMP_01023,2023,2024,62,Sicilia,SPA,44654691084.8,-92.72225952752835,3249852525.9356794,-92.77493149134948,3226332023.203058
COMP_01024,2023,2024,47,Sardegna,SRL,2118181642.07,-44.154835426583865,1182902023.9778798,-45.34308215269721,1157732799.9628491
COMP_01025,2023,2024,62,Piemonte,SRL,965976867.38,-27.959965660173552,695890066.9753318,-41.941937021879745,560827458.0175536
COMP_01026,2023,2024,45,Emilia-Romagna,SRL,157091176.87,259.11175086236943,564132875.7081586,201.10063883271445,473002537.10539937
COMP_01027,2023,2024,25,Emilia-Romagna,SAPA,259156786.17,38.35614659219643,358559342.9769902,71.13407716986886,443505574.4351198
COMP_01028,2023,2024,56,Lombardia,SRL,669605759.37,90.8150518492486,1277708576.9274204,55.97278341740292,1044402740.8126262
COMP_01029,2023,2024,43,Veneto,SRL,157414493.98,375.80065176804527,748979188.3342104,291.2620739977003,615903213.9191331
COMP_01030,2023,2024,47,Lazio,SRL,343025081.85,244.55181601860608,1181899148.913485,237.5784803371111,1157978858.4843616
COMP_01032,2023,2024,25,Lombardia,SRL,80013343.86,816.57981937546,733386162.6282537,766.9223690839123,693653576.1743691
COMP_01034,2023,2024,25,Lazio,SRL,697828078.95,19.809870540507966,836066917.9853088,17.229563973880534,818060814.2403919
COMP_01035,2023,2024,82,Toscana,SPA,1830601556.81,67.3257222234663,3063067275.96635,81.96254284836738,3331009142.1932764
COMP_01036,2023,2024,77,Lombardia,SRL,1278583964.73,-47.9739405666038,665196853.3963033,-43.953450419876674,716602195.715906
COMP_01037,2023,2024,62,Puglia,SRL,1480938423.06,-55.83407515358627,654070150.9503442,-55.278780086778,662293728.9560646
COMP_01038,2023,2024,47,Lazio,SRL,13894944760.52,-91.56736547889835,1171709908.563613,-91.81546010084683,1137237297.8900518
COMP_01039,2023,2024,46,Lombardia,SRL,3566205141.33,-67.38915652574663,1162969576.6099021,-66.91249598913716,1179968269.1731608
COMP_01040,2023,2024,68,Sicilia,SPA,584757358.72,110.9985350257365,1233829460.3543909,124.95577035273128,1315445421.0028603
COMP_01041,2023,2024,41,Veneto,SRL,1771694079.11,-50.71455203894719,873187363.3888128,-48.77824796923549,907492747.945461
COMP_01042,2023,2024,46,Lombardia,SRL,1258417687.72,-8.883210865653686,1146629790.9491491,-28.08914134936356,904938964.6509367
COMP_01043,2023,2024,47,Emilia-Romagna,SRL,662026360.78,81.8448762543949,1203861016.531865,113.3264871627662,1412277579.543475
COMP_01044,2023,2024,45,Emilia-Romagna,SNC,194355727.13,12.419825098665981,218494368.5087865,7.7315311478494015,209382400.71068513
COMP_01045,2023,2024,45,Emilia-Romagna,SRL,6236656126.66,-91.19472748282168,549154567.9117105,-92.73391345598455,453160831.6157575
COMP_01046,2023,2024,43,Lombardia,SPA,6588273403.18,-36.098576322653386,4210000500.3879943,-42.254526825391196,3804429650.7031937
COMP_01047,2023,2024,46,Lazio,SRL,847082847.4,41.304420473611785,1196965508.4499393,50.446875788052935,1274409679.24978
COMP_01048,2023,2024,62,Emilia-Romagna,SRL,1394484049.85,-52.67298531904732,659967670.9960529,-57.22750417258248,596455632.0360941
COMP_01049,2023,2024,41,Lazio,SRL,4056515638.39,-78.72449639906279,863044130.7182454,-81.23131761045755,761354536.2515392
COMP_01050,2023,2024,71,Emilia-Romagna,SAS,25232605.83,743.4130439508344,212815088.8989187,898.2120994353181,251874924.39788148
COMP_01051,2023,2024,47,Sicilia,SRL,800678364.63,45.654633589540865,1166225138.2325544,41.41508214524196,1132279967.0606945
COMP_01052,2023,2024,62,Friuli-Venezia Giulia,SAS,763072311.77,-70.17432937037863,227591434.37435764,-70.24382517653014,227061131.11977422
COMP_01053,2023,2024,46,Veneto,SRL,13837026033.09,-91.98459062452436,1109094281.943301,-92.0329732048131,1102399571.7132664
COMP_01054,2023,2024,56,Lombardia,SRL,698596563.24,69.4262064015624,1183605655.1492238,13.816046377126664,795114988.4062514
COMP_01055,2023,2024,10,Campania,SRL,1336392830.08,-53.76047073710495,617941753.7320728,-52.88119033036169,629692394.0440881
COMP_01056,2023,2024,62,Veneto,SPA,3675564321.58,3.036077760680699,3787157312.5270047,3.978943550459804,3821812951.096509
COMP_01057,2023,2024,10,Campania,SRL,3741502173.88,-83.92343814216206,601504911.3961697,-82.92257858621416,638952093.4394461
COMP_01058,2023,2024,68,Piemonte,SAS,773323085.66,-89.07868949681847,84457015.37771305,-84.88828842042935,116862354.28317522
COMP_01059,2023,2024,82,Emilia-Romagna,SAS,222568903.99,-8.531637649426871,203580131.58127242,-15.971604919321676,187021077.97145283
COMP_01060,2023,2024,43,Emilia-Romagna,SNC,10744664.98,2874.4774130142755,319597632.93415487,3231.3306627676575,357940319.09039843
COMP_01061,2023,2024,41,Lombardia,SRL,366144666.02,141.44114242281242,884023864.558879,123.63545606344486,818829293.705804
COMP_01062,2023,2024,56,Veneto,SRL,2496269116.04,-49.665524055675235,1256483977.7187622,-47.89704834335659,1300629890.750041
COMP_01063,2023,2024,41,Campania,SPA,27146976604.46,-81.48885729823222,5025215578.4671,-82.8507574287723,4655500868.653278
COMP_01064,2023,2024,68,Campania,SRL,31470398.7,626.0143729215868,228479617.7777282,746.0119000056068,266243317.98120973
COMP_01065,2023,2024,25,Puglia,SRL,416831721.73,82.05582029637895,758866410.2510712,64.83402085985756,687080487.1469316
COMP_01066,2023,2024,25,Lombardia,SRL,564814810.83,40.64094777049896,794360903.0994629,42.31026632059178,803789461.5103197
COMP_01067,2023,2024,77,Lazio,SRL,96129554.89,495.77965688137715,572720332.2852371,428.909563898132,508438409.54591435
COMP_01068,2023,2024,47,Campania,SRL,797258172.8,43.154312819363874,1141309458.6680565,43.34661941513679,1142842638.7196896
COMP_01069,2023,2024,62,Lombardia,SRL,10846057730.74,-94.4444744986445,602555503.1230011,-94.59650303378565,586066400.4343926
COMP_01070,2023,2024,43,Lombardia,SRL,865714112.23,0.2335892624711823,867736327.439867,1.5337722043267543,878992194.6523179
COMP_01071,2023,2024,47,Lombardia,SRL,1093851658.16,9.577213430868637,1198612166.079079,21.6590954784283,1330770033.1932456
COMP_01072,2023,2024,47,Lazio,SRL,631076101.26,88.98246185713668,1192623152.3531847,109.22636920175388,1320377613.5662818
COMP_01073,2023,2024,47,Lazio,SRL,9554175971.03,-88.80285637033,1069794806.107647,-87.50056071100218,1194218425.0629137
COMP_01074,2023,2024,47,Lombardia,SRL,177911548.28,535.773659327145,1131114760.8653362,308.9557904589945,727579578.5863097
COMP_01075,2023,2024,46,Campania,SRL,1921113556.39,-30.919371369168694,1327117321.466332,-35.022681773894526,1248288069.0203826
COMP_01076,2023,2024,45,Campania,SRL,672734798.75,-13.963501429478605,578797465.5099437,11.183303791188894,747968775.0032557
COMP_01077,2023,2024,41,Toscana,SRL,656657704.37,17.922706182756485,774348535.3506688,4.9433788888097165,689118782.6995691
COMP_01078,2023,2024,56,Lombardia,SRL,704972464.38,65.26083278307374,1165043365.5257459,61.350889784121065,1137479344.010176
COMP_01079,2023,2024,41,Sardegna,SPA,13017441257.22,-65.28084124263228,4519546096.241297,-72.99192396007221,3515760433.2029085
COMP_01080,2023,2024,47,Veneto,SRL,425243546.97,140.25873332436078,1021684759.4937052,149.14007038276696,1059452072.2192328
COMP_01082,2023,2024,47,Campania,SRL,46403549.39,2292.1693840259272,1110051501.6089299,1540.336899865084,761174543.491289
COMP_01083,2023,2024,56,Emilia-Romagna,SRL,3299998556.63,-62.744329570565085,1229436586.434182,-55.07254685193498,1482605305.4167652
COMP_01084,2023,2024,41,Sardegna,SRL,1725061458.12,-51.27874518999876,840471588.639768,-58.51020711803665,715724426.0605649
COMP_01085,2023,2024,10,Piemonte,SRL,1367040112.49,-56.93422698587744,588726391.8569492,-58.958799592359966,561049672.2198486
COMP_01086,2023,2024,25,Emilia-Romagna,SRL,1566541628.09,-48.91961983961566,800195418.9990461,-59.94252742980152,627516982.9728924
COMP_01087,2023,2024,47,Lombardia,SRL,14536831.92,5629.837960844347,832936913.6562982,7267.275551914588,1070968464.0650759
COMP_01088,2023,2024,62,Lombardia,SRL,730447055.18,-12.31627544960413,640483183.8505093,-12.671243885164293,637890327.3661416
COMP_01089,2023,2024,10,Lombardia,SRL,852530048.91,-31.410696146714567,584744425.6874428,-37.80713040257277,530212901.59747887
COMP_01090,2023,2024,56,Sardegna,SRL,1749513714.42,-20.22550339668947,1395665758.684435,-26.404884828633037,1287556633.0662591
COMP_01091,2023,2024,43,Toscana,SAS,252006701.98,18.95836323063712,299783047.9069176,9.004113732014739,274697672.0385786
COMP_01092,2023,2024,46,Emilia-Romagna,SRL,1659793214.39,-32.29027843508052,1123841364.016896,-39.46710202099415,1004720933.1291606
COMP_01093,2023,2024,71,Sicilia,SRL,468974287.5,20.979836929389894,567364328.2582681,16.8046813771673,547783922.2552155
COMP_01094,2023,2024,43,Lombardia,SRL,425371331.29,84.55650403924193,785050458.2140061,58.07909169864331,672423136.849659
COMP_01095,2023,2024,46,Lombardia,SRL,3570652638.33,-69.65881403447183,1083378357.1787431,-70.76340486846071,1043937255.4221677
COMP_01096,2023,2024,10,Lombardia,SPA,8023421286.17,-64.69381560446726,2832763914.125605,-63.575055621183296,2922526740.7655616
COMP_01097,2023,2024,25,Lombardia,SRL,1463768603.71,-45.075706984015696,803964556.9776624,-46.30032040982539,786039050.1338428
COMP_01098,2023,2024,41,Veneto,SRL,1199410633.79,-26.832667650066426,877576764.665574,-33.727605399797206,794878148.102102
COMP_01099,2023,2024,10,Campania,SAS,151189865.95,37.46333253115801,207830628.18426052,83.31490366950739,277153557.1242998
COMP_01100,2023,2024,47,Lazio,SRL,1080630115.7,10.495579921609256,1194048513.1502721,28.644368199467422,1390169784.915439
COMP_01102,2023,2024,46,Emilia-Romagna,SNC,1125735133.88,-59.24411119298118,458803359.42567736,-49.741894908952574,565773146.6322539
COMP_01103,2023,2024,41,Friuli-Venezia Giulia,SRL,1185920604.31,-30.126946225989826,828638941.5665927,-29.41339108815653,837101138.9692703
COMP_01104,2023,2024,43,Lombardia,SRL,199232344.32,318.57838495409663,833943529.1608409,332.7479812195559,862173947.9811946
COMP_01105,2023,2024,47,Lombardia,SRL,828115644.61,53.40977146011128,1270410317.8216283,41.67901866053149,1173266118.6577826
COMP_01106,2023,2024,77,Campania,SRL,675614645.89,-19.120353798671097,546434735.2801931,-18.360175934427204,551570608.2658386
COMP_01107,2023,2024,10,Veneto,SRL,618868403.11,-1.6644431148241325,608567690.5846136,5.357018517180075,652021298.0615793
COMP_01108,2023,2024,68,Toscana,SAS,5593185.47,1461.5596478552006,87340927.32922025,2238.046658578532,130771285.98943496
COMP_01109,2023,2024,46,Lombardia,SRL,1762493228.6,-35.36237049133207,1139233843.2178276,-36.58580497606539,1117670893.2680457
COMP_01110,2023,2024,46,Veneto,SPA,47389588689.86,-85.5098378557558,6866828240.65112,-88.24715766065927,5569623643.981289
COMP_01111,2023,2024,46,Lombardia,SAS,3121213666.84,-86.08100703145637,434441510.82068235,-88.64244320383139,354493614.9411299
COMP_01112,2023,2024,10,Lombardia,SRL,927070875.29,-33.60784429306871,615502339.0361476,-39.06401861399288,564919736.0018077
COMP_01113,2023,2024,25,Sicilia,SRL,1664232127.36,-49.53717013255699,839818627.0290042,-63.520268148774115,607107417.44288
COMP_01115,2023,2024,43,Liguria,SAS,120296510.77,162.30184801748294,315539970.8502604,122.59781655685559,267777406.3681026
COMP_01116,2023,2024,71,Lazio,SPA,28232786976.01,-90.15073550508208,2780721863.553962,-89.82671951162695,2872200608.754351
COMP_01117,2023,2024,45,Emilia-Romagna,SRL,1063897581.86,-46.56950397018441,568445755.2370114,-49.31226742979485,539265561.1140763
COMP_01118,2023,2024,25,Lombardia,SRL,1571365882.01,-45.79446944551818,851767213.2956332,-55.66761477754979,696623976.0668257
COMP_01119,2023,2024,56,Lazio,SRL,238085647.57,400.6267265935972,1191920383.9188592,240.97144365751916,811804069.6607821
COMP_01120,2023,2024,43,Emilia-Romagna,SAS,772368026.73,-58.70536022113501,318946594.4052812,-62.847180951732824,286956495.35766876
COMP_01121,2023,2024,46,Sardegna,SRL,2086042012.98,-46.53042194729746,1115397862.3425083,-38.648087102566876,1279826678.8073502
COMP_01122,2023,2024,47,Emilia-Romagna,SRL,832607803.45,37.71820577302908,1146652528.0375686,37.448243061407396,1144404797.4342012
COMP_01123,2023,2024,71,Veneto,SAS,66023922.24,199.24748943993094,197574929.73297223,162.3600807525232,173220415.70484713
COMP_01125,2023,2024,47,Liguria,SRL,220340243.16,426.5552180012173,1160213047.7155504,478.61189961597313,1274914866.5665302
COMP_01126,2023,2024,47,Lazio,SRL,392875446.48,193.37975873699907,1152617037.019932,228.78060516512522,1291698270.4821317
COMP_01127,2023,2024,71,Campania,SRL,613791556.06,-11.830378936216869,541177689.0996,-13.836586577196671,528863756.0022354
COMP_01128,2023,2024,43,Campania,SRL,192350424.54,362.7021585862693,890009566.396433,218.59161199405804,612812318.2194002
COMP_01129,2023,2024,10,Lombardia,SNC,293691985.34,-27.002657222425114,214387345.24890476,-33.232150314795184,196091823.30930495
COMP_01130,2023,2024,41,Puglia,SRL,528676044.6,56.71230871989788,828500435.141697,37.15277937584127,725093889.0631622
COMP_01131,2023,2024,41,Piemonte,SRL,698121321.24,21.380936199030778,847386195.5261551,28.947065230601726,900206955.4880815
COMP_01132,2023,2024,47,Lazio,SRL,5692791890.29,-80.96071453203798,1083866899.089304,-71.95154159041329,1596740365.6923158
COMP_01133,2023,2024,47,Lombardia,SRL,1450576737.46,-19.748881161532967,1164104061.4221826,-39.3268852863639,880110087.9284258
COMP_01134,2023,2024,47,Toscana,SRL,1594804815.24,-27.070373409471127,1163085196.602306,-44.841952064748526,879663204.4637779
COMP_01135,2023,2024,10,Lazio,SPA,5159496825.39,-31.874239495150917,3514946450.520483,-38.01024642106325,3198359367.972326
COMP_01136,2023,2024,56,Emilia-Romagna,SAS,1127733593.56,-60.03110821273776,450742619.65860003,-58.884202496022105,463676660.7124626
COMP_01137,2023,2024,43,Piemonte,SRL,535493397.15,61.27713068367356,863628385.9240485,80.7683206599696,968002421.2730764
COMP_01138,2023,2024,47,Piemonte,SRL,946833069.26,28.830454654605497,1219809347.9478137,24.476122015032676,1178581086.5707564
COMP_01139,2023,2024,46,Emilia-Romagna,SRL,610348196.6,86.60828381481741,1138960294.9699478,62.37015576142455,991023317.5064658
COMP_01140,2023,2024,43,Veneto,SNC,2516407218.52,-86.89367561862097,329808492.8156688,-84.8592244093732,381003569.90244687
COMP_01141,2023,2024,25,Lombardia,SRL,396406855.77,92.5585853377799,763315433.6526855,64.62822598438854,652597574.3346447
COMP_01142,2023,2024,25,Toscana,SPA,49169980727.74,-90.63714542937468,4603713787.94279,-89.17847023536198,5320944099.719161
COMP_01143,2023,2024,62,Liguria,SRL,263412683.07,143.1673964079534,640533763.2296528,130.37644845354697,606840784.0328636
COMP_01144,2023,2024,71,Lombardia,SNC,130602006.03,85.12436703508476,241776136.99816072,77.70856785770457,232090954.50934595
COMP_01146,2023,2024,25,Veneto,SPA,545573455.07,588.7830729922254,3757817609.2610044,533.9285865506203,3458546092.320635
COMP_01147,2023,2024,45,Toscana,SRL,1241564714.25,-55.44662027779735,553159041.6366827,-43.6239973990351,699944555.5982424
COMP_01148,2023,2024,56,Emilia-Romagna,SRL,1316023706.41,-6.2345517904113805,1233975526.8597772,1.8066227657250113,1339799290.2923412
COMP_01149,2023,2024,56,Emilia-Romagna,SRL,831096418.16,51.67654454250878,1260578328.8816473,54.3891377011988,1283122593.4627733
COMP_01150,2023,2024,25,Puglia,SPA,182409382597.15,-96.98827647803334,5493666281.9525385,-97.50361025014797,4553649129.923635
COMP_01151,2023,2024,10,Veneto,SRL,1600009105.64,-64.37318635479178,570032262.3727255,-67.26811160206017,523713194.81496
COMP_01152,2023,2024,56,Toscana,SNC,141063324.96,230.86106924622308,466723625.27693033,209.0255309335994,435921688.91022867
COMP_01153,2023,2024,43,Toscana,SAS,2070644719.18,-84.90724084688063,312517420.38262254,-86.35519188521285,282535498.67108446
COMP_01154,2023,2024,41,Emilia-Romagna,SRL,2460071508.42,-64.75330796424295,867093828.4322004,-68.00370920523773,787131633.593158
COMP_01155,2023,2024,10,Veneto,SPA,15424510256.05,-81.25554434044847,2891240485.648269,-81.46939146823051,2858255613.4912615
COMP_01156,2023,2024,46,Lombardia,SRL,2383063015.38,-52.518167796333294,1131521982.2703717,-57.14829909668293,1021183035.6882064
COMP_01157,2023,2024,62,Emilia-Romagna,SRL,2804659380.01,-76.71739061744576,652997887.9588959,-76.35964099442356,663031546.3179383
COMP_01158,2023,2024,77,Emilia-Romagna,SRL,361940889.94,56.31832459224717,565779935.1684773,29.827201289586082,469897727.731723
COMP_01159,2023,2024,46,Lazio,SRL,281291411.78,315.57762687460104,1168984173.6773858,352.04570277022356,1271565739.2131844
COMP_01160,2023,2024,46,Veneto,SPA,1368119004.22,300.8645894888977,5484304629.986098,95.82822667968884,2679163184.8318434
COMP_01161,2023,2024,25,Lazio,SRL,157053712.83,420.64949878823165,817699368.6777037,413.79542133196077,806934785.5523863
COMP_01163,2023,2024,43,Veneto,SRL,2315028720.1,-63.51622641765487,844609836.6075464,-67.67698515465196,748287076.8719935
COMP_01164,2023,2024,47,Lombardia,SPA,2297164164.35,145.45759086742956,5638563816.08343,114.54043901748582,4928346083.1488495
COMP_01165,2023,2024,43,Veneto,SRL,153847286.56,471.61950438419353,879421096.942802,468.62113047769134,874808180.0467254
COMP_01166,2023,2024,41,Veneto,SAS,129760815.38,146.55718228081187,319934610.1055344,119.21238327299218,284451775.9489654
COMP_01167,2023,2024,25,Sicilia,SRL,29362877699.38,-97.36075642569148,774957862.9129567,-97.48364991147278,738872798.9824858
COMP_01168,2023,2024,43,Lazio,SRL,138059193.02,506.46677723731614,837283138.5882398,435.4156661743657,739190548.0229864
COMP_01169,2023,2024,25,Lombardia,SRL,1172178806.68,-28.26647034441235,840845231.9063113,-32.83774842359672,787261679.0677035
COMP_01170,2023,2024,41,Emilia-Romagna,SRL,2269329344.52,-64.55549363812527,804352583.8902814,-67.53758577836591,736679091.871176
COMP_01171,2023,2024,82,Lombardia,SAS,66694027.54,202.47269261742716,201731220.9152464,323.33351788911654,282338173.0070182
COMP_01172,2023,2024,46,Emilia-Romagna,SRL,1562212305.99,-29.07698645703794,1107968045.3471076,-35.15122597082976,1013075528.1673446
COMP_01173,2023,2024,46,Lombardia,SPA,1566112949.56,257.395047298435,5597210116.826877,115.93542021335666,3381792578.6481805
COMP_01174,2023,2024,68,Emilia-Romagna,SRL,249621141.37,-9.211601867346042,226627035.65027058,-3.0457992362474258,242018182.55264044
COMP_01175,2023,2024,82,Sicilia,SRL,157401544.57,233.06282312502466,524246027.9872359,211.71701279882126,490647392.8328092
COMP_01176,2023,2024,46,Veneto,SAPA,237234045.64,107.13020335280382,491383361.15621537,124.32222814802114,532168697.1053414
COMP_01177,2023,2024,62,Lazio,SPA,17393022818.01,-81.82371589388465,3161405242.042967,-85.16602609411657,2580076466.2679515
COMP_01178,2023,2024,43,Veneto,SRL,22249857337.08,-96.6297016641639,749886571.5575128,-96.68876729164056,736744553.7087063
COMP_01179,2023,2024,43,Sicilia,SRL,15435302160.67,-94.93988962989869,781043325.2885364,-96.09569325732427,602641543.0114111
COMP_01180,2023,2024,45,Sicilia,SRL,808625094.92,-23.81690371865287,616035634.6180382,-35.32704795335048,522961719.8747857
COMP_01181,2023,2024,47,Lombardia,SRL,1163085256.44,-4.025580752527687,1116264320.2212641,-29.523165123236105,819705675.6572047
COMP_01182,2023,2024,47,Emilia-Romagna,SPA,29619318400.72,-76.91970461459964,6836226178.028418,-84.56911420724079,4570523195.008821
COMP_01183,2023,2024,43,Friuli-Venezia Giulia,SPA,24666989474.4,-84.19100187887673,3899603902.5455694,-84.95458971692395,3711249770.906665
COMP_01184,2023,2024,25,Lazio,SRL,941061554.14,-18.23117010779508,769495021.3856765,-31.07106661668739,648663691.7491269
COMP_01185,2023,2024,47,Friuli-Venezia Giulia,SAS,1090245099.64,-60.63291765934614,429197686.0902226,-60.42874215218777,431423699.55168176
COMP_01186,2023,2024,25,Toscana,SRL,506980604.2,56.41641410139593,793000881.2792311,38.338837315239445,701351073.264056
COMP_01187,2023,2024,46,Lazio,SRL,689218707.54,72.04931682767156,1185796077.7710776,47.4708631485809,1016396776.9907314
COMP_01188,2023,2024,47,Lombardia,SRL,2655157487.0,-56.456419953099164,1156150625.7231257,-55.43493696035445,1183272607.8834186
COMP_01189,2023,2024,47,Puglia,SRL,1349571373.26,-16.338495906699073,1129071709.6819324,-11.166701054800386,1198868772.4868915
COMP_01190,2023,2024,56,Lazio,SRL,399481871.36,199.83423327991716,1197783406.084521,203.30518161111763,1211649215.4319394
COMP_01191,2023,2024,68,Liguria,SRL,221196273.18,7.751238123524516,238341723.0345436,3.8605766975707354,229735724.958282
COMP_01192,2023,2024,46,Lombardia,SRL,1244027946.65,-5.742053816544693,1172595192.4605012,-15.849929683649727,1046850391.8610235
COMP_01193,2023,2024,56,Emilia-Romagna,SRL,5592188340.03,-79.47363700778983,1147872877.882609,-78.06545310007655,1226621174.1759312
COMP_01194,2023,2024,47,Lazio,SPA,14254772506.35,-54.63982889739062,6465989199.168078,-56.04811987289898,6265240524.381906
COMP_01195,2023,2024,41,Emilia-Romagna,SRL,237350677.41,269.18778056502543,876269698.0860322,232.76729852523593,789825437.2486044
COMP_01196,2023,2024,10,Sicilia,SRL,556595119.83,8.023168006841463,601251681.4118415,-11.90910491336072,490309623.0667995
COMP_01197,2023,2024,41,Sicilia,SPA,12315851545.89,-59.14934644165244,5031105847.771916,-72.49234300642249,3387802199.0816355
COMP_01198,2023,2024,46,Veneto,SNC,688278592.49,-34.13118752135596,453360935.4178887,-27.0762053428124,501918867.45678866
COMP_01199,2023,2024,47,Lazio,SNC,739968207.29,-41.59642886893234,432167858.2919013,-46.010923408292285,399502002.1880846
COMP_01200,2023,2024,62,Veneto,SRL,593807109.74,6.906355200747942,634817537.9459395,18.211659815177068,701949240.524184
COMP_01201,2023,2024,41,Lazio,SRL,1431723594.51,-39.70672740218143,863233009.6852009,-42.39210121136004,824785879.2583988
COMP_01202,2023,2024,25,Lazio,SRL,80524451.22,907.3803607657178,811187507.2046505,779.9789104665816,708598188.50495
COMP_01203,2023,2024,77,Lombardia,SRL,277576775.28,109.87970487606216,582577316.7621542,144.45826941500857,678559381.1474752
COMP_01204,2023,2024,25,Piemonte,SNC,240809519.76,29.701213003354063,312332868.1562716,14.039294797222205,274617478.13888144
COMP_01205,2023,2024,46,Veneto,SRL,1500288703.06,-23.88364636654359,1141965054.7439463,-24.106181401489334,1138626386.7543046
COMP_01206,2023,2024,46,Toscana,SRL,665807065.55,71.11670994802087,1139307145.1706226,88.99643217032597,1258351599.0274434
COMP_01207,2023,2024,46,Piemonte,SRL,3645434770.57,-65.79803111479443,1246810465.9608164,-70.35165476878804,1080811085.9572334
COMP_01208,2023,2024,25,Lombardia,SRL,245220005.48,260.85587244304793,884890790.179744,261.34023243271076,886078537.772938
COMP_01209,2023,2024,10,Lombardia,SPA,966525726.51,208.15329485164415,2978380871.829356,188.24607766989163,2785972496.335499
COMP_01210,2023,2024,25,Campania,SRL,189838912.27,294.8892969249032,749653545.9528868,322.0481935199102,801211699.8333822
COMP_01211,2023,2024,46,Piemonte,SRL,3081073946.27,-53.744966830335606,1425151775.8290763,-68.36560849725504,974678994.6521256
COMP_01212,2023,2024,46,Lombardia,SRL,15477101727.34,-92.28211222566428,1194505342.0358765,-91.48481462143252,1317903903.312471
COMP_01213,2023,2024,41,Veneto,SRL,1008066318.81,-19.270259923256084,813809318.9765136,-18.751103014892685,819042764.9115003
COMP_01214,2023,2024,47,Toscana,SRL,7318150045.64,-83.73319183443904,1190429429.1921713,-84.63832070483615,1124190740.3501039
COMP_01215,2023,2024,62,Lombardia,SRL,1291054536.27,-49.14473200776983,656569244.3459529,-51.55885775776034,625401564.3394382
COMP_01217,2023,2024,46,Toscana,SPA,15788560980.74,-59.57083847657428,6383182821.127942,-61.419048529548306,6091377049.861971
COMP_01218,2023,2024,47,Toscana,SNC,245673477.11,90.89163756356037,468970123.5146177,53.88482898106592,378054210.10256165
COMP_01219,2023,2024,41,Lombardia,SAS,690105517.22,-57.028624456545074,296547833.4507082,-57.778439953913555,291373315.3343978
COMP_01220,2023,2024,43,Sardegna,SNC,371387617.32,-9.2852905049854,336903198.1522945,2.374651040253763,380206777.23806304
COMP_01221,2023,2024,47,Lombardia,SRL,5976604769.61,-79.66712953535139,1215215305.9888115,-82.27099479719467,1059592570.5552684
COMP_01222,2023,2024,68,Piemonte,SRL,115423189.66,97.77950064734124,228283408.14078158,96.43612599291481,226732842.26555863
COMP_01223,2023,2024,62,Sardegna,SRL,744566661.09,-12.277260737291824,653154270.7450328,-1.8974296976204914,730439032.143897
COMP_01224,2023,2024,46,Campania,SAS,56603051.14,647.7513927631626,423250103.2457952,643.659697795423,420934079.0507127
COMP_01225,2023,2024,56,Emilia-Romagna,SNC,132840991.45,237.33775700788664,448122820.94446844,191.1010686302227,386701545.68993276
COMP_01226,2023,2024,43,Campania,SAS,758792494.91,-58.92554229946398,311669902.35664994,-59.455235170660856,307650632.60393465
COMP_01227,2023,2024,47,Lombardia,SRL,2817163813.39,-59.50858769157687,1140709415.0834408,-64.85440826574079,990108892.3393373
COMP_01228,2023,2024,46,Lombardia,SNC,655661284.27,-32.40030333521929,443225039.31492555,-31.333916922163944,450216922.166045
COMP_01229,2023,2024,41,Campania,SRL,150868054.16,455.8189455137131,838553227.7491696,375.0251527327224,716661204.6984264
COMP_01230,2023,2024,47,Emilia-Romagna,SRL,353503236.18,226.0555179528464,1152616807.706773,260.63040327585634,1274840146.229137
COMP_01231,2023,2024,46,Lombardia,SRL,150187274.96,644.6879269493645,1118426504.4413662,531.4297783906765,948327177.4509239
COMP_01232,2023,2024,43,Lombardia,SRL,4299450825.76,-80.12523273874272,854505845.1320039,-80.12177963844931,854654309.4810841
COMP_01233,2023,2024,71,Lazio,SRL,452422747.8,27.40593789657236,576413445.0920342,28.633193461500852,581965828.4414121
COMP_01234,2023,2024,10,Toscana,SRL,161785926.86,276.4345094886401,609018060.1970911,271.20888219894033,600563730.6522012
COMP_01235,2023,2024,43,Campania,SRL,1522376815.62,-45.77349878634103,825531682.398642,-62.775668470823184,566694592.9697136
COMP_01236,2023,2024,10,Emilia-Romagna,SRL,3044506338.49,-78.53053982921345,653639075.7391826,-73.74548434466875,799320393.2664088
COMP_01237,2023,2024,56,Piemonte,SAS,842130541.22,-43.72820690195667,473881955.7707509,-41.19452765501282,495218842.525818
COMP_01238,2023,2024,47,Sicilia,SRL,13169418312.03,-89.93542950941352,1325445389.2144647,-91.38576466729617,1134444685.3464549
COMP_01239,2023,2024,43,Lombardia,SRL,35572021.7,2197.6293474655417,817313210.066011,1893.0905363697748,708982598.0981028
COMP_01241,2023,2024,45,Veneto,SAS,70676630.68,211.66484931738358,220274214.5114257,188.79846625875328,204113025.4072035
COMP_01242,2023,2024,56,Veneto,SRL,216143690.37,467.8454396599491,1227362088.8787656,305.084162180964,875563857.2423314
COMP_01243,2023,2024,46,Emilia-Romagna,SRL,3901878987.53,-70.52622880414354,1150030885.1237934,-71.83635121553732,1098911494.0426974
COMP_01244,2023,2024,45,Veneto,SRL,431767821.2,37.93272487323186,595549120.9069437,59.10869632178877,686980151.4483119
COMP_01245,2023,2024,71,Emilia-Romagna,SRL,1076952733.76,-47.304209322515014,567508758.2776217,-49.05806760918011,548620533.5131058
COMP_01246,2023,2024,41,Lazio,SRL,580610791.92,51.761634432178255,881144427.5074055,53.74300479715795,892648477.6743823
COMP_01247,2023,2024,25,Lazio,SAS,381226128.05,-21.516013789031764,299201461.7713701,-20.65983836390742,302465426.1938873
COMP_01248,2023,2024,46,Friuli-Venezia Giulia,SRL,663338484.83,73.92426622523706,1153706592.330183,83.62108808045281,1218029343.5012355
COMP_01249,2023,2024,77,Emilia-Romagna,SPA,9906182734.74,-73.40952638495037,2634100906.339641,-67.06762354874742,3262341390.153564
COMP_01250,2023,2024,43,Veneto,SAS,893509755.68,-66.5128666318123,299210803.5423296,-67.57310244506391,289737493.11771333
COMP_01251,2023,2024,10,Piemonte,SAS,163345390.3,32.22232128716948,215979066.77024698,15.483714087069211,188637323.5084593
COMP_01252,2023,2024,43,Lazio,SRL,2442583533.2,-67.0633429298708,804505361.9815294,-72.88281580159119,662359875.8978456
COMP_01253,2023,2024,46,Lazio,SAS,781773689.26,-39.107238487403784,476043588.1693168,-44.53202525927426,433634032.48837656
COMP_01254,2023,2024,25,Toscana,SRL,327117933.93,147.5689128759265,809842312.8526925,167.3725614866047,874623599.0307001
COMP_01255,2023,2024,47,Piemonte,SRL,957556134.0,17.101070424563677,1121308482.8300693,16.04984043636769,1111242365.5956511
COMP_01256,2023,2024,82,Lombardia,SRL,1102358323.25,-48.815515345937676,564236426.796675,-43.674770337309596,620905857.2763456
COMP_01257,2023,2024,46,Piemonte,SRL,6848372507.16,-83.80218731943054,1109286550.3773947,-81.56271041017953,1262654271.334737
COMP_01258,2023,2024,43,Lazio,SPA,15107391762.87,-72.52463054161588,4150811702.374024,-72.87748067950467,4097505249.7073345
COMP_01259,2023,2024,45,Liguria,SRL,405428164.75,38.65058490897242,562128521.8115873,48.577781860527836,602376174.2233964
COMP_01260,2023,2024,25,Lombardia,SRL,1693589159.72,-51.96386556882838,813534765.474849,-61.890190689543466,645423599.2718551
COMP_01261,2023,2024,68,Veneto,SRL,204265584.39,10.182224183242896,225064364.121801,18.61609489723207,242291859.42242804
COMP_01262,2023,2024,45,Lombardia,SRL,161068799.51,232.16236801572077,535009938.5869096,232.2821053071603,535202798.00479704
COMP_01263,2023,2024,43,Piemonte,SRL,128352174.01,588.6196220479558,883858255.5579965,500.8083434995399,771150570.515128
COMP_01264,2023,2024,47,Lazio,SPA,4155413717.09,61.12322197999566,6695336467.57411,17.25399175590752,4872388457.260559
COMP_01265,2023,2024,46,Lazio,SRL,407247281.42,165.18215994956913,1079947137.2054565,144.88598937282325,997291534.2992928
COMP_01266,2023,2024,47,Campania,SRL,2308153527.85,-51.96922729220588,1108623974.708565,-43.89137849978613,1295073126.58519
COMP_01267,2023,2024,10,Piemonte,SRL,193504536.64,194.0341260643191,568969373.2042341,203.20765692139082,586720571.5827382
COMP_01268,2023,2024,62,Emilia-Romagna,SRL,148369707.42,344.8548928315815,660029902.9377719,282.28129887673884,567189644.6647931
COMP_01269,2023,2024,71,Lombardia,SRL,15091075.41,3696.6046992945535,572948478.1901448,2740.6540722721015,428685248.18381876
COMP_01270,2023,2024,47,Toscana,SRL,670954807.69,76.97513657949335,1187423187.2960546,111.82081300071992,1421221928.516375
COMP_01271,2023,2024,77,Emilia-Romagna,SNC,85322844.94,137.2944899919802,202466409.74702108,173.37620082890362,233252351.93610844
COMP_01273,2023,2024,46,Lazio,SRL,4400971573.04,-73.48466248509666,1166932466.5265064,-73.55720065274103,1163740082.3888738
COMP_01274,2023,2024,47,Piemonte,SRL,8265384697.82,-86.01534743387623,1155885333.2436864,-83.56045719587432,1358791455.3237727
COMP_01275,2023,2024,46,Lazio,SAS,135665920.22,207.96608180321851,417805018.8438144,186.00546797029278,388011950.0014151
COMP_01276,2023,2024,45,Lombardia,SRL,111151264.93,400.0838512902701,555849526.4197954,332.20145871014705,480397388.40224016
COMP_01277,2023,2024,43,Lombardia,SRL,997992609.83,-14.07559324491149,857519229.4560527,-16.60861150539414,832239894.4107914
COMP_01278,2023,2024,25,Lazio,SPA,2899696337.77,45.21654024954214,4210838699.4522715,21.269727916809007,3516453859.227354
COMP_01279,2023,2024,45,Piemonte,SRL,202207921.55,202.78919998319938,612263747.9639004,232.19622978781712,671727091.721407
COMP_01280,2023,2024,25,Emilia-Romagna,SRL,2841543454.37,-73.26971594124151,759552637.0061593,-77.46574725783407,640320583.7862083
COMP_01281,2023,2024,56,Puglia,SRL,448501637.38,182.7455915888487,1268118607.8957539,139.49503256352983,1074139142.4911954
COMP_01282,2023,2024,41,Liguria,SRL,451989884.87,80.3641650989626,815227782.1775378,60.36607939542794,724838457.6299275
COMP_01283,2023,2024,10,Lazio,SRL,384870355.21,57.9310305323662,607829718.1967313,49.00793674379088,573487375.43692
COMP_01284,2023,2024,46,Lombardia,SRL,1290567753.0,-9.894430047310793,1162873429.4662642,-14.890761486698564,1098392387.076525
COMP_01285,2023,2024,47,Sicilia,SRL,570119657.16,105.10028317588791,1169317031.2765613,97.06030290794848,1123479523.3372533
COMP_01286,2023,2024,68,Lazio,SRL,27406304.55,789.8758966539582,243882098.35402706,644.2221320267981,203963784.0317674
COMP_01287,2023,2024,46,Campania,SRL,386515784.1,199.67454226670534,1158289406.7902422,198.72015044609427,1154600531.761421
COMP_01289,2023,2024,62,Lazio,SPA,186191859359.72,-97.81159019220999,4074640911.5347075,-97.50765321885565,4640546813.504801
COMP_01290,2023,2024,46,Campania,SPA,45268894465.69,-85.13711992458772,6728261495.9004545,-85.71354641880154,6467319594.562518
COMP_01291,2023,2024,10,Lazio,SRL,3253958952.13,-81.85477083060061,590438308.9421755,-78.1546866183874,710837530.4018358
COMP_01292,2023,2024,46,Liguria,SRL,1547415897.4,-24.47421364430246,1168698024.704424,-37.76808884663084,962986486.4430782
COMP_01293,2023,2024,71,Toscana,SRL,605794450.32,-10.84660742222596,540086304.508158,-7.4281143418880955,560795345.873418
COMP_01294,2023,2024,45,Veneto,SRL,98910630.08,433.20386184052757,527395299.35735846,370.2645365681939,465141616.16239256
COMP_01295,2023,2024,43,Lombardia,SNC,215944999.16,51.90672217344169,328034969.9214222,60.847094254726066,347341256.3372526
COMP_01296,2023,2024,25,Lombardia,SRL,290006385.67,181.23296438428358,815593555.3234591,192.69890216513934,848845507.0648901
COMP_01297,2023,2024,25,Lazio,SRL,128195805.02,556.0986089681431,841090893.491733,439.6453043951109,691802642.2219418
COMP_01298,2023,2024,45,Emilia-Romagna,SRL,815692506.12,-30.141633935810887,569829456.8834678,-36.05930168103401,521559484.5486024
COMP_01299,2023,2024,47,Puglia,SRL,1499266697.54,-25.920253195175622,1110652973.466684,-27.41832522648404,1088192878.396116
COMP_01300,2023,2024,25,Lazio,SRL,1463238534.82,-43.148455660565006,831873704.4148912,-46.04523403821507,789486926.9247818
COMP_01301,2023,2024,71,Friuli-Venezia Giulia,SRL,867693638.49,-34.16191112438175,571272908.8771319,-28.28621010766345,622255992.8158889
COMP_01302,2023,2024,56,Lazio,SRL,2245801000.31,-46.19064672373487,1208450994.138704,-42.73171281440576,1286131766.474479
COMP_01303,2023,2024,46,Sicilia,SAS,744511791.87,-42.185086641480254,430438847.41360337,-32.722602988987646,500888154.0101819
COMP_01304,2023,2024,62,Puglia,SRL,356403214.81,83.73836962750518,654849456.1919091,95.59507409441908,697107132.0825111
COMP_01305,2023,2024,25,Emilia-Romagna,SAS,610140789.19,-50.51484040607634,301929143.2782969,-50.17009376872974,304032583.13210934
COMP_01306,2023,2024,46,Puglia,SPA,5050935124.41,15.356205873389765,5826567120.645755,11.383695243760206,5625918185.932875
COMP_01307,2023,2024,47,Veneto,SRL,2236956498.46,-51.14027969767096,1092970688.4323294,-54.50997550725258,1017592059.0415592
COMP_01308,2023,2024,62,Lombardia,SPA,118524462.65,2627.4092685605256,3232647179.8276587,1734.442535665836,2174263158.020967
COMP_01309,2023,2024,62,Veneto,SRL,764778136.79,-15.666500664663848,644964164.9065908,-29.420989965838594,539772837.9040867
COMP_01310,2023,2024,41,Lazio,SNC,201298512.08,50.446068393275446,302845697.15852267,45.51190847644193,292913306.662289
COMP_01311,2023,2024,71,Emilia-Romagna,SRL,2772532184.0,-79.52575383069568,567655064.4753493,-82.52710609597793,484441606.965186
COMP_01312,2023,2024,25,Sicilia,SRL,1398065064.5,-41.28504418286997,820873284.9159055,-48.393994677128916,721485531.6030711
COMP_01313,2023,2024,68,Veneto,SRL,371319059.81,-39.548002095334645,224469790.2559643,-31.481005018556477,254424087.95635718
COMP_01315,2023,2024,41,Toscana,SAPA,1501517120.49,-76.9068258363837,346747963.7312719,-77.02231426818012,345013885.15566343
COMP_01316,2023,2024,56,Sicilia,SRL,559619888.33,108.39235854271044,1166205084.1649694,72.84610081079393,967281156.3401242
COMP_01317,2023,2024,10,Puglia,SRL,831335045.21,-29.558070753447907,585608444.34862,-38.85843746412671,508291236.54970264
COMP_01318,2023,2024,45,Lazio,SRL,77179279.8,694.8348929788901,613447846.0002081,673.1473922695875,596709589.1461484
COMP_01319,2023,2024,46,Lazio,SNC,173020313.95,140.69967615064718,416459335.352483,111.70449544849247,366291782.6712451
COMP_01320,2023,2024,46,Lombardia,SRL,76663979.41,1399.7442766456577,1149763643.4502804,1550.2011047195394,1265109835.1457803
COMP_01321,2023,2024,71,Lombardia,SRL,1191076356.65,-50.01038266056121,595414512.9098642,-46.70303281784334,634807574.9181778
COMP_01322,2023,2024,47,Emilia-Romagna,SRL,2616066867.3,-56.23142375607507,1145015221.406259,-59.23107217299721,1066542413.03567
COMP_01323,2023,2024,46,Lombardia,SPA,1980026778.73,160.94730879985843,5166826592.612463,143.78997536054683,4827106795.998096
COMP_01324,2023,2024,62,Sicilia,SRL,355919149.49,87.56972402239562,667596566.4412507,71.21602403117501,609390616.5223521
COMP_01325,2023,2024,77,Lombardia,SRL,458495378.75,21.811889719165563,558501885.1304204,30.281988645989056,597336897.2854595
COMP_01326,2023,2024,10,Lombardia,SRL,147834458.87,320.21209802864445,621218281.2269205,322.66335692887975,624842086.5575861
COMP_01327,2023,2024,82,Veneto,SPA,398381488.1,533.8668800107495,2525208309.1598654,578.076034539102,2701329396.8463445
COMP_01328,2023,2024,25,Toscana,SRL,133792716.41,470.8553103151279,763762826.4413445,526.4981324666069,838208869.6849934
COMP_01329,2023,2024,62,Piemonte,SRL,3360478670.26,-81.22153486203506,631046315.563522,-82.12907934810295,600548476.6860894
COMP_01330,2023,2024,41,Liguria,SRL,986689925.63,-15.447492144543467,834271076.877304,-18.939822586248418,799812604.2392915
COMP_01331,2023,2024,25,Puglia,SAS,213593404.12,49.874788659485745,320122663.0154513,48.80956344342006,317847412.214912
COMP_01332,2023,2024,45,Lombardia,SNC,285246723.84,-20.305220208091665,227326748.42792088,-26.48353929727196,209703295.63765275
COMP_01333,2023,2024,47,Lombardia,SRL,297415018.29,315.6782061924748,1236289412.9748929,274.6066901147882,1114136555.920461
COMP_01335,2023,2024,10,Toscana,SRL,553595743.27,4.560904791837891,578844718.052212,-4.623321877512262,528001230.15842146
COMP_01336,2023,2024,47,Lombardia,SRL,2330102309.67,-50.93945378694463,1143160920.447121,-48.99929191483576,1188368677.0404665
COMP_01337,2023,2024,71,Toscana,SRL,1127339319.71,-48.26331064872306,583248041.7731614,-43.17731283992805,640584494.8712966
COMP_01338,2023,2024,43,Lazio,SRL,762441145.39,8.779180047753968,829377226.3019457,4.88548870071808,799690121.3976539
COMP_01339,2023,2024,41,Lazio,SRL,511474460.7,65.70798217446486,847554008.1636963,50.156975932078154,768014582.8520255
COMP_01340,2023,2024,46,Lombardia,SNC,314593828.32,38.2524862933435,434933789.37781256,48.945681003083635,468573919.98489577
COMP_01341,2023,2024,10,Piemonte,SRL,73713352.92,719.9363315397973,604402561.787232,708.1475331410026,595712643.2185012
COMP_01342,2023,2024,62,Emilia-Romagna,SRL,1733774557.15,-63.64306707253413,630347252.8564941,-67.09639378365928,570474352.9637411
COMP_01343,2023,2024,62,Puglia,SRL,560511537.34,13.567449674078572,636558658.0860087,13.00631887183537,633413455.199867
COMP_01344,2023,2024,46,Veneto,SRL,6037332516.47,-80.26618682001258,1191395919.8548226,-79.0797931216758,1263022452.37786
COMP_01345,2023,2024,43,Campania,SRL,2832022382.51,-68.5975457350477,889324533.4409151,-66.17224565326455,958009574.6000472
COMP_01346,2023,2024,62,Lombardia,SRL,3725935497.78,-83.10628719771206,629448842.1934502,-85.3347294958567,546418519.5593355
COMP_01347,2023,2024,46,Campania,SRL,7767650106.74,-83.54874153276268,1277876195.8904333,-85.5306391479829,1123929323.6663015
COMP_01348,2023,2024,62,Lombardia,SPA,1154491480.35,169.3206836991631,3109284348.127209,154.3529700011832,2936483368.680851
COMP_01349,2023,2024,47,Lazio,SNC,271864599.64,56.664230190646705,425914582.18688965,52.778450288185724,415350522.2121725
COMP_01350,2023,2024,62,Emilia-Romagna,SRL,180959764.73,283.05794860658796,693180762.5780458,240.20026728506127,615625603.289878
COMP_01351,2023,2024,47,Liguria,SRL,984346089.68,17.268591722610235,1154328797.044318,34.347271874376624,1322442117.2871847
COMP_01352,2023,2024,45,Piemonte,SRL,225617077.68,157.00400944533112,579844935.6309873,136.97161956562985,534648442.9949412
COMP_01353,2023,2024,77,Puglia,SRL,1368672997.51,-56.99425300577751,588608046.4873916,-66.29221034406696,461349415.0782245
COMP_01354,2023,2024,46,Piemonte,SRL,709644199.38,70.78117962434965,1211938734.8369358,66.64626388681418,1182595545.1562645
COMP_01355,2023,2024,47,Emilia-Romagna,SPA,4271475451.75,40.068595420754065,5982995669.008534,7.907402229925712,4609238196.872409
COMP_01356,2023,2024,41,Umbria,SAPA,101358405.44,269.2938962878587,374310404.6646209,257.1439664708815,361995429.5400537
COMP_01357,2023,2024,47,Campania,SNC,1777400974.14,-74.6185162634012,451130739.18549263,-71.24202665107046,511144498.4467951
COMP_01358,2023,2024,46,Lombardia,SRL,2386713770.75,-51.63159413302483,1154415403.5193474,-55.98254523911439,1050570654.3117083
COMP_01359,2023,2024,41,Emilia-Romagna,SAS,61896042.19,422.3820879735977,323333837.56514096,459.18726803242487,346114787.34245807
COMP_01360,2023,2024,10,Umbria,SPA,1533142415.09,104.46535941257514,3134745149.320403,80.8124055153482,2772111680.7003336
COMP_01361,2023,2024,47,Lombardia,SRL,221884993.42,419.9756990682198,1153748045.6631184,398.21363869510935,1105461299.4361858
COMP_01362,2023,2024,56,Emilia-Romagna,SRL,6621568610.84,-79.42466856625147,1362409687.7933888,-77.13202341136194,1514218759.7274973
COMP_01363,2023,2024,46,Emilia-Romagna,SPA,51471396648.57,-86.47976669226715,6959052913.635252,-92.08707114976818,4072894995.021959
COMP_01364,2023,2024,41,Puglia,SRL,715698255.15,9.351202941173652,782624651.4355153,7.701337333573118,770816592.0695983
COMP_01365,2023,2024,47,Lazio,SRL,5790371441.79,-81.06655167001678,1096316985.045414,-80.97243412112536,1101766740.7181356
COMP_01366,2023,2024,25,Puglia,SRL,261302850.16,223.46769693190467,845230311.4299778,262.3072305006389,946719119.6339303
COMP_01367,2023,2024,46,Umbria,SRL,2538229760.41,-54.72451833904412,1149195749.687354,-56.97566101821845,1092056576.25526
COMP_01368,2023,2024,25,Lombardia,SRL,511088639.24,57.49434553194182,804935707.4591452,52.627202149734416,780060290.5771617
COMP_01369,2023,2024,41,Lombardia,SAS,552315008.44,-42.39275765940507,318173445.39550817,-46.989798411463696,292783299.3777853
COMP_01370,2023,2024,41,Sicilia,SRL,1480602609.33,-38.62749975428753,908682840.0490795,-47.041430785807144,784105957.6491735
COMP_01371,2023,2024,43,Lombardia,SRL,1376940362.94,-38.47203681693245,847203359.5625199,-50.06426253894582,687585324.6330049
COMP_01372,2023,2024,10,Emilia-Romagna,SRL,7181670450.23,-92.49145770400983,539238763.3141484,-91.36658171094813,620023650.1095908
COMP_01373,2023,2024,45,Piemonte,SRL,459457530.79,36.99331038571271,629426081.2456763,52.30310569596369,699768088.7471586
COMP_01374,2023,2024,46,Lombardia,SRL,6692192656.26,-83.50335659903234,1103987158.208958,-85.26564035086311,986051734.3864757
COMP_01375,2023,2024,46,Emilia-Romagna,SRL,1035058913.58,14.050616769076088,1180491074.8612883,-6.284281841538161,970012894.2246699
COMP_01376,2023,2024,43,Piemonte,SRL,579201956.8,43.78156404855016,832785632.4868478,56.42213404416944,906000061.2521483
COMP_01377,2023,2024,62,Sicilia,SRL,773416428.14,-18.234838896953292,632385188.4661005,-13.616036689088443,668107763.5250202
COMP_01378,2023,2024,25,Campania,SRL,21093828655.44,-96.21435378532001,798537726.025746,-96.69416423729037,697327331.4162307
COMP_01379,2023,2024,46,Emilia-Romagna,SRL,457987753.9,168.43226004629122,1229386878.5290163,162.01718550437107,1200006622.7234654
COMP_01381,2023,2024,10,Campania,SRL,694127968.16,-8.76158467425663,633311358.4819645,-15.759153802389369,584739274.0722653
COMP_01382,2023,2024,46,Sicilia,SAPA,604742833.65,-12.115635050689917,531474398.92976516,-10.056862613079844,543924677.7073735
COMP_01383,2023,2024,46,Lombardia,SRL,89482206.68,1164.3128175292827,1131335008.4632843,1136.245742730704,1106219970.58299
COMP_01384,2023,2024,68,Toscana,SRL,281070983.65,-12.83794781016252,244987237.45950255,-25.456547281945184,209520015.80130932
COMP_01385,2023,2024,46,Lombardia,SRL,922814538.82,21.77213660622752,1123730980.834019,21.405284560181048,1120345616.8171434
COMP_01386,2023,2024,77,Veneto,SRL,211900966.82,151.9933225022368,533976286.70408034,131.47782233206834,490503743.49553466
COMP_01387,2023,2024,10,Lazio,SNC,85176068.29,164.59382896077548,225370620.44675595,128.7543746122859,194843982.33612305
COMP_01388,2023,2024,25,Sicilia,SRL,5706063737.62,-84.84568925386542,864714630.1714362,-87.0455983686928,739186413.9096733
COMP_01389,2023,2024,10,Piemonte,SRL,1233473206.34,-50.2628247800158,613494729.9288831,-50.60860774272212,609229589.7318119
COMP_01391,2023,2024,46,Lazio,SRL,1424419350.26,-15.074132498051982,1209700490.0739164,-21.85319838734632,1113138163.7799327
COMP_01392,2023,2024,47,Lombardia,SPA,6939153116.56,-14.635709319082224,5923558837.214244,-13.368153843338423,6011516452.513447
COMP_01393,2023,2024,10,Sicilia,SRL,909200798.54,-39.311147554481124,551783531.0594199,-28.575755090890397,649389805.0647898
COMP_01394,2023,2024,71,Lombardia,SRL,594873854.59,-2.8934523293331473,577661463.1877718,-17.732449201877646,489388150.5095768
COMP_01395,2023,2024,62,Veneto,SRL,527202605.44,26.16069115969818,665122450.8350406,5.917887155729882,558401860.712007
COMP_01396,2023,2024,43,Piemonte,SRL,2393097104.1,-65.1577452117708,833808990.3402567,-65.29045128344595,830633205.182034
COMP_01397,2023,2024,10,Lombardia,SAS,250058484.62,-12.79112642208162,218073187.72311428,-18.702432503227346,203291465.31535137
COMP_01398,2023,2024,25,Emilia-Romagna,SRL,2639576500.5,-68.75636431609628,824699665.4141551,-67.06303239776413,869396456.8059165
COMP_01399,2023,2024,25,Puglia,SRL,586610445.59,37.01570523103301,803748438.9840437,26.183439203763708,740205234.9739851
COMP_01400,2023,2024,25,Lombardia,SRL,1158371232.72,-30.893772942945773,800506654.2470813,-41.47215233505288,677969750.4809316
COMP_01401,2023,2024,46,Lombardia,SRL,3550270971.03,-65.26267070397064,1233269318.1080303,-64.73340917968432,1252059536.3655987
COMP_01402,2023,2024,41,Lazio,SRL,413142782.13,121.27429449900198,914178776.4317063,147.1579444358426,1021115207.8975596
COMP_01403,2023,2024,43,Puglia,SRL,255836606.55,249.24628911140567,893499854.5644224,194.31676055310717,752970012.7069584
COMP_01404,2023,2024,82,Toscana,SRL,2117278357.58,-72.66361057035199,578787457.1377239,-74.44587908069536,541051871.6942606
COMP_01405,2023,2024,47,Piemonte,SRL,4140653576.71,-71.7185607787179,1171036424.661082,-76.05447221176212,991501352.8257586
COMP_01406,2023,2024,71,Emilia-Romagna,SRL,122188274.73,361.3687386799622,563738501.936608,344.26046573260714,542834198.3861356
COMP_01407,2023,2024,25,Veneto,SNC,158136416.71,94.94699535399332,308282192.9366152,109.46894314212393,331246680.8052621
COMP_01408,2023,2024,43,Liguria,SRL,298015040.09,159.63741910644558,773758558.638715,143.39176352054196,725344061.6315011
COMP_01409,2023,2024,46,Emilia-Romagna,SRL,909931718.66,26.96804709561446,1155322533.0861628,33.66379053513654,1216249226.4424703
COMP_01410,2023,2024,10,Lombardia,SRL,237594850.41,160.80969466065315,619670403.8837566,173.85973391619981,650676625.131419
COMP_01411,2023,2024,10,Lazio,SRL,580726854.52,-2.7741043981780567,564616885.3073596,-2.9867126154217276,563382212.2949094
COMP_01413,2023,2024,47,Lazio,SPA,857779719.89,565.8621467183153,5711630456.9739065,456.6130061763859,4774513485.251111
COMP_01414,2023,2024,45,Sicilia,SRL,533931214.86,11.11813172451446,593294390.6464351,-3.531416114008001,515075881.9007153
COMP_01415,2023,2024,46,Friuli-Venezia Giulia,SRL,246182531.32,375.17526586723363,1169798497.7184956,355.6282247665557,1121677097.138686
COMP_01416,2023,2024,45,Lazio,SRL,170604109.85,246.91727421282857,591855127.5866798,170.95275543938266,462256536.5314062
COMP_01417,2023,2024,10,Lazio,SRL,344837157.86,66.04393561544147,572581188.3751767,44.493086504647614,498265852.80681807
COMP_01418,2023,2024,43,Piemonte,SRL,1093486887.73,-20.79477139345675,866098789.2091215,-19.8601590902723,876318652.1955547
COMP_01419,2023,2024,41,Friuli-Venezia Giulia,SPA,36796704992.01,-87.19540711839797,4711668268.071012,-85.5246857337071,5326438687.234135
COMP_01420,2023,2024,25,Lombardia,SRL,1000478653.33,-19.255155225311,807834935.6352074,-26.98836360983163,730465836.5305527
COMP_01421,2023,2024,77,Sicilia,SRL,1230071919.93,-51.40610618234328,597739842.6515956,-60.09177661387711,490899849.6156352
COMP_01422,2023,2024,47,Lazio,SRL,2727015497.27,-59.83085980014428,1095418678.3701787,-63.17429289971156,1004242739.6041247
COMP_01423,2023,2024,56,Lazio,SRL,27373267504.5,-94.68531870138006,1454801928.88287,-94.46853906911203,1514141597.5188696
COMP_01424,2023,2024,43,Lombardia,SRL,462869593.3,79.42330580975566,830495925.8870313,113.1091950523038,986417664.4235023
COMP_01425,2023,2024,45,Sicilia,SRL,3732404359.86,-83.7598580377172,606147766.6476969,-85.43400435947301,543661856.3440473
COMP_01426,2023,2024,41,Lazio,SRL,2975513254.87,-69.18259168418321,916976069.2445381,-75.45015452015544,730483906.3028785
COMP_01427,2023,2024,25,Sardegna,SRL,146000985.63,463.41254640011,822587870.9072417,450.928598891584,804361184.4992619
COMP_01428,2023,2024,41,Emilia-Romagna,SRL,3062616626.72,-68.1251373597553,976204842.9642959,-74.46465073718375,782049852.2140334
COMP_01429,2023,2024,62,Emilia-Romagna,SRL,285806504.56,112.1381061651491,606304506.0703945,117.10871895238843,620510840.7328156
COMP_01430,2023,2024,47,Piemonte,SRL,4184729141.83,-67.28821083816582,1368899773.8692622,-71.85655285077894,1177727034.3689785
COMP_01431,2023,2024,46,Sicilia,SRL,90124302.43,1191.8185741236111,1164242478.5900772,1053.9100003087135,1039953338.448239
COMP_01432,2023,2024,46,Piemonte,SRL,6730577542.79,-83.72340361615896,1095508940.9413743,-81.61911082828357,1237139998.7566648
COMP_01433,2023,2024,71,Toscana,SRL,598294078.13,-7.740578645604586,551982654.4803524,-2.6847117319447347,582231606.8229133
COMP_01434,2023,2024,10,Lazio,SRL,350486609.15,73.0932608265991,606668700.5383124,49.20209184933702,522933352.50360984
COMP_01435,2023,2024,41,Lazio,SAS,282334969.07,4.583117008382158,295274711.05805767,9.26056549360004,308480783.79206276
COMP_01436,2023,2024,43,Lombardia,SRL,1678652677.49,-50.58166115017591,829562268.2736529,-53.599409177152886,778904760.2189022
COMP_01437,2023,2024,62,Puglia,SRL,276803219.04,129.85794395191303,636254188.0780543,84.06668041309285,509502496.56351024
COMP_01438,2023,2024,82,Lombardia,SRL,42271120.67,1199.6528057864953,549377805.8250502,1096.6960030391783,505856811.497758
COMP_01439,2023,2024,41,Toscana,SRL,1312932493.8,-25.347867747607992,980132101.6562045,12.330958546649752,1474829655.3559728
COMP_01440,2023,2024,68,Sicilia,SRL,87303276.54,198.35713370028384,260475553.51117632,204.0333381527994,265431065.9813318
COMP_01442,2023,2024,41,Toscana,SRL,213851585.22,302.6202959091633,861009885.2192006,279.56447371933353,811704643.9807451
COMP_01443,2023,2024,45,Piemonte,SRL,8793699451.07,-93.28705403075317,590316292.8482845,-90.37149250685817,846702010.570647
COMP_01444,2023,2024,45,Emilia-Romagna,SRL,110750698.28,386.27794841721027,538556223.4537185,344.8261124687505,492648025.6909193
COMP_01445,2023,2024,77,Lombardia,SPA,13477825337.88,-76.1213006872399,3218329386.331359,-72.05751618855454,3766039163.172012
COMP_01447,2023,2024,62,Veneto,SRL,603138826.61,12.944581002694358,681212620.5792317,8.196627163352165,652575867.5046388
COMP_01448,2023,2024,43,Sardegna,SRL,7285935943.7,-88.77442015279425,817888556.9763068,-90.22378835852412,712288517.9184754
COMP_01449,2023,2024,56,Toscana,SRL,302273492.65,296.68332233924167,1199068533.1948833,300.05088588541867,1209247785.1431208
COMP_01450,2023,2024,45,Piemonte,SRL,147957889.47,316.8456340959839,616756002.5562565,324.0801560338218,627460048.5287256
COMP_01451,2023,2024,46,Emilia-Romagna,SRL,750466587.61,52.774204008151074,1146519355.5683112,45.942890240855995,1095252628.2499597
COMP_01452,2023,2024,62,Emilia-Romagna,SRL,1453025851.92,-56.88956209589499,626405807.6225644,-58.75197411309949,599344479.5433183
COMP_01453,2023,2024,62,Liguria,SRL,408765582.93,54.377197956511075,631040853.1379325,31.91734749069377,539232714.4561281
COMP_01454,2023,2024,68,Lazio,SAS,121450433.95,-25.077176399928202,90994094.38988021,-8.631876249461168,110966982.78700243
COMP_01455,2023,2024,10,Friuli-Venezia Giulia,SAPA,713131673.33,-66.03278726153518,242230952.58537507,-60.99904549408958,278128159.482671
COMP_01456,2023,2024,47,Toscana,SRL,804084874.37,58.055367153680365,1270899300.412713,50.460832817653035,1209832798.5378811
COMP_01457,2023,2024,25,Toscana,SRL,286061135.93,186.66944623629593,820049874.2677888,158.2972133208332,738887942.5011108
COMP_01458,2023,2024,45,Lombardia,SRL,157774812.04,246.82147570672348,547196931.4106371,269.53519834844593,583033464.6159017
COMP_01459,2023,2024,46,Toscana,SRL,2728651122.4,-59.034304284031634,1117810915.9527397,-62.76019995997101,1016144221.7717669
COMP_01460,2023,2024,45,Campania,SRL,382861609.67,56.25538840200854,598241895.2320404,41.42163483138575,541449147.5370729
COMP_01461,2023,2024,46,Toscana,SRL,1124584493.42,8.922418927142441,1224924633.112615,-5.88986646911492,1058347968.4251896
COMP_01462,2023,2024,82,Lazio,SAS,377662078.08,-45.17384617523469,207057591.86594608,-26.35156878789068,278142195.78897136
COMP_01463,2023,2024,25,Toscana,SRL,5997785073.87,-86.47691140702052,811085789.1559397,-85.69763994663106,857824816.4921075
COMP_01464,2023,2024,47,Lombardia,SRL,111043307.57,963.6269677943181,1181086565.2453094,807.1767903380717,1007359113.4987588
COMP_01465,2023,2024,45,Lazio,SRL,3414603730.84,-79.34649648145853,705235301.6932881,-83.19437401490075,573845531.8782152
COMP_01466,2023,2024,25,Sicilia,SPA,6741962108.57,-36.564296184136865,4276811114.570186,-26.541492247930215,4952544758.165501
COMP_01467,2023,2024,25,Campania,SRL,1010590230.35,-24.519753579673182,762795996.1679285,-29.3956338203302,713520826.8122826
COMP_01468,2023,2024,71,Emilia-Romagna,SRL,345876265.71,69.61228284851934,586648630.1019415,81.96970329175191,629390014.4690784
COMP_01470,2023,2024,71,Liguria,SPA,1919530303.54,64.58901626087152,3159336043.425807,89.84103557245203,3644056206.3673677
COMP_01471,2023,2024,82,Puglia,SRL,505250891.19,2.2615859636743445,516677574.4264926,4.336183303732416,527159495.97574
COMP_01472,2023,2024,41,Emilia-Romagna,SAS,47094492.26,550.0189521071396,306123125.08862996,569.5524780816846,315322339.96681714
COMP_01473,2023,2024,43,Campania,SRL,600460222.63,48.33018253524006,890663744.2785878,57.46068736237867,945488793.8908672
COMP_01474,2023,2024,47,Lombardia,SRL,1065545196.82,11.828075007360276,1191578681.9371943,20.991887783374345,1289223248.8175898
COMP_01475,2023,2024,46,Toscana,SRL,606026530.19,86.31318204063022,1129107312.4074097,94.36418442350138,1177898522.793838
COMP_01476,2023,2024,45,Veneto,SRL,76119869.65,627.8482138702515,554037111.6478887,617.3158221442426,546019868.7950233
COMP_01477,2023,2024,43,Veneto,SRL,28194855.54,2773.1464448089328,810079489.5665243,2878.227318860303,839706890.2054776
COMP_01478,2023,2024,47,Veneto,SAS,238925462.34,73.91261059114703,415521508.92246187,41.75651922183802,338692418.94786745
COMP_01479,2023,2024,46,Piemonte,SRL,8197978261.24,-84.83638812686212,1243109604.9786508,-85.8214629579722,1162353384.4672997
COMP_01481,2023,2024,46,Lazio,SRL,1904390508.84,-38.95930320709203,1162453236.2539418,-37.70785646892474,1186285669.1587873
COMP_01482,2023,2024,46,Sicilia,SRL,439578288.11,159.8632212642341,1142302299.4608219,140.7876722776562,1058450327.7780383
COMP_01483,2023,2024,46,Lazio,SRL,11210660606.95,-90.50267373823435,1064713013.9412777,-88.50304719184348,1288884359.463635
COMP_01484,2023,2024,41,Lombardia,SRL,194181964.09,348.9217754984455,871725120.890582,303.9693295154694,784435578.3743426
COMP_01485,2023,2024,56,Campania,SRL,4633807039.69,-72.30541789527985,1283313495.1812494,-75.23393557083428,1147611636.9728417
COMP_01486,2023,2024,10,Campania,SRL,1026107584.04,-38.43112252268484,631762921.2030263,-36.13232961848105,655351009.5344347
COMP_01487,2023,2024,43,Toscana,SNC,40845758.92,659.0754392436658,310050123.93439883,670.0100225107078,314516437.4545615
COMP_01488,2023,2024,62,Campania,SRL,637047151.12,6.095855679041223,675880626.0597188,4.78565592499416,667534035.8525808
COMP_01489,2023,2024,46,Piemonte,SPA,1131466661.46,455.83226468701514,6289056768.571681,402.80368309514705,5689056046.814579
COMP_01490,2023,2024,41,Lombardia,SRL,2579052532.72,-65.7124409513313,884294160.0525554,-71.97790505844455,722704549.3113887
COMP_01491,2023,2024,47,Campania,SRL,315993238.22,304.1677224688973,1277142674.0694911,288.48364861706466,1227582061.220269
COMP_01492,2023,2024,46,Lombardia,SRL,1912005771.26,-38.14258397591724,1182717364.3327703,-17.252200712182738,1582142697.9737072
COMP_01493,2023,2024,62,Lazio,SRL,803764320.61,-16.142923310009664,674013262.7407075,-3.534711279319797,775353572.5102502
COMP_01494,2023,2024,56,Emilia-Romagna,SAS,107819614.52,301.6803651161014,433090221.2707091,229.19337520359935,354935028.16989803
COMP_01495,2023,2024,47,Toscana,SRL,371293180.98,239.9196938548374,1262098644.0911033,274.9795933080796,1392273660.019436
COMP_01496,2023,2024,46,Emilia-Romagna,SRL,2376910205.17,-54.28897206825364,1086510087.7977884,-54.63872217226809,1078196841.8828764
COMP_01497,2023,2024,25,Piemonte,SAS,640613024.98,-49.75557930554508,321872303.2944248,-59.441078396838044,259825734.58128247
COMP_01498,2023,2024,41,Campania,SRL,1029886869.0,-22.15339466947077,801731966.2613746,-32.15985994894332,698676694.2970426
COMP_01499,2023,2024,45,Emilia-Romagna,SRL,1062869397.66,-41.02719656447282,626803880.6584035,-46.27825460478641,570991991.6945454
COMP_01500,2023,2024,47,Sicilia,SRL,1025423463.08,11.916193077672116,1147614902.8043647,10.733163018325966,1135483835.00054
COMP_01501,2023,2024,46,Piemonte,SPA,3347002044.66,81.21819301973943,6065376625.666584,48.40211778354863,4967021916.534114
COMP_01502,2023,2024,41,Lazio,SRL,268948678.85,209.564982044386,832570929.3906159,201.15115442647496,809942051.1715277
COMP_01503,2023,2024,10,Lombardia,SRL,3925456873.37,-85.50683917839049,568922777.6404383,-84.66333543926866,602034153.1449289
COMP_01504,2023,2024,46,Campania,SRL,526326259.86,127.6803049376156,1198341233.4159951,159.72596116638357,1367005937.2924628
COMP_01505,2023,2024,41,Campania,SNC,1115670045.4,-70.76021413546324,326219532.2297401,-74.19003067849191,287954096.4469955
COMP_01506,2023,2024,56,Liguria,SRL,437416011.41,172.60156889021155,1192402909.680647,193.945860729865,1285766259.7093692
COMP_01507,2023,2024,10,Sicilia,SRL,138305713.24,309.11859453881084,565834390.1743661,288.6826189927002,537570268.4377657
COMP_01508,2023,2024,46,Emilia-Romagna,SRL,2327153566.07,-47.460578825740534,1222673013.449316,-48.897923972434896,1189223784.611284
COMP_01509,2023,2024,71,Veneto,SNC,323130965.32,-34.98047475285838,210098219.57756984,-35.6733991433226,207859166.30572507
COMP_01510,2023,2024,41,Veneto,SPA,1885965717.38,136.5953661333397,4462107494.184478,113.95060211471984,4035035008.011706
COMP_01511,2023,2024,46,Puglia,SAPA,98034477.29,367.26554452405406,458081334.1304286,363.314602783569,454208049.0471117
COMP_01512,2023,2024,25,Sardegna,SRL,2910147839.93,-72.58354353463105,797859415.6122831,-74.8620462620426,731551617.70777
COMP_01513,2023,2024,47,Lazio,SRL,5144298560.9,-73.3949678286234,1368642287.1191087,-75.90653795631442,1239439621.1843045
COMP_01514,2023,2024,46,Lombardia,SRL,702921892.88,70.5540372424703,1198861666.9680324,42.51982494485011,1001803051.2316028
COMP_01515,2023,2024,45,Lazio,SPA,2903743469.61,8.751611530789077,3157867817.9209237,1.2522873119664781,2940106680.6519814
COMP_01516,2023,2024,46,Toscana,SRL,233867395.32,400.6276535986021,1170804853.722683,461.2124036826308,1312492830.7053323
COMP_01517,2023,2024,68,Emilia-Romagna,SRL,123622378.67,89.18872697452481,233879604.4613995,99.80103789407312,246998795.65200126
COMP_01518,2023,2024,41,Lombardia,SPA,7033371821.12,-37.65218330678947,4385153770.383821,-34.19421310238403,4628365672.323198
COMP_01519,2023,2024,10,Friuli-Venezia Giulia,SRL,379607692.66,69.35745101620019,642893912.1503873,93.92923556318847,736170296.514596
COMP_01520,2023,2024,68,Lazio,SRL,542882857.64,-55.37155401570671,242280182.87985528,-49.38424790732922,274784241.3766692
COMP_01521,2023,2024,46,Friuli-Venezia Giulia,SRL,1413293369.33,-5.114533537820465,1341010005.9678242,9.736011440784276,1550891773.4598143
COMP_01522,2023,2024,68,Campania,SRL,55008969.9,380.13176624225565,264115538.77254078,327.4635976572164,235143321.76871526
COMP_01523,2023,2024,47,Lazio,SPA,14204340897.13,-52.07907884496456,6806851001.906119,-60.48976304782737,5612168745.950427
COMP_01524,2023,2024,62,Piemonte,SRL,316838280.65,103.77393405705602,645633829.079241,75.42170915648768,555803127.1782591
COMP_01525,2023,2024,45,Lombardia,SRL,1268762565.63,-54.27144307003647,580186812.1301805,-55.817753010216144,560567810.4605651
COMP_01526,2023,2024,56,Lombardia,SRL,577259879.56,109.1305331334411,1207226663.689288,78.11574272893114,1028190721.9544272
COMP_01527,2023,2024,71,Lombardia,SRL,172727131.06,210.4207197356379,536180803.4151706,251.61096359923897,607327529.9173864
COMP_01528,2023,2024,46,Veneto,SRL,1483890647.46,-28.43009589353108,1062019113.4319828,-41.59275138441482,866699699.6453788
COMP_01529,2023,2024,41,Sicilia,SRL,396338648.58,127.09812705107574,900077647.7047249,134.546730426326,929599341.660276
COMP_01530,2023,2024,41,Lombardia,SRL,2538211790.73,-66.3333853287168,854529983.1261462,-68.58903732990936,797276758.0740396
COMP_01531,2023,2024,41,Emilia-Romagna,SRL,39568478.63,2089.624686567729,866401176.1817564,1879.415714566726,783224684.0171968
COMP_01532,2023,2024,41,Puglia,SRL,1558627299.87,-36.31981019551328,992536822.9017624,-46.902134139897,827597832.9439179
COMP_01533,2023,2024,43,Lombardia,SRL,1390220671.28,-37.27535082561879,872011038.8101075,-42.01660299203101,806097171.1151339
COMP_01535,2023,2024,46,Lazio,SPA,20532597693.31,-69.67301590024357,6226917637.71708,-73.25388597598135,5491671991.145716
COMP_01536,2023,2024,45,Lombardia,SPA,3028096040.84,-2.5978536778350434,2949430536.474661,-12.274391183831082,2656415687.365197
COMP_01537,2023,2024,47,Toscana,SRL,1949739873.21,-41.66530621348227,1137374784.6706927,-39.225211274899124,1184950288.6324272
COMP_01538,2023,2024,25,Lombardia,SRL,622253642.1,28.412575235912076,799051926.3198656,26.710343572492867,788459727.7972602
COMP_01539,2023,2024,25,Sicilia,SRL,934267711.06,-17.51138092365727,770664533.3295497,-17.308194096594132,772562842.2479279
COMP_01540,2023,2024,41,Puglia,SRL,566841567.06,54.29064856587532,874583530.157845,38.218266284832296,783478586.572107
COMP_01541,2023,2024,46,Lazio,SRL,151576377.59,658.0008041530733,1148950161.0382988,669.377651418676,1166194774.0074463
COMP_01542,2023,2024,41,Liguria,SRL,2447887257.51,-64.46733251368973,869799639.6507884,-67.73273475677648,789866274.2358217
COMP_01543,2023,2024,41,Lombardia,SAPA,91946949.28,271.05428630481185,341173096.4299513,282.6107628558625,351798924.062901
COMP_01544,2023,2024,45,Sicilia,SRL,2236850203.84,-71.42445197510996,639192204.2431499,-72.62972767807767,612231992.2244831
COMP_01545,2023,2024,62,Piemonte,SRL,119122803.09,448.6947051949947,653620513.2346896,374.05359365058484,564705928.905455
COMP_01546,2023,2024,10,Veneto,SPA,1124197461.85,135.21711352884998,2644304820.1281643,118.22407123314677,2453269469.948772
COMP_01548,2023,2024,47,Lazio,SPA,20250454075.94,-70.34117557171191,6006046620.314152,-70.82426893792035,5908218020.0462
COMP_01549,2023,2024,62,Emilia-Romagna,SPA,1179103506.37,182.72522525652806,3333623044.392203,223.51690733832854,3814599198.126015
COMP_01550,2023,2024,71,Sardegna,SNC,756442668.72,-71.03357869248966,219114370.37121,-77.208625296621,172403683.04421514
COMP_01551,2023,2024,10,Emilia-Romagna,SRL,2354059026.83,-74.03935134327305,611128993.1273019,-74.00947839122934,611832220.0514673
COMP_01552,2023,2024,25,Veneto,SRL,1537227194.52,-48.615298576528005,789899604.1045171,-53.736345172859714,711177483.1816652
COMP_01553,2023,2024,68,Emilia-Romagna,SRL,153056440.76,59.47302016370017,244083728.6350366,89.02757919523717,289318884.77102023
COMP_01554,2023,2024,46,Lombardia,SRL,655143996.87,83.36454748184296,1201301825.2151349,58.51032668178063,1038470889.6747117
COMP_01555,2023,2024,46,Lombardia,SRL,190406091.01,504.8259997026503,1151625543.4459705,571.0117666634853,1277647275.1210847
COMP_01556,2023,2024,47,Emilia-Romagna,SRL,5252369773.16,-76.8912766069844,1213755602.457905,-77.61980310609059,1175490696.8293915
COMP_01557,2023,2024,47,Campania,SRL,326525297.27,294.8904206158478,1289417119.8066504,289.2989062373044,1271159410.8602166
COMP_01558,2023,2024,71,Veneto,SRL,324782759.99,73.13659961776726,562317826.7914203,51.743879814122124,492837960.97621435
COMP_01559,2023,2024,82,Umbria,SPA,3910111481.42,-33.58074636154384,2597066862.3907456,-34.597487355654245,2557311156.0437307
COMP_01560,2023,2024,56,Campania,SPA,14805057160.49,-53.81036403159155,6838402007.34512,-52.871695724602624,6977372386.742233
COMP_01561,2023,2024,41,Lombardia,SRL,1187076085.79,-26.931910235582823,867373819.936967,-17.102573745220123,984055522.8058927
COMP_01562,2023,2024,68,Veneto,SRL,2189840737.42,-88.86468026403679,243845767.82009175,-90.26984190948731,213074965.68141493
COMP_01564,2023,2024,41,Veneto,SRL,979819302.68,-10.810097461909729,873899881.1096877,-9.573148522690769,886019745.5804505
COMP_01565,2023,2024,68,Campania,SAS,112397177.86,-11.524950999769136,99443458.18651164,1.4871443889907445,114068686.18392894
COMP_01566,2023,2024,41,Toscana,SAS,99208162.54,212.953682065469,310475597.57842535,218.02784317857532,315509579.58305734
COMP_01567,2023,2024,41,Lazio,SRL,4031287374.49,-80.10558190949581,802001164.71075,-82.21690588224199,716887627.9628527
COMP_01568,2023,2024,25,Emilia-Romagna,SPA,33056103416.92,-88.64491204173419,3753549618.5665736,-88.43008562979233,3824562859.464936
COMP_01569,2023,2024,62,Piemonte,SRL,1022322050.44,-39.12742512906191,622313755.5761985,-35.960621727913114,654688685.0402265
COMP_01570,2023,2024,46,Liguria,SRL,7272459235.21,-85.02977271991938,1088703676.3621492,-84.20006731566431,1149043663.658934
COMP_01571,2023,2024,47,Lombardia,SRL,5878888773.66,-79.62042322046987,1198092651.411217,-80.15506241016725,1166661808.1085112
COMP_01572,2023,2024,41,Puglia,SRL,550067034.44,51.56676803325675,833718826.1170894,36.058601723116354,748413515.598877
COMP_01573,2023,2024,56,Emilia-Romagna,SPA,2114297746.79,184.1148430564016,6007033725.037444,137.8065628483688,5027938800.021807
COMP_01574,2023,2024,56,Lombardia,SRL,763771184.65,68.40300581207262,1286213632.4770753,77.21085232790887,1353485426.1532316
COMP_01575,2023,2024,43,Lazio,SRL,770974765.01,7.366713814069323,827770269.5269802,9.956054886575814,847733435.7760445
COMP_01576,2023,2024,45,Lazio,SRL,515897542.86,17.24395938948905,604858705.6421503,7.527146565368512,554729907.038207
COMP_01577,2023,2024,41,Toscana,SPA,1920306667.61,118.82946541463797,4202196815.052612,77.68876364224872,3412169175.8158755
COMP_01578,2023,2024,77,Emilia-Romagna,SAS,115404679.31,80.8210064843111,208675902.65833354,116.89217831816556,250303722.83655232
COMP_01579,2023,2024,47,Sicilia,SPA,1613144636.35,304.7172457090934,6528674541.53969,164.30726521240973,4263658472.2573566
COMP_01580,2023,2024,71,Lombardia,SRL,316085265.06,88.39929015679718,595502395.6632708,87.27412005707141,591945898.7711768
COMP_01581,2023,2024,43,Campania,SRL,1504175440.04,-47.670256926336684,787131143.1500765,-59.23051444820435,613244588.7007664
COMP_01582,2023,2024,62,Emilia-Romagna,SRL,3990233663.64,-83.99099589591222,638796670.9748199,-84.14051546303449,632830490.8737781
COMP_01583,2023,2024,56,Piemonte,SRL,12574181753.89,-89.2513095445252,1351559874.034428,-88.97144507888082,1386750540.6091068
COMP_01584,2023,2024,47,Lombardia,SRL,3527799164.79,-67.11499174136048,1160117046.6894076,-65.01691625522612,1234132936.1659193
COMP_01586,2023,2024,45,Toscana,SRL,367227582.16,59.568275171640316,585978718.8072304,66.18970728872465,610294443.8751649
COMP_01587,2023,2024,25,Campania,SPA,3010883765.95,36.91282261659325,4122285949.666926,39.51198497220918,4200543707.0828495
COMP_01588,2023,2024,47,Campania,SRL,7168337351.68,-84.47157060247793,1113130204.6318316,-83.57016237168533,1177746187.530856
COMP_01589,2023,2024,56,Puglia,SRL,235327605.74,421.79392094090406,1227925141.0470982,294.9203112914397,929356513.1431
COMP_01590,2023,2024,46,Toscana,SRL,4388671488.97,-75.51529313907668,1074553349.1632237,-72.8959606478829,1189507247.4055724
COMP_01591,2023,2024,41,Lombardia,SPA,2280496601.67,83.98406692801072,4195750393.907543,52.72282054727658,3482838732.555215
COMP_01592,2023,2024,46,Lazio,SPA,80772837315.26,-92.95030628689831,5694237634.10775,-95.11296526651778,3947396614.8158484
COMP_01593,2023,2024,43,Lazio,SAS,218379741.72,43.033029580603724,312355160.5724136,14.052059716203294,249066593.43458492
COMP_01594,2023,2024,45,Puglia,SRL,2512291528.75,-77.43695428391791,566849486.1531202,-78.03928655230943,551717143.5993922
COMP_01595,2023,2024,47,Liguria,SAPA,653118432.52,-26.629201159203735,479198211.3164109,-27.956831929538296,470527210.0395486
COMP_01596,2023,2024,56,Lombardia,SRL,1225897658.77,-0.5617220765069755,1219011520.9853067,9.62437004733094,1343882585.851591
COMP_01597,2023,2024,41,Lazio,SRL,2727841198.36,-67.5179026989956,886060032.26818,-73.6006841284689,720131414.4288157
COMP_01599,2023,2024,41,Emilia-Romagna,SRL,1070689090.58,-17.643827113443468,881778558.5155647,-18.173937684568504,876102722.4625176
COMP_01600,2023,2024,41,Lombardia,SRL,307670041.63,178.69481553585186,857460454.9798071,168.8610604226597,827204936.5292566
COMP_01601,2023,2024,62,Lombardia,SRL,375672501.36,73.31430501766745,651094184.8745713,55.67715046047515,584836245.1808378
COMP_01602,2023,2024,71,Lombardia,SRL,213143478.18,167.74098629320378,570672450.6987716,126.1152603274184,481949930.55762124
COMP_01603,2023,2024,43,Campania,SAS,106572363.31,188.96411401446994,307955885.4230235,196.18130553289342,315647416.9888163
COMP_01604,2023,2024,56,Lazio,SRL,932467406.16,37.19587754317268,1279306840.6852722,12.120037672531375,1045482807.0706681
COMP_01605,2023,2024,68,Sicilia,SRL,403967993.15,-39.060281770980694,246176956.76103398,-32.71555145162047,271807636.5029331
COMP_01606,2023,2024,62,Lazio,SRL,184185115.95,217.47631424198414,584744117.5003848,243.80907481595983,633245143.0963979
COMP_01607,2023,2024,41,Veneto,SRL,5762989444.0,-86.24150078711313,792900857.2914932,-87.353510361055,728815862.9289542
COMP_01608,2023,2024,77,Lombardia,SRL,1154190961.65,-51.48896482582447,559909983.3831863,-51.62559628610916,558332995.4178101
COMP_01609,2023,2024,43,Sicilia,SRL,6940398335.22,-88.28230552723294,813254672.1140914,-89.2817154236436,743891644.3015817
COMP_01610,2023,2024,43,Emilia-Romagna,SRL,1055060026.7,-20.501036327315287,838761787.3512506,-36.09295824137839,674257651.8416933
COMP_01611,2023,2024,10,Toscana,SRL,1517570224.88,-63.275180246650216,557324929.717685,-69.85762500680963,457431707.968332
COMP_01612,2023,2024,46,Sicilia,SAS,171928629.3,141.91733718571717,415925161.86246276,130.5222968849977,396333825.2652532
COMP_01613,2023,2024,25,Lombardia,SRL,220859592.15,267.90509580376875,812553694.0912704,233.4463978564695,736448354.3446649
COMP_01614,2023,2024,41,Lombardia,SRL,1113273505.96,-20.96642208776031,879859883.709219,-24.174158210601853,844149007.3125156
COMP_01615,2023,2024,43,Toscana,SRL,312836443.83,165.21460890837875,829687951.0266144,187.2533468349374,898633155.0210739
COMP_01616,2023,2024,62,Lombardia,SRL,1867927382.07,-67.55999180337835,605955795.8504481,-64.76907315370083,658088129.5190727
COMP_01617,2023,2024,68,Toscana,SPA,11892696432.92,-91.0950919949919,1059033676.6664052,-92.97559701257326,835390923.5196261
COMP_01618,2023,2024,43,Liguria,SNC,50900694.97,599.6985126332794,356151405.62509245,470.68623973804927,290483262.1248274
COMP_01619,2023,2024,62,Puglia,SRL,8978444060.8,-92.91269787787022,636329456.4553145,-93.24665162372722,606345606.1945959
COMP_01620,2023,2024,62,Piemonte,SAS,2773797023.82,-91.04010653741153,248529258.20272166,-91.89627423939373,224780903.9662313
COMP_01621,2023,2024,56,Lazio,SRL,179487937.26,587.4028662124673,1233805225.230875,343.9082718057951,796761800.3907357
COMP_01622,2023,2024,25,Liguria,SRL,561523490.08,43.68234080013003,806810094.68953,41.373352641909,793844583.7979534
COMP_01623,2023,2024,47,Sardegna,SRL,3840415690.49,-69.09372754290656,1186929336.7878053,-70.30659006594236,1140350374.1490662
COMP_01624,2023,2024,71,Lombardia,SRL,79940808.66,615.1604082714466,571705013.5883518,433.15104746096495,426205258.7195558
COMP_01625,2023,2024,47,Toscana,SRL,2484380408.82,-53.92745266114731,1144617339.9307766,-46.547062164926594,1327974315.5132973
COMP_01626,2023,2024,43,Lombardia,SAS,926345593.68,-67.00659357387487,305632966.6333442,-75.50662654910035,226893285.7059959
COMP_01628,2023,2024,47,Lazio,SAS,1103949666.3,-61.83596860721239,421311697.207306,-62.21064408670076,417175468.50178623
COMP_01629,2023,2024,46,Piemonte,SPA,5454922052.32,30.228214075627218,7103847567.953887,-20.790817214126857,4320799179.249051
COMP_01630,2023,2024,25,Veneto,SRL,1599924637.94,-50.3115833518939,794977220.1553302,-56.05841653217853,703032220.2026454
COMP_01631,2023,2024,43,Lombardia,SRL,374925741.92,132.836361108264,872963454.3446891,138.69518385280446,894929688.9874352
COMP_01632,2023,2024,62,Toscana,SRL,572292846.71,18.876270821613232,680320394.3476995,13.384634869214658,648892154.6247679
COMP_01633,2023,2024,68,Veneto,SAPA,436343705.91,-77.97298455120641,96113495.5106342,-74.22835016681105,112452971.95628501
COMP_01634,2023,2024,25,Friuli-Venezia Giulia,SRL,199575377.99,302.76843748509646,803826631.5352981,287.5553774656589,773465109.4976602
COMP_01635,2023,2024,77,Lombardia,SRL,786426883.41,-28.135063489210623,565165180.4663761,-27.225644644109867,572317094.7470452
COMP_01636,2023,2024,43,Campania,SRL,430733311.09,92.67444564453105,829913019.3489908,116.05060146227557,930601909.3083194
COMP_01637,2023,2024,47,Lombardia,SRL,791599268.68,42.048217933699654,1124452654.336139,43.62272185552156,1136916415.866619
COMP_01638,2023,2024,56,Lombardia,SRL,1447923549.3,-15.998307457424177,1216280288.1345372,-20.424756766187908,1152188686.19512
COMP_01639,2023,2024,62,Friuli-Venezia Giulia,SRL,1884349246.16,-66.50990798536498,631070296.4160655,-68.29127832262779,597503057.8945359
COMP_01640,2023,2024,71,Sicilia,SRL,1242407342.15,-54.524252333846455,564994027.901899,-39.79274440015711,748019364.0794652
COMP_01641,2023,2024,43,Emilia-Romagna,SRL,973706239.46,-11.37503114461296,862946851.4643854,-16.410888964621115,813912389.6606317
COMP_01642,2023,2024,62,Sicilia,SRL,75301934.17,780.2179083599189,662821109.905737,870.8008368290172,731031807.0707955
COMP_01643,2023,2024,25,Emilia-Romagna,SRL,7836964674.23,-90.31661387780736,758883549.6655285,-91.41260375173034,672991210.413045
COMP_01644,2023,2024,47,Lazio,SRL,77935001.38,1342.6319542854333,1124315233.4806733,1349.7187301259507,1129838312.3297782
COMP_01645,2023,2024,56,Veneto,SRL,3477737504.37,-64.10352228805624,1248385268.1360862,-59.67721686624578,1402320551.8483512
COMP_01646,2023,2024,47,Lazio,SRL,6081826739.57,-81.63609422453305,1116860931.8817883,-82.89116400152466,1040529762.5844517
COMP_01647,2023,2024,41,Veneto,SRL,606239409.59,44.91432402944503,878527742.4074471,40.08841772411494,849271196.5146474
COMP_01648,2023,2024,68,Veneto,SRL,21280437.91,926.1524765167424,218369740.62707266,1034.076611606973,241336469.18485376
COMP_01649,2023,2024,25,Puglia,SRL,10896037863.64,-92.52999627016747,813934434.8178735,-92.41271699479583,826713229.0685699
COMP_01650,2023,2024,10,Lazio,SRL,196513663.42,205.9289970550493,601192279.5769413,230.16745856214493,648824168.2411814
COMP_01651,2023,2024,56,Lombardia,SRL,1691280169.4,-25.811132998402353,1254741595.5005615,-24.866438003932267,1270719034.6033485
COMP_01652,2023,2024,46,Lombardia,SRL,861367281.0,33.317976105061874,1148357425.8604012,30.665976303372606,1125513967.276465
COMP_01653,2023,2024,62,Campania,SPA,2669920033.23,34.9367260737324,3602702681.62727,12.845264471721785,3012878322.6818757
COMP_01654,2023,2024,43,Lazio,SPA,1237948007.81,227.54897903728474,4054886060.594061,172.20874186812372,3369802697.041103
COMP_01655,2023,2024,25,Friuli-Venezia Giulia,SPA,1994510269.68,111.77204036251808,4223815093.341298,135.161258113813,4690315443.388693
COMP_01656,2023,2024,62,Liguria,SPA,415917622.98,633.307192727947,3049953845.1354446,592.2537162702492,2879205201.7019343
COMP_01657,2023,2024,46,Lombardia,SRL,2532757713.74,-54.510135488043304,1152148052.396458,-63.28043778291471,930017544.5047859
COMP_01658,2023,2024,41,Campania,SRL,71994025.46,1070.3113092461151,842554221.9399074,859.768031275619,690975640.7935098
COMP_01659,2023,2024,56,Piemonte,SRL,7078529689.76,-84.68703158790382,1083933015.4337986,-83.83026522751729,1144579476.6256347
COMP_01660,2023,2024,46,Emilia-Romagna,SRL,2523018809.83,-52.03269784404518,1210224055.9627311,-55.494446226943545,1122883493.1132195
COMP_01661,2023,2024,47,Sicilia,SRL,561391690.88,113.45829782457216,1198337147.481032,167.86826896480966,1503790204.472531
COMP_01662,2023,2024,46,Umbria,SPA,1678541112.5,265.4079176809897,6133522126.605569,163.75086817787314,4427166756.94128
COMP_01663,2023,2024,62,Piemonte,SRL,875050098.62,-27.54549200473829,634013243.6671734,-20.705184129622733,693869364.4742837
COMP_01664,2023,2024,62,Lombardia,SRL,2264454164.25,-71.01847310977405,656273392.5289552,-72.75517938687773,616946474.9162899
COMP_01665,2023,2024,47,Emilia-Romagna,SRL,675671259.63,75.99855645715947,1189171663.344706,38.88608486279688,938413359.0432504
COMP_01666,2023,2024,25,Lombardia,SRL,874152588.95,-6.073771338542047,821058559.5472317,8.207338657440864,945897252.3079135
COMP_01667,2023,2024,62,Friuli-Venezia Giulia,SRL,373449185.58,59.84670047934406,596946201.1166123,32.85559768167532,496148147.53965783
COMP_01668,2023,2024,47,Lazio,SAS,738614175.19,-41.24056302651203,434005530.7480161,-40.92196840594879,436358715.77688897
COMP_01669,2023,2024,47,Veneto,SRL,4038085759.32,-71.21611057070068,1162318140.0229504,-71.7787149968643,1139599690.808734
COMP_01670,2023,2024,43,Campania,SPA,4156853770.56,13.16145160100216,4703956067.696688,-1.6700410204250777,4087432607.4325614
COMP_01671,2023,2024,68,Emilia-Romagna,SRL,123109894.38,83.42692590475393,225816694.7458234,82.57602660347982,224769153.5147447
COMP_01672,2023,2024,56,Emilia-Romagna,SAS,1061178768.41,-56.574678327021125,460820293.70739806,-60.61044078213728,417993639.3902432
COMP_01673,2023,2024,25,Veneto,SRL,1804993499.92,-56.99118346060563,776306342.9285861,-46.10958322174616,972718519.9272788
COMP_01674,2023,2024,45,Veneto,SRL,140674439.36,312.4944697535308,580274282.7167842,302.93070661030544,566820512.5333337
COMP_01675,2023,2024,68,Lombardia,SRL,1603033423.63,-85.3165521351535,235380577.01477507,-87.42227634580645,201625114.10853934
COMP_01676,2023,2024,10,Lazio,SPA,2719559889.13,14.140840090440411,3104128504.215632,9.12417504388404,2967697293.83748
COMP_01677,2023,2024,77,Campania,SNC,2042796518.01,-89.16269725923766,221384043.03449532,-87.27718353358712,259901251.76868528
COMP_01678,2023,2024,47,Lombardia,SRL,4315219794.56,-72.64288517740162,1180519634.0452733,-67.73738352942307,1392202812.1813107
COMP_01679,2023,2024,47,Toscana,SRL,1213530505.69,-6.249024033610752,1137696692.7342339,-8.89649479420041,1105568827.4252553
COMP_01680,2023,2024,41,Lombardia,SNC,882405214.77,-61.53727012731392,339397134.13948053,-59.00881132192138,361708386.4915756
COMP_01681,2023,2024,41,Sicilia,SRL,3690325310.5,-75.35946856827958,909315768.066487,-75.12023551771476,918144245.8825618
COMP_01682,2023,2024,71,Toscana,SRL,306612705.51,73.55868718108344,532152986.41355747,63.92828220720478,502624941.1715785
COMP_01683,2023,2024,43,Veneto,SRL,443549683.39,96.19564043584236,870225141.9781616,73.23493966067772,768383026.3857936
COMP_01684,2023,2024,56,Lazio,SRL,1870676086.16,-30.72182883824271,1295970180.8519871,-42.95605427887521,1067107451.2071722
COMP_01686,2023,2024,25,Friuli-Venezia Giulia,SPA,229568972.62,1652.0575768931947,4022180578.9845734,1817.5143350425622,4402017958.798434
COMP_01687,2023,2024,10,Piemonte,SRL,1804004550.14,-65.88337944198531,615465387.2205837,-69.71694269702502,546307731.6671721
COMP_01688,2023,2024,46,Emilia-Romagna,SRL,908128061.73,28.474102506178266,1166709376.91437,35.37763189728228,1229402264.5647638
COMP_01689,2023,2024,77,Veneto,SPA,1215409539.25,128.15518106021912,2773019834.8990126,118.25485448370043,2652690321.2711015
COMP_01690,2023,2024,43,Lombardia,SRL,553594299.73,53.904838494212584,852008412.9126236,33.09367392524589,736798992.1513946
COMP_01691,2023,2024,43,Sicilia,SAS,741899014.14,-58.843137695373784,305342355.68897915,-61.52467399122595,285448064.34624565
COMP_01692,2023,2024,43,Campania,SRL,317827820.21,168.4723658989816,853279868.4029485,188.93635718950344,918320125.8495783
COMP_01693,2023,2024,46,Lazio,SRL,2096002322.94,-41.27828888245991,1230808429.0937564,-44.76271228673877,1157774833.5990067
COMP_01694,2023,2024,46,Campania,SNC,3075529538.87,-84.9745639336432,462111724.5648301,-85.82407819827527,435984662.419156
COMP_01695,2023,2024,68,Lazio,SRL,511831411.37,-51.98841714032965,245738362.17172778,-59.3060698158638,208284317.20338678
COMP_01696,2023,2024,46,Lazio,SRL,248735379.64,389.64082036182737,1217909953.3994017,383.8630868191974,1203538685.9375534
COMP_01697,2023,2024,46,Lazio,SRL,3048439870.16,-62.180659117231905,1152899866.1020236,-57.98996081696137,1280650783.925588
COMP_01698,2023,2024,25,Sicilia,SRL,521466463.42,70.68129974142062,890045737.4808757,60.22967951445236,835544043.113215
COMP_01699,2023,2024,82,Sicilia,SRL,480605682.59,8.566634553090108,521777415.0588695,15.704517174636674,556082484.5546263
COMP_01700,2023,2024,41,Sicilia,SAPA,2454205212.55,-84.545770284852,379278511.2286132,-85.36499948637781,359172945.4620352
COMP_01701,2023,2024,10,Piemonte,SPA,115643406.96,2769.601955595902,3318505467.641887,2220.9794862217404,2684059752.7095246
COMP_01702,2023,2024,47,Lombardia,SRL,1520731418.52,-22.934187758137053,1171964019.6996422,-25.62739118730932,1131007628.9875615
COMP_01703,2023,2024,47,Sicilia,SRL,1505894622.24,-18.936160055390413,1220736006.3071167,-30.993033964829447,1039172190.4946167
COMP_01704,2023,2024,45,Piemonte,SRL,1919703531.68,-69.00696155542772,594974453.5953941,-70.64133031387529,563599418.8188018
COMP_01705,2023,2024,45,Lazio,SRL,511987157.15,16.54099617953661,596674933.2538996,6.756670548675642,546580442.6101557
COMP_01706,2023,2024,62,Toscana,SRL,103406847.06,537.9441708268283,659677953.0550835,534.940311326767,656571756.6559578
COMP_01707,2023,2024,41,Lombardia,SPA,37418304254.54,-86.23876461027295,5149220927.311502,-90.18319634921899,3673281458.120028
COMP_01708,2023,2024,62,Emilia-Romagna,SRL,3189044653.02,-79.75567802154802,645600467.5939753,-78.6787055691446,679945600.0018454
COMP_01709,2023,2024,47,Toscana,SPA,6771760926.02,-1.902347067529891,6642938530.623724,-22.178209320849668,5269905613.139777
COMP_01710,2023,2024,45,Lombardia,SRL,308851257.95,77.20661797586642,547304868.7891142,78.2496160211076,550526181.3722355
COMP_01711,2023,2024,46,Lazio,SRL,392928663.05,201.24198327499735,1183666097.4277518,256.51862029056406,1400863848.2320194
COMP_01712,2023,2024,41,Veneto,SRL,408800562.31,89.2338302846552,773588962.2844216,82.0777539194507,744334881.8641325
COMP_01713,2023,2024,56,Piemonte,SRL,18319125574.47,-93.55456279924749,1180747734.6294575,-93.65616490386546,1162135117.498189
COMP_01714,2023,2024,46,Lazio,SRL,234750878.46,409.7022076269231,1196530409.934215,248.64329458891518,818443196.7393641
COMP_01715,2023,2024,43,Lombardia,SNC,388137843.24,-16.04763526084185,325850897.8475467,-5.942390986534308,365073175.0279776
COMP_01716,2023,2024,47,Lazio,SRL,2117706349.72,-44.7832958562252,1169327649.7588253,-55.22893909663684,948119599.5875299
COMP_01717,2023,2024,82,Toscana,SAS,262191761.54,-24.702174085466684,197424696.1666375,-19.06856749586219,212195548.52215505
COMP_01718,2023,2024,45,Lombardia,SRL,245034567.82,145.6214333110115,601857417.5869265,151.83940481609574,617093597.1915804
COMP_01719,2023,2024,71,Lombardia,SAPA,693812093.97,-64.4520637438657,246635880.9018063,-48.40018065360315,358005787.0919731
COMP_01720,2023,2024,43,Lazio,SRL,416036711.08,112.97353336308433,886048083.6746426,84.09446636055439,765900563.1267275
COMP_01721,2023,2024,10,Lazio,SNC,105416901.98,111.95649596245003,223437971.58897862,79.90412182290686,189649351.76003352
COMP_01722,2023,2024,41,Lombardia,SRL,239102356.58,272.3528180769745,890304362.8140863,283.10246708755227,916007026.9224565
COMP_01724,2023,2024,41,Toscana,SAS,224392906.74,45.35638718552085,326169422.3378391,34.79696448463375,302474826.80435514
COMP_01725,2023,2024,10,Lazio,SRL,798810990.99,-26.020471530630726,590956604.4958979,-33.70007755507753,529611067.50788665
COMP_01726,2023,2024,71,Sicilia,SRL,266731635.65,117.3524132829823,579747647.0744466,91.11066465305665,509752601.7306844
COMP_01727,2023,2024,62,Lombardia,SRL,1630582855.78,-59.15581081141426,665998346.4914273,-59.029221272544255,668062493.8094527
COMP_01728,2023,2024,56,Veneto,SNC,734515141.56,-34.595709240915625,480404418.8554026,-29.060055267548787,521064635.47414976
COMP_01729,2023,2024,25,Emilia-Romagna,SRL,2057126429.12,-62.359317647449025,774316424.7754338,-59.518055795634545,832764773.2496136
COMP_01730,2023,2024,25,Lombardia,SRL,353294148.61,137.9473412425527,840654033.383008,145.00462920048156,865587018.7889287
COMP_01731,2023,2024,10,Emilia-Romagna,SRL,441802732.21,44.48773727739104,638350770.9999202,29.985488815438064,574279441.0631293
COMP_01732,2023,2024,56,Sicilia,SRL,7872053729.79,-86.12363942140719,1092354560.486224,-83.98699083450077,1260552685.2642965
COMP_01733,2023,2024,71,Campania,SPA,5154292578.73,-34.02917249861021,3400329466.0309033,-22.674063447636243,3985605009.151953
COMP_01734,2023,2024,45,Lazio,SRL,361263847.64,50.44821694861071,543515017.2543256,56.34269840861446,564809647.7751616
COMP_01735,2023,2024,25,Emilia-Romagna,SRL,2359311685.1,-65.69068118963253,809463767.771212,-62.749027881793715,878866537.9981838
COMP_01736,2023,2024,46,Piemonte,SAS,374891762.96,19.339068070289457,447392336.1887426,20.634033990471124,452247056.7566428
COMP_01737,2023,2024,43,Lombardia,SRL,2184151497.71,-60.99094245099768,852016914.6990899,-55.51697647260016,971576624.6003952
COMP_01738,2023,2024,43,Campania,SRL,1372216529.54,-38.738465528746914,840640902.2643799,-43.72245210646828,772249814.6148323
COMP_01739,2023,2024,47,Campania,SRL,2120165368.2,-39.31452028678408,1286632524.4056406,-39.781756103776296,1276726352.4259453
COMP_01740,2023,2024,56,Veneto,SRL,6560513139.1,-77.98729673801176,1444146289.7738318,-83.43211418330469,1086938325.8753812
COMP_01741,2023,2024,25,Puglia,SRL,224181050.26,281.70033370803975,855699816.9526083,288.53945316911495,871031826.7889827
COMP_01742,2023,2024,10,Veneto,SPA,95529310613.16,-96.11272960522608,3713482609.796991,-95.78407672474633,4027442440.829587
COMP_01743,2023,2024,82,Lazio,SRL,2472943422.01,-78.07156456281552,542277801.6935632,-70.99514185009593,717273731.6813843
COMP_01744,2023,2024,41,Campania,SRL,954556495.75,-14.39295788461772,817167581.3318198,-10.008812855365507,859016722.4916475
COMP_01745,2023,2024,10,Piemonte,SRL,212922799.26,188.75315389017618,614821298.2144986,181.6204683860391,599634184.5766778
COMP_01746,2023,2024,41,Lazio,SRL,950815376.04,-5.697045796691937,896646988.6250125,-3.115551525499387,921192233.087103
COMP_01747,2023,2024,10,Lombardia,SPA,12003386693.96,-73.1198192107005,3226532044.1751685,-69.66188534133241,3641601218.136834
COMP_01748,2023,2024,45,Veneto,SRL,163212276.77,258.35090625797267,584872672.9295655,351.9615002347666,737656654.6570115
COMP_01749,2023,2024,62,Lazio,SRL,400622059.72,63.224004887995626,653911370.3397616,55.1629602195201,621617047.1539657
COMP_01750,2023,2024,43,Sicilia,SRL,469244776.95,69.13980991343281,793679723.7619418,46.437548387265124,687150547.3008705
COMP_01751,2023,2024,46,Lombardia,SRL,1167297812.46,-4.622534944827715,1113339063.168827,3.772409663696326,1211333067.941357
COMP_01752,2023,2024,47,Lazio,SRL,1358039958.14,-17.799859298806144,1116310756.3695142,-22.78653766193403,1048589671.6143159
COMP_01753,2023,2024,46,Lombardia,SRL,6904442882.49,-84.0810699556827,1099113432.413429,-84.36854477956972,1079264897.3966095
COMP_01754,2023,2024,68,Sicilia,SRL,55724525.95,335.44802703807164,242651348.82559326,361.40235443287264,257114274.7298571
COMP_01755,2023,2024,68,Veneto,SPA,948215054.87,27.288654733638054,1206970187.325851,21.320098768718704,1150375441.1081443
COMP_01756,2023,2024,10,Sardegna,SRL,529785791.03,12.366930483835073,595304031.5199158,-7.581394781729091,489620638.71450937
COMP_01757,2023,2024,56,Piemonte,SAS,242163458.74,87.49625107660597,454047406.6149435,112.839721242813,515420030.5341705
COMP_01758,2023,2024,46,Lazio,SAS,286720320.56,53.94621651430663,441395085.4798116,71.69322716244662,492279371.29997593
COMP_01759,2023,2024,82,Sicilia,SRL,148526887.03,256.2856813331595,529180031.4177677,203.53223176195746,450826974.9687204
COMP_01760,2023,2024,46,Piemonte,SRL,1872415445.26,-38.18173708867021,1157494702.7431731,-37.66312921460369,1167205196.677529
COMP_01761,2023,2024,82,Emilia-Romagna,SRL,821999565.58,-35.50364849694998,530159729.170021,-29.962696680486832,575706329.0303452
COMP_01762,2023,2024,56,Lazio,SRL,3813946254.72,-61.53074117151288,1467196856.307627,-69.21110087689438,1174272064.9752054
COMP_01763,2023,2024,41,Piemonte,SPA,24559158473.96,-80.1780502877104,4868104042.46986,-84.81870092948165,3728399297.1344194
COMP_01764,2023,2024,46,Lombardia,SRL,131615267.73,658.97002417301,998920429.3057529,543.0975686610569,846414586.7583706
COMP_01765,2023,2024,82,Lombardia,SRL,536215837.38,-0.052481672249169685,535934422.3416781,-20.48784435634077,426356771.2035363
COMP_01766,2023,2024,62,Puglia,SRL,540110936.8,16.653306736351375,630057267.8218849,8.697472486107376,587086936.9226367
COMP_01767,2023,2024,25,Piemonte,SRL,978047521.77,-20.343139677184755,779081948.3070849,-25.60951751924554,727574270.335765
COMP_01768,2023,2024,47,Campania,SRL,23777333567.05,-94.92210110845495,1207388957.6402,-95.7932211953077,1000259828.8196481
COMP_01769,2023,2024,43,Campania,SPA,4410186872.4,21.31950018361733,5350416670.759185,2.525153480622144,4521550859.710349
COMP_01770,2023,2024,10,Piemonte,SRL,550633621.78,14.27272623866172,629224051.1946874,37.28848884030385,755956578.3883961
COMP_01771,2023,2024,45,Veneto,SPA,286611790.1,922.4998156010907,2930605025.2634854,1069.9668701904811,3353262990.2298813
COMP_01772,2023,2024,41,Emilia-Romagna,SRL,6784019132.98,-87.76065606364759,830319434.3933742,-88.82425358391059,758164775.1208315
COMP_01773,2023,2024,62,Sardegna,SRL,1269442632.49,-47.109830739151306,671410356.9933344,-56.39311247692674,553564420.9198546
COMP_01774,2023,2024,43,Veneto,SRL,6806829399.26,-89.23389633624336,732830309.3393949,-89.40729640518548,721027262.468306
COMP_01775,2023,2024,62,Lombardia,SRL,2482225194.04,-73.71991079887434,652330995.1665263,-67.82156379210667,798741250.6004176
COMP_01776,2023,2024,10,Toscana,SRL,650407530.34,-12.398931400995478,569763946.8262346,-16.96186549094236,540086279.9007691
COMP_01777,2023,2024,43,Piemonte,SPA,1413758572.3,235.48834132044342,4742995184.484852,202.79568299239648,4280799924.8593383
COMP_01778,2023,2024,41,Lombardia,SAS,132270287.16,126.39852811983764,299457983.2701226,117.26525906417967,287377382.0631084
COMP_01779,2023,2024,41,Emilia-Romagna,SRL,330942982.34,172.43635523665273,901608998.9985753,139.93937266619807,794062515.7094026
COMP_01781,2023,2024,41,Umbria,SRL,2455230736.17,-63.92301338949446,885773263.9450676,-65.46860579524821,847825404.1430923
COMP_01782,2023,2024,46,Piemonte,SAS,442665452.83,-3.8142751392192036,425780974.5127932,-4.24594867002176,423870104.9229188
COMP_01783,2023,2024,43,Emilia-Romagna,SRL,1758369862.3,-50.780590221510565,865459267.9468974,-58.977206875513524,721332430.9746467
COMP_01784,2023,2024,45,Toscana,SNC,370937634.16,-42.30294456947743,214020092.39396423,-23.87812962117742,282364665.0615463
COMP_01785,2023,2024,43,Emilia-Romagna,SRL,2923325062.84,-69.80074718345121,882822326.3765856,-70.14612794048932,872725724.1438639
COMP_01786,2023,2024,68,Emilia-Romagna,SRL,1751351911.68,-85.90445735158112,246862555.63475364,-90.25388512974916,170688769.09466675
COMP_01787,2023,2024,71,Emilia-Romagna,SAS,868625660.07,-76.06112126258866,207939243.44619617,-74.38786986045638,222473534.48259816
COMP_01788,2023,2024,46,Lazio,SRL,1606578731.75,-29.422943058288254,1133875986.320628,-33.207932783095046,1073067146.4029591
COMP_01789,2023,2024,43,Sicilia,SRL,1093505722.57,-16.880365770841884,908917956.8750964,-14.551615733563379,934382971.7970879
COMP_01790,2023,2024,25,Lombardia,SRL,255111528.48,251.57850418336147,896917295.8292942,229.8140460097984,841393653.9173272
COMP_01791,2023,2024,77,Puglia,SRL,408511165.89,40.20840285689569,572766981.1864526,54.26539792238594,630191375.6175866
COMP_01792,2023,2024,10,Sicilia,SRL,2988111974.93,-78.7784473119176,634123757.1386693,-80.49155943576496,582934048.6220089
COMP_01793,2023,2024,43,Toscana,SRL,166863894.44,415.28287845743574,859821078.3766091,454.38313661905215,925065291.8811762
COMP_01794,2023,2024,43,Lazio,SPA,256100785695.6,-98.11044441842803,4839166690.560842,-97.93013427758767,5300942377.941875
COMP_01795,2023,2024,43,Lazio,SRL,278954586.99,188.71307193548222,805378357.403766,174.60296013238136,766017553.2995988
COMP_01796,2023,2024,25,Puglia,SNC,2610442749.83,-88.18390491495957,308452397.46045697,-88.93275730446551,288904034.5516705
COMP_01797,2023,2024,62,Lazio,SRL,401771246.41,58.95325727772828,638628482.974023,53.91672713949294,618393153.0618196
COMP_01798,2023,2024,25,Lazio,SRL,1060042748.88,-23.092684105415564,815250425.498778,-27.10878406654442,772678049.0730591
COMP_01799,2023,2024,47,Lazio,SRL,274346269.93,301.5458449440584,1101626047.6629257,311.188527000881,1128080386.207028
COMP_01800,2023,2024,25,Sardegna,SRL,479282796.06,73.15653472702783,829909481.2003039,74.99475366903103,838719748.3432413
COMP_01801,2023,2024,10,Puglia,SRL,147576340.4,318.0397794527435,616927807.93259,314.37115225496507,611513782.1711895
COMP_01802,2023,2024,71,Campania,SAPA,1419268087.16,-83.16488996499923,238935344.16503677,-84.48524085182993,220196025.38971436
COMP_01803,2023,2024,41,Lombardia,SRL,1632889153.16,-45.50242588737164,889884976.4204407,-53.79461347129233,754482744.8029194
COMP_01804,2023,2024,62,Lombardia,SRL,279160073.75,156.08192007110802,714878476.9309212,175.50268374147808,769093495.1159395
COMP_01805,2023,2024,46,Veneto,SRL,343408555.11,222.09947177660194,1106117142.044971,183.87121157682628,974838026.0492302
COMP_01806,2023,2024,10,Toscana,SPA,29755446801.01,-88.99415917157715,3274837112.7051992,-86.05636747426163,4148990158.324404
COMP_01807,2023,2024,77,Lombardia,SAS,834850069.61,-74.54023655558308,212550852.83825594,-70.68996157597805,244694876.18566504
COMP_01808,2023,2024,41,Lombardia,SRL,216963396.0,317.73840446949765,906339428.733238,231.65843005015037,719577392.9570907
COMP_01809,2023,2024,62,Lazio,SRL,1954237844.61,-67.51754026204374,634784521.0593473,-65.90492638625346,666298831.7074732
COMP_01810,2023,2024,25,Toscana,SRL,361718051.23,115.05585192527265,777895836.6401707,109.0080161703021,756019723.0057001
COMP_01811,2023,2024,62,Veneto,SRL,418119854.6,50.39212637436233,628819340.126332,62.138363458554956,677932689.5437295
COMP_01812,2023,2024,10,Lombardia,SRL,232679242.88,134.8260338808989,546391437.7192079,181.44997381263428,654875668.1531957
COMP_01813,2023,2024,46,Lazio,SRL,943323559.61,28.830472842717356,1215288202.2823157,37.62169826679591,1298217902.8860729
COMP_01814,2023,2024,56,Lazio,SRL,4616680202.15,-68.92716318681914,1434533505.400498,-65.97290696656492,1570922067.441759
COMP_01815,2023,2024,71,Sicilia,SRL,405109463.8,46.13476856719394,592005777.3679303,56.768639527538404,635084594.9965657
COMP_01816,2023,2024,71,Lombardia,SRL,1153482543.38,-50.53403572989119,570581262.7702932,-49.51448483452518,582341604.3692147
COMP_01817,2023,2024,62,Veneto,SNC,429184871.63,-41.54794983434607,250867356.46856502,-22.15464324563099,334100494.45615417
COMP_01818,2023,2024,68,Emilia-Romagna,SAS,33076353.4,156.09684776944928,84707498.41448306,280.1839136962373,125750974.86411846
COMP_01819,2023,2024,41,Campania,SRL,382522315.89,139.39611954032938,915743580.6164607,112.28116717390998,812022836.8719629
COMP_01820,2023,2024,41,Lombardia,SRL,293811387.66,214.3603572440154,923626527.871575,172.6418468162113,801052793.4725621
COMP_01821,2023,2024,41,Lazio,SRL,498712500.64,74.33171242177704,869414042.4271778,62.222447648690924,809023625.2682014
COMP_01822,2023,2024,43,Emilia-Romagna,SRL,1257179585.58,-29.236694230290745,889621834.218339,-42.10915019032766,727791945.7259789
COMP_01823,2023,2024,45,Veneto,SPA,17213395139.26,-82.05181303103137,3089492343.3017435,-80.32835253302827,3386158408.892077
COMP_01824,2023,2024,46,Toscana,SRL,897068991.6,32.02800100167456,1184382257.21536,32.67982505971299,1190229568.7198114
COMP_01825,2023,2024,25,Sicilia,SAS,135377128.94,114.09488067258374,289835502.6620628,125.69534621506948,305539879.857154
COMP_01826,2023,2024,47,Lazio,SNC,1470140824.17,-69.27246538904596,451738030.57660186,-67.68277333972007,475108742.37232625
COMP_01827,2023,2024,25,Sicilia,SRL,2170428557.69,-56.330307546835535,947819476.0588763,-57.75346190414026,916930927.4679251
COMP_01828,2023,2024,43,Veneto,SRL,408688731.43,92.63908519757089,787294233.5323094,121.80594085949457,906495885.9350444
COMP_01829,2023,2024,46,Lombardia,SRL,4496473926.8,-73.89630304626473,1173745927.455592,-73.06868087421465,1210959742.6342404
COMP_01830,2023,2024,62,Sicilia,SRL,3289312987.86,-78.41228542471733,710087499.3069191,-82.07747488882366,589527946.2343931
COMP_01831,2023,2024,56,Emilia-Romagna,SRL,335521710.28,260.0009147351631,1207881226.1430638,324.24398281562407,1423430666.902971
COMP_01832,2023,2024,47,Liguria,SRL,1149644540.54,-0.30987618689098284,1146082065.8749743,22.550994458136454,1408900817.1654437
COMP_01833,2023,2024,25,Veneto,SAS,238588612.89,28.78463429493465,307265472.5797438,31.89890195846025,314695760.59983134
COMP_01834,2023,2024,46,Veneto,SRL,14676440754.92,-92.5844407410234,1088340161.2896843,-91.63707883346105,1227379170.3877552
COMP_01835,2023,2024,25,Toscana,SRL,415921110.07,88.54607948164991,784202946.7735428,77.46237536256916,738103481.5645878
COMP_01836,2023,2024,43,Lazio,SRL,2802865628.89,-70.4324606711029,828738397.1581897,-68.35073760706008,887086297.4089217
COMP_01837,2023,2024,45,Lombardia,SRL,287185203.53,90.07053640726248,545854456.8317595,99.79325065041922,573776653.5196095
COMP_01838,2023,2024,10,Friuli-Venezia Giulia,SRL,40133857.38,1239.9044674618247,537755347.9993773,1279.5996185393662,553686543.3196133
COMP_01839,2023,2024,41,Lombardia,SAS,66453908.95,355.4214374759178,302645347.3990276,346.53850766421596,296742293.30986685
COMP_01840,2023,2024,77,Campania,SRL,736434030.75,-25.302268570536434,550099514.4448081,-33.00428843766082,493379219.0881782
COMP_01841,2023,2024,77,Piemonte,SRL,466636594.79,17.7535533733488,549481171.70562,5.538156516007699,492479659.77043885
COMP_01842,2023,2024,43,Piemonte,SRL,123741941.79,556.6134263582082,812506203.8294985,519.7229459661017,766857207.0566468
COMP_01843,2023,2024,10,Emilia-Romagna,SRL,163468306.13,243.4277772936011,561395570.3217585,236.82552480501857,550602980.0122468
COMP_01844,2023,2024,41,Sardegna,SPA,6975955872.76,-36.383973483541496,4437825937.791446,-43.97044215446139,3908597231.0073123
COMP_01845,2023,2024,45,Lombardia,SRL,237855248.23,164.80766919703643,629858938.9006883,171.10542571645442,644838483.3028709
COMP_01846,2023,2024,71,Lazio,SPA,1734604680.41,60.89020216189654,2790808977.0213685,53.97113314587234,2670790482.0286145
COMP_01847,2023,2024,25,Lombardia,SRL,3763708458.13,-78.94927470078537,792287928.5842533,-78.49271556533478,809471483.3815715
COMP_01848,2023,2024,56,Emilia-Romagna,SRL,9615603482.2,-85.15101004464923,1427819995.2182364,-87.31878524457012,1219375327.6083755
COMP_01849,2023,2024,25,Toscana,SRL,186492288.17,307.36043827364836,759695802.4358672,260.1721535790024,671693290.560648
COMP_01850,2023,2024,82,Lombardia,SRL,439942437.8,28.908647453517922,567123846.1420144,28.634438584095303,565917484.9572127
COMP_01851,2023,2024,43,Veneto,SRL,217127115.09,295.54556982581005,858836684.6290829,246.24344555371127,751788404.5189883
COMP_01852,2023,2024,56,Emilia-Romagna,SPA,22264480502.14,-69.56282417170866,6776679077.691994,-73.54351909081221,5890398033.578506
COMP_01853,2023,2024,43,Emilia-Romagna,SRL,1468669111.32,-42.14806413547212,849653512.3429779,-55.896330964214975,647736964.0873778
COMP_01854,2023,2024,47,Umbria,SRL,203040064.58,425.86130253830294,1067709128.2749996,438.3428205151434,1093051610.4357407
COMP_01855,2023,2024,41,Lombardia,SRL,576975880.06,47.112589924631855,848804160.3967035,43.86930752698662,830091203.2400588
COMP_01856,2023,2024,25,Veneto,SRL,5394179350.73,-85.27834838234332,794112291.6460454,-85.39668919106958,787728776.1782463
COMP_01857,2023,2024,71,Piemonte,SRL,1109243037.27,-50.46183573209853,549498637.9330721,-55.44297089713093,494245742.9379428
COMP_01858,2023,2024,71,Emilia-Romagna,SRL,2462823471.92,-75.10674116635327,613077021.4808502,-74.3385977315653,631995038.290821
COMP_01859,2023,2024,68,Puglia,SRL,909180235.64,-74.38597621579096,232877641.79815736,-75.88960802481817,219206918.5736857
COMP_01860,2023,2024,47,Veneto,SRL,2143518682.28,-46.23406354024643,1152482892.7176118,-43.19462943364528,1217633730.6281977
COMP_01861,2023,2024,62,Toscana,SRL,815957250.67,-26.122394615504383,602809677.7561623,-24.0731792397997,619530399.1960691
COMP_01862,2023,2024,10,Lombardia,SRL,426006765.92,35.76675152656972,578375547.3729819,33.70381061106088,569587279.4959823
COMP_01863,2023,2024,43,Sicilia,SRL,902440334.69,-4.920786943484358,858033168.527838,-3.4149304779985608,871622624.654919
COMP_01864,2023,2024,43,Lombardia,SRL,2619697712.11,-68.94596146776706,813521936.9466643,-67.13840566138752,860874435.0515003
COMP_01865,2023,2024,47,Friuli-Venezia Giulia,SNC,954843866.71,-52.81415473389856,450551149.4786405,-56.478581933509666,415561591.1131009
COMP_01866,2023,2024,43,Lazio,SRL,229910044.58,258.562214662214,824370547.5769315,278.11278202187225,869319265.7091649
COMP_01867,2023,2024,25,Lombardia,SRL,3977634525.22,-80.87864185361039,760577743.3217603,-82.33972865222603,702461050.376593
COMP_01868,2023,2024,47,Lazio,SRL,2165666062.8,-38.377767778479424,1334531770.3612778,-31.150263583136812,1491055375.907259
COMP_01869,2023,2024,62,Puglia,SRL,218681252.72,202.7888918273538,662142541.7450631,291.4434217233206,856013378.3145902
COMP_01870,2023,2024,43,Veneto,SPA,13847573739.41,-65.38625827075153,4793163409.926613,-65.01035617197104,4845216730.243231
COMP_01871,2023,2024,25,Lombardia,SRL,257782949.39,214.5983933378732,810981017.0799228,270.1628816977148,954216793.9873856
COMP_01872,2023,2024,41,Sicilia,SNC,471257621.34,-29.05034015137014,334355679.3514741,-27.523235345772267,341552277.1337035
COMP_01873,2023,2024,41,Emilia-Romagna,SAS,580640366.26,-45.60961656866765,315812521.5659065,-48.95334915977095,296397460.4021693
COMP_01874,2023,2024,43,Puglia,SRL,532669970.0,65.57686169425864,881978219.513749,60.2247460803259,853469106.8786482
COMP_01876,2023,2024,47,Emilia-Romagna,SRL,958654768.13,26.66975616417708,1214325657.2465281,47.23015890492914,1411428938.467479
COMP_01877,2023,2024,47,Sicilia,SRL,432921338.97,166.13561437226002,1152157865.216424,188.14385909065052,1247436252.9350743
COMP_01878,2023,2024,43,Lombardia,SRL,503456573.48,60.186103297858175,806467466.8545301,53.884984332194,774744069.2190988
COMP_01879,2023,2024,62,Liguria,SRL,324313423.79,80.50463638122737,585400766.3476485,80.71761760829413,586091493.0571786
COMP_01880,2023,2024,41,Toscana,SRL,380443236.56,116.45099888314913,823473185.717502,101.94109557333341,768271239.9439125
COMP_01881,2023,2024,46,Emilia-Romagna,SRL,1008238696.75,24.32842616212303,1253527303.6267753,8.961415378468729,1098591154.3722272
COMP_01882,2023,2024,62,Emilia-Romagna,SRL,62209870.78,865.7408703748077,600786147.5298152,897.6189812304792,620617479.1002336
COMP_01883,2023,2024,41,Veneto,SAS,239338755.55,30.509772076361607,312360464.3587053,26.60118206679992,303005693.6702687
COMP_01884,2023,2024,25,Lombardia,SRL,3317929738.98,-76.91903591571138,765810171.3959053,-74.97476400693961,830319747.2636777
COMP_01885,2023,2024,68,Piemonte,SPA,20986387730.4,-94.86284920636075,1078102383.8484535,-94.64136187888562,1124584573.1660829
COMP_01887,2023,2024,47,Lombardia,SRL,255050307.76,357.04998075957394,1165707382.5443141,269.45013688582344,942283711.1470339
COMP_01888,2023,2024,10,Puglia,SRL,1805279323.22,-66.11857187702063,611654416.3157929,-69.12643893130692,557354014.3148159
COMP_01889,2023,2024,47,Lombardia,SRL,1266272406.34,3.203445214248131,1306836749.1402433,5.6182844182394245,1337415191.6378655
COMP_01890,2023,2024,43,Lazio,SRL,24352408046.38,-96.38559016541855,880195831.3857648,-96.60470219087564,826836776.8677633
COMP_01891,2023,2024,10,Campania,SRL,3388653957.34,-82.66310708164612,587487307.9575974,-79.81173701619197,684110372.519017
COMP_01892,2023,2024,47,Veneto,SPA,3368765994.76,57.29390468018884,5298863572.69641,60.83575561561391,5418180242.594099
COMP_01893,2023,2024,41,Lombardia,SRL,2386444405.85,-63.90583944895183,861367075.3090067,-71.69860818186302,675396981.8216195
COMP_01894,2023,2024,43,Liguria,SRL,387548888.17,128.07828090675082,883914841.8113623,95.49340565497438,757632520.0615212
COMP_01895,2023,2024,25,Puglia,SPA,16962192917.81,-73.6160384412447,4475298458.956904,-70.8118645472388,4950947844.609051
COMP_01896,2023,2024,25,Emilia-Romagna,SPA,2445125686.31,105.62790906261559,5027860822.712182,45.90852142865009,3567646735.967054
COMP_01897,2023,2024,43,Lombardia,SRL,68253991.15,1129.125878207969,838927468.134427,1206.791375062529,891937269.4841418
COMP_01898,2023,2024,25,Campania,SRL,3396609013.42,-75.52512525333246,831315801.6685647,-76.49366899083188,798418157.7817452
COMP_01899,2023,2024,71,Veneto,SAS,415981199.4,-53.98754524917222,191403161.1458757,-47.179949142445714,219721481.0809443
COMP_01900,2023,2024,10,Liguria,SRL,986267537.34,-39.76710560803917,594057484.1881951,-37.71252054600114,614321189.682113
COMP_01901,2023,2024,46,Lazio,SRL,1494473556.91,-19.212476853277632,1207348170.7103114,-47.856742578109106,779267193.8816705
COMP_01902,2023,2024,25,Veneto,SRL,294297649.32,177.00832386018092,815228985.5412451,199.38119547847464,881071820.799265
COMP_01903,2023,2024,43,Lazio,SPA,12162298456.63,-63.94264099789633,4385403617.414392,-63.6100273457213,4425857082.499416
COMP_01904,2023,2024,71,Veneto,SRL,1575438466.42,-64.59273686734022,557819643.2984693,-66.40993898954146,529190742.05271024
COMP_01905,2023,2024,25,Lombardia,SAPA,212602075.51,69.89460136355869,361199448.67836654,64.2716537763047,349244945.4030251
COMP_01906,2023,2024,77,Sardegna,SRL,295887792.7,92.17227070654866,568614289.9750755,94.86495317409226,576581608.6927102
COMP_01907,2023,2024,41,Campania,SPA,22711169447.13,-80.44955425104722,4440134861.713889,-83.81426558060704,3675969570.250778
COMP_01908,2023,2024,56,Lombardia,SRL,1033580173.44,19.820669071957145,1238442679.2109032,12.769977281450247,1165568126.7738621
COMP_01909,2023,2024,46,Lazio,SRL,472877431.34,145.13357803912098,1159181367.1832294,127.94063552212472,1077879822.2370949
COMP_01910,2023,2024,68,Lombardia,SAS,57179383.65,76.6966776826197,101034071.22894904,125.76672891729123,129092024.08167343
COMP_01911,2023,2024,46,Emilia-Romagna,SRL,1421818481.51,-6.411820357252696,1330654034.6693606,-1.8425296780754095,1395621054.019817
COMP_01912,2023,2024,46,Lombardia,SRL,604795975.12,96.60691393901217,1189070702.310788,113.01749544497751,1288321238.7526534
COMP_01913,2023,2024,41,Campania,SRL,70576150.84,1227.5590995160892,936940112.5646209,1103.8772827291098,849650246.9873898
COMP_01914,2023,2024,25,Piemonte,SRL,18798945.52,3868.9241134872927,746115881.824619,3494.0396038132226,675641547.0880715
COMP_01915,2023,2024,71,Puglia,SRL,1027251520.73,-41.5380128480776,600551652.0671,-42.04736095251822,595319365.9184244
COMP_01916,2023,2024,43,Emilia-Romagna,SRL,1207739075.28,-32.92413241712607,810101462.8814389,-41.71380126809106,703945197.58062
COMP_01917,2023,2024,43,Emilia-Romagna,SRL,817997925.23,4.201063888574929,852362540.6761297,-1.263105675020181,807665747.0148726
COMP_01918,2023,2024,56,Campania,SRL,199812478.26,505.2849557225182,1209434870.5641072,303.6483687063753,806539808.9682708
COMP_01919,2023,2024,43,Campania,SRL,2159814127.94,-59.67599704550005,870923512.762233,-63.75521205499025,782820050.6782146
COMP_01920,2023,2024,77,Toscana,SRL,443953603.69,18.521312670932804,526179638.74329877,11.035995063316367,492948301.4766435
COMP_01921,2023,2024,56,Lazio,SPA,7515853194.71,-7.553915032813891,6948112030.390578,-25.038729732008413,5633979026.232043
COMP_01923,2023,2024,68,Campania,SRL,87391797.09,162.26285299000833,229196220.32747307,202.0019368256073,263924919.8385047
COMP_01924,2023,2024,10,Veneto,SNC,316509991.78,-36.78371879317414,200085846.4513462,-44.52966168283936,175569163.2479833
COMP_01925,2023,2024,41,Lazio,SRL,385631066.33,122.42094149118768,857724248.4136924,116.2157019837643,833794917.1328852
COMP_01926,2023,2024,46,Liguria,SAS,66018347.6,569.6607144134116,442098938.1820894,673.7709795067259,510830814.8786751
COMP_01927,2023,2024,41,Piemonte,SAS,132949947.43,141.4351287879146,320987876.8010853,181.70290585896439,374523865.2482756
COMP_01928,2023,2024,56,Toscana,SPA,55445889142.0,-87.59510844574035,6878002419.360119,-89.908870399009,5595116531.741017
COMP_01929,2023,2024,71,Lazio,SRL,2866010355.87,-80.14211479451058,569129046.4461036,-75.81103938917482,693258116.0835648
COMP_01930,2023,2024,45,Liguria,SPA,14377780404.91,-77.03284069438249,3302167730.2075396,-69.6058392821184,4370005683.932435
COMP_01931,2023,2024,43,Liguria,SPA,10080410493.63,-56.66822809006545,4368020482.684858,-56.80484438225346,4354248999.631131
COMP_01932,2023,2024,77,Liguria,SRL,26001658.91,1886.2352910092525,516454125.51827174,2159.0006696642536,587377648.900715
COMP_01933,2023,2024,46,Emilia-Romagna,SRL,562273383.21,112.63294730204872,1195578466.6143658,120.79534485346339,1241473455.4777553
COMP_01934,2023,2024,46,Toscana,SRL,672375508.29,71.77740817065282,1154989221.3148148,76.72872082351012,1188280634.9314911
COMP_01935,2023,2024,43,Veneto,SRL,1218794771.93,-36.22064612503572,777339430.5987985,-35.92575754725487,780933517.1678103
COMP_01937,2023,2024,46,Veneto,SRL,3531956632.9,-67.49454169894848,1148078690.5185328,-66.95040176202541,1167297477.1129453
COMP_01938,2023,2024,56,Piemonte,SRL,1227704914.83,-2.19376003463291,1200772015.0652354,-5.590933640522621,1159064747.7404199
COMP_01939,2023,2024,62,Lazio,SRL,830883827.14,-22.38954877481496,644852687.4004405,-19.452858359045408,669253173.1182401
COMP_01940,2023,2024,43,Lazio,SRL,196981664.58,314.9323573018009,817340664.2941207,294.03893821381,776184459.5869207
COMP_01941,2023,2024,45,Lombardia,SRL,5639998399.62,-89.70947307700632,580385553.769309,-91.38693300874135,485776840.46518564
COMP_01942,2023,2024,62,Veneto,SAS,636131574.6,-63.34495204760079,233174333.7099822,-57.53827540225391,270112437.28595775
COMP_01943,2023,2024,43,Puglia,SRL,465410681.16,80.23957254506612,838854222.3018646,63.38523626756157,760412341.0277337
COMP_01944,2023,2024,62,Veneto,SRL,1000603786.07,-39.13913709050573,608976098.5072721,-42.1639561657743,578709644.3183671
COMP_01945,2023,2024,71,Sicilia,SRL,729172569.75,-22.66054837725208,563938066.8281491,-23.97933507545468,554321835.971344
COMP_01946,2023,2024,47,Piemonte,SRL,2642540780.51,-53.03336185681507,1241112566.1682265,-63.84857286466152,955316204.7876775
COMP_01947,2023,2024,56,Lazio,SPA,9645610533.9,-27.932739058991885,6951327312.819078,-38.44880078462391,5936988955.26009
COMP_01949,2023,2024,62,Piemonte,SRL,104159972.98,490.6435642737237,615214176.9556196,405.8102810906026,526851852.11403376
COMP_01950,2023,2024,45,Lazio,SNC,66271342.19,224.63568572956626,215140426.16069385,228.61852334395047,217779906.10499445
COMP_01951,2023,2024,10,Lombardia,SRL,153002281.06,310.98800558777685,628821023.4322988,365.26021425834665,711858740.6799139
COMP_01952,2023,2024,45,Emilia-Romagna,SRL,139680653.88,361.3044554818594,644353079.7946347,438.13084707735567,751664685.9276332
COMP_01953,2023,2024,47,Puglia,SRL,4388917400.46,-73.02644973792773,1183846840.9739137,-70.74510733178883,1283973074.8010168
COMP_01954,2023,2024,46,Lombardia,SAS,135097584.07,224.95163492776095,439001808.1833713,489.14568437441216,795921586.2424982
COMP_01955,2023,2024,56,Friuli-Venezia Giulia,SRL,1367214505.12,-7.908663263586949,1259086113.8191423,-18.966507615637394,1107901661.884316
COMP_01956,2023,2024,43,Toscana,SRL,105922337.02,695.1651899054059,842257552.317327,544.9065037164866,683100040.3304757
COMP_01957,2023,2024,47,Campania,SPA,1865653515.97,206.48834715173004,5718010624.674591,172.35999179176164,5081293762.958605
COMP_01958,2023,2024,41,Emilia-Romagna,SRL,3880486685.39,-77.57333314274739,870263821.3724594,-82.16372393625349,692134317.823087
COMP_01959,2023,2024,56,Veneto,SRL,1211958385.28,-6.322613033429287,1135330946.4525476,-23.870848692711096,922653632.9111866
COMP_01960,2023,2024,46,Lazio,SAS,97533621.91,348.8108917916285,437741518.2909462,258.7187620106858,349871401.059735
COMP_01961,2023,2024,41,Campania,SRL,1002452061.1,-18.702634170193548,814967119.3809019,-30.092926892450865,700784895.2213101
COMP_01962,2023,2024,43,Veneto,SRL,240300643.58,250.9168954448955,843255558.1850396,177.4251823156542,666654498.5575055
COMP_01963,2023,2024,56,Campania,SRL,1376691478.95,-13.352060326885752,1192874802.1655004,-3.6630717540517606,1326262282.2441452
COMP_01964,2023,2024,46,Liguria,SRL,7850961295.66,-86.41736749779875,1066367220.6795548,-85.20451357784418,1161587912.5080833
COMP_01965,2023,2024,41,Liguria,SRL,1327916950.76,-36.8815654130442,838160391.9345486,-49.42702295271257,671567134.7148939
COMP_01966,2023,2024,77,Lombardia,SRL,14072484480.33,-95.69570670147776,605721006.4224254,-96.25176253713441,527470135.24767756
COMP_01967,2023,2024,56,Campania,SRL,436363264.89,182.114381374332,1231043525.289261,187.75939351387782,1255676284.56482
COMP_01968,2023,2024,77,Lombardia,SRL,42580826.63,1272.0945282758871,584249192.2848718,1360.7955572189253,622018823.638133
COMP_01969,2023,2024,45,Lazio,SAS,225123228.4,-6.031388806973506,211545171.200385,-0.5998946821227481,223772726.12460536
COMP_01970,2023,2024,46,Lazio,SAPA,1843040318.5,-73.95753514686321,479973127.17450297,-71.9982856633479,516082885.0956928
COMP_01971,2023,2024,68,Veneto,SRL,200769120.31,23.988984200905545,248931592.86146295,10.702328837606107,222256091.76994523
COMP_01972,2023,2024,46,Lombardia,SRL,486857606.57,141.92612606323547,1177835747.018989,154.85173591369113,1240765061.7714937
COMP_01973,2023,2024,47,Sicilia,SAS,891872699.75,-51.647096814191094,431246343.0507777,-58.34830238988219,371480119.9670639
COMP_01974,2023,2024,41,Lombardia,SRL,462967003.37,77.38689957021714,821242813.3111857,46.28722706461213,677261591.4541024
COMP_01975,2023,2024,46,Sardegna,SRL,571449672.31,97.5389033393329,1128835415.8173854,90.74390855432688,1090005440.3849869
COMP_01977,2023,2024,41,Campania,SPA,6591473414.64,-26.87247913178212,4820181096.8139,-38.88954094620839,4028079662.095137
COMP_01978,2023,2024,10,Emilia-Romagna,SPA,6394246261.07,-53.0337550930645,3003137358.9267025,-53.07739041102662,3000347209.2394032
COMP_01979,2023,2024,10,Emilia-Romagna,SPA,789688467.92,249.26653623155275,2758117558.9242005,353.86189046484844,3584095009.2846103
COMP_01980,2023,2024,77,Lombardia,SRL,142612128.58,295.64101767037,564232076.8352886,389.3999662056209,697943709.0756367
COMP_01981,2023,2024,41,Veneto,SRL,430079634.45,83.25244335944485,788131438.5209937,74.5670136846501,750777174.3252246
COMP_01982,2023,2024,47,Piemonte,SRL,20328058094.64,-94.4377321926143,1130701031.2648244,-93.19343533327825,1383642419.7004359
COMP_01983,2023,2024,62,Piemonte,SRL,1402275159.12,-53.498229077604876,652082782.195634,-51.66390088955283,677805110.713424
COMP_01984,2023,2024,46,Lazio,SRL,5996592134.15,-80.04700961204654,1196499452.1317239,-79.46132701816059,1231620448.4877741
COMP_01985,2023,2024,25,Lazio,SPA,1653583795.83,170.76952249989355,4477400948.104506,114.97820699430946,3554844795.4237766
COMP_01986,2023,2024,56,Puglia,SPA,12923146850.05,-46.98736489948584,6850900683.120596,-55.312597598441464,5775018635.8261795
COMP_01987,2023,2024,47,Piemonte,SRL,1698962404.01,-32.27156787531123,1150680598.6238935,-35.827915534169634,1090259588.9439993
COMP_01988,2023,2024,56,Piemonte,SPA,53462341951.32,-88.1171332207329,6352858871.151581,-89.67724622161568,5518785923.792634
COMP_01989,2023,2024,56,Puglia,SPA,112382096359.32,-93.473850544347,7334223569.805175,-94.43849673708854,6250133955.95189
COMP_01990,2023,2024,77,Veneto,SRL,1972693818.82,-70.87169147652932,574612341.7693253,-68.22213454109733,626879987.6607087
COMP_01991,2023,2024,46,Lombardia,SRL,134907000.86,775.9108448078646,1181665050.9377792,705.2049111885914,1086277796.4619553
COMP_01992,2023,2024,43,Emilia-Romagna,SRL,678219824.96,27.149573969568692,862353618.0137945,29.958114709160917,881401698.1017872
COMP_01993,2023,2024,47,Lazio,SRL,1017173061.96,21.238791828277577,1233208331.1230013,32.54285820704624,1348190249.2339134
COMP_01994,2023,2024,10,Veneto,SRL,903352534.88,-33.570138131358895,600095841.107652,-34.0014630094393,596199456.8879446
COMP_01995,2023,2024,68,Toscana,SRL,540149192.92,-56.71674197187223,233794168.90841323,-53.016671160779005,253780071.5320018
COMP_01996,2023,2024,25,Sardegna,SRL,245519004.23,205.2304150940928,749398675.7461122,187.10245885937712,704891098.1113881
COMP_01997,2023,2024,43,Lazio,SRL,2603754850.12,-65.96590017467138,886164524.8966764,-60.73221333058359,1022436899.9397043
COMP_01998,2023,2024,62,Lazio,SAS,90925987.03,155.34802070735466,232177708.18973103,135.68746685383752,214301155.54285586
COMP_01999,2023,2024,47,Lombardia,SRL,3639002890.99,-70.28679685675598,1081264321.3883808,-70.29619651772964,1080922267.4538069
COMP_02000,2023,2024,45,Lombardia,SPA,855766015.51,254.07456511064592,3030049797.781735,293.0288725337751,3363407522.286164
COMP_02001,2023,2024,46,Lombardia,SRL,152903282.31,642.6097011312426,1135474607.782151,488.4427520096587,899748282.3380616
COMP_02002,2023,2024,62,Umbria,SRL,7680499187.01,-90.9118875484382,698012402.9567581,-89.94460603752705,772304451.5383885
COMP_02003,2023,2024,43,Lombardia,SAS,1023099254.81,-69.91859118654328,307762669.40682524,-74.23524412988932,263599025.3107181
COMP_02004,2023,2024,68,Lombardia,SRL,361886185.63,-34.159434707684916,238267910.33358872,-30.49171328444977,251540887.49166873
COMP_02005,2023,2024,25,Veneto,SRL,3907546850.35,-79.48474797784922,801643084.2329173,-80.41654768877125,765232573.9772139
COMP_02006,2023,2024,56,Piemonte,SPA,95168337445.64,-92.31106447838575,7317432103.187532,-92.49943763393122,7138160502.861029
COMP_02007,2023,2024,62,Veneto,SRL,709244932.45,-7.9090240720293785,653150580.012881,-8.574959471333512,648427466.9399258
COMP_02008,2023,2024,41,Lazio,SRL,202040532.75,333.10859555639615,875054913.8481855,237.72094200349687,682333190.4321836
COMP_02009,2023,2024,45,Piemonte,SRL,111473350.73,456.37940195355833,620214762.1291666,454.77514054703187,618426438.1848433
COMP_02010,2023,2024,25,Lazio,SPA,5520882731.53,-23.572688701386824,4219462231.657811,-19.990946820933903,4417206000.623714
COMP_02011,2023,2024,47,Lazio,SRL,1025488364.76,13.524538651674478,1164180935.0203907,9.839494223438379,1126391233.1725929
COMP_02012,2023,2024,46,Umbria,SRL,2429185232.82,-51.94013204757777,1167463215.2130325,-37.567012096710734,1516612922.5549998
COMP_02013,2023,2024,47,Lazio,SRL,240927980.92,403.5451629147705,1213181194.0308812,444.4786325857986,1311801376.0297897
COMP_02014,2023,2024,41,Sicilia,SRL,280708401.65,178.89238188140448,782874347.5029047,184.22454882645573,797842188.1076677
COMP_02015,2023,2024,41,Campania,SPA,22804498527.46,-80.68536427900538,4404605818.57848,-80.31330222623322,4489452703.924145
COMP_02016,2023,2024,10,Lombardia,SRL,517752422.72,14.517164429084445,592915393.2618308,5.808023478741666,547823604.9933314
COMP_02017,2023,2024,43,Emilia-Romagna,SRL,869083179.05,1.6949731038087759,883813905.1846237,-2.924690382604463,843665186.8954915
COMP_02018,2023,2024,46,Lazio,SRL,230466054.5,386.82976792125487,1121977358.2596228,298.1081761797576,917504206.2833962
COMP_02019,2023,2024,62,Toscana,SAS,256192779.12,-14.582123357483685,218834432.0357559,-11.791610681400586,225983524.01230907
COMP_02020,2023,2024,47,Sicilia,SRL,614416074.93,117.43351867910958,1335946491.0503733,134.6372672902105,1441649088.007524
COMP_02021,2023,2024,45,Liguria,SPA,2692234346.32,8.341323865123691,2916802332.354647,14.997009677470643,3095988991.777799
COMP_02022,2023,2024,77,Friuli-Venezia Giulia,SPA,4781853216.14,-38.195525926197746,2955399231.216526,-39.563571129324465,2889981317.6725616
COMP_02023,2023,2024,56,Lazio,SRL,796343922.35,52.58697736838796,1215117120.5707276,58.9984772172742,1266174709.9488125
COMP_02024,2023,2024,71,Campania,SRL,4836423094.49,-88.18104001749514,571614910.1223962,-87.96757362302458,581939048.1235459
COMP_02025,2023,2024,46,Lombardia,SRL,1744105301.68,-30.844890623219122,1206137929.0230381,-35.17367336106245,1130639399.794104
COMP_02026,2023,2024,41,Puglia,SPA,15542488607.98,-68.83208803976811,4844269165.764278,-75.56658316512467,3797561028.100766
COMP_02027,2023,2024,10,Lombardia,SRL,69215999.28,692.7318791932207,548697291.7947102,702.0853315331701,555171377.2989846
COMP_02028,2023,2024,56,Lombardia,SRL,236501915.99,421.08376817257863,1232373095.6410384,421.7726996408624,1234002431.7633874
COMP_02029,2023,2024,25,Toscana,SPA,4603981728.75,4.6106750257561515,4816256364.507853,-3.717978539478712,4432806676.113554
COMP_02030,2023,2024,43,Lombardia,SRL,74725885.93,1059.268848330674,866273917.2256043,897.618258181362,745479081.6254574
COMP_02031,2023,2024,46,Liguria,SRL,3652338821.71,-68.55166542777339,1148599732.36268,-66.07470490493586,1239066723.136706
COMP_02032,2023,2024,46,Piemonte,SRL,463508065.97,145.80075105931357,1139306307.3747587,155.28741439727582,1183277757.1376326
COMP_02033,2023,2024,47,Sicilia,SRL,2468080647.21,-50.43646057756158,1223268124.5575016,-53.84221333918992,1139211399.7559326
COMP_02035,2023,2024,43,Lombardia,SRL,1060531272.17,-21.38962590350763,833687600.4631267,-26.776805126996088,776554880.1101866
COMP_02036,2023,2024,47,Lazio,SRL,140227058.51,703.9453328378167,1127348892.2668993,712.4026881131612,1139208392.7972553
COMP_02037,2023,2024,77,Lombardia,SAS,697146830.63,-69.65275873838142,211564830.6390135,-61.8594491696864,265895641.2983554
COMP_02038,2023,2024,56,Lombardia,SRL,396112296.86,210.32864224892788,1229249912.6266806,159.6071786985872,1028335958.3564185
COMP_02039,2023,2024,71,Lombardia,SNC,466447842.29,-53.5838113790543,216507310.29565772,-46.85918635427756,247874178.6258222
COMP_02040,2023,2024,56,Emilia-Romagna,SNC,2757862913.82,-83.13194536142841,465197823.1600603,-80.53655266632248,536775195.7663798
COMP_02041,2023,2024,47,Liguria,SRL,2019587311.2,-42.40012737442934,1163279718.8133874,-42.214346574330264,1167031724.278834
COMP_02042,2023,2024,41,Sicilia,SRL,334414122.56,163.03809192582082,879636527.1122999,161.13187950684087,873261883.5772384
COMP_02043,2023,2024,47,Lazio,SPA,36539455604.76,-81.4987135515279,6760269348.148944,-81.65298412211514,6703899721.498006
COMP_02044,2023,2024,47,Emilia-Romagna,SRL,25598405563.22,-95.95253705277231,1036085980.2523999,-94.77970544251717,1336312172.4191568
COMP_02045,2023,2024,47,Puglia,SRL,8269644448.72,-83.93211472898302,1328756982.3413544,-84.88520922133016,1249939456.5639129
COMP_02046,2023,2024,46,Lazio,SPA,2712052422.81,107.76035314679143,5634569691.156169,100.57386253872238,5439668298.505019
COMP_02047,2023,2024,46,Puglia,SRL,2854157398.79,-60.12458058168104,1138107233.626495,-53.307822156156845,1332668248.5862343
COMP_02048,2023,2024,43,Sicilia,SAS,267765010.58,12.980710111466658,302522810.38332784,14.32184935690119,306113912.02575815
COMP_02049,2023,2024,46,Lazio,SRL,423299153.5,167.80598011282152,1133620446.8399518,219.7661528335394,1353567418.1238885
COMP_02050,2023,2024,41,Piemonte,SRL,9216181287.04,-90.56759090418677,869307922.0053979,-90.60216147107515,866121835.8890074
COMP_02051,2023,2024,62,Piemonte,SRL,224842600.06,158.6416488376061,581536608.0845283,123.21449985004332,501881285.1737622
COMP_02052,2023,2024,41,Lombardia,SNC,341530417.61,-10.44628258593256,305853185.06954384,-10.32253881352431,306275807.6922161
COMP_02053,2023,2024,25,Sardegna,SRL,383261074.57,109.37779019043057,802463568.5947642,106.34254222542224,790830644.6282092
COMP_02054,2023,2024,45,Emilia-Romagna,SPA,2548503465.26,38.044507460633056,3518069056.235333,18.11683041089434,3010211516.07692
COMP_02055,2023,2024,47,Toscana,SRL,1047082405.59,15.395371540491782,1208284632.2656996,23.27120001107077,1290751046.4755802
COMP_02056,2023,2024,45,Piemonte,SRL,579375408.45,-1.7176309815601647,569423876.9349221,2.8967816799258457,596158649.1399752
COMP_02057,2023,2024,41,Campania,SRL,693933983.29,21.625496765002243,844000654.3976301,9.032297319269325,756612163.8602015
COMP_02058,2023,2024,46,Toscana,SRL,2743794451.0,-57.87456552008583,1155835333.7195258,-58.79564652100154,1130562764.3271854
COMP_02059,2023,2024,43,Sicilia,SRL,274328157.53,208.36808049271104,845940473.6262815,196.9372955961092,814582612.0282161
COMP_02060,2023,2024,71,Lazio,SRL,1127735917.72,-47.563434781322734,591345979.9896964,-39.93092786371985,677420501.9219677
COMP_02061,2023,2024,71,Sicilia,SRL,712225658.47,-20.673056075988683,564986848.7069173,-16.518945741734537,594573488.3886292
COMP_02062,2023,2024,46,Veneto,SNC,11641958.58,3379.897799010275,405128260.38710785,2494.887038776905,302095674.2521958
COMP_02063,2023,2024,43,Piemonte,SRL,301225182.61,192.96720173968046,882490988.4277596,162.96377488231047,792113111.0873891
COMP_02064,2023,2024,56,Lazio,SNC,892289293.27,-49.154742710310536,453686786.93148327,-47.2563623218466,470625831.8832844
COMP_02066,2023,2024,46,Lombardia,SRL,7201654386.46,-85.07467536527733,1074870296.2498996,-80.88294092974263,1376744523.0953398
COMP_02067,2023,2024,43,Lombardia,SRL,329645557.04,164.5766821070011,872165277.5295738,139.87156783010272,790725965.9541236
COMP_02068,2023,2024,71,Lombardia,SRL,589066471.54,-3.9551213575570743,565768177.7139136,-7.909903115752877,542471884.353802
COMP_02069,2023,2024,10,Lombardia,SRL,2839840055.34,-79.74556698401331,575193501.7699999,-81.98065491082076,511720579.5524533
COMP_02070,2023,2024,46,Veneto,SRL,962968358.39,16.033362251528267,1117364563.6582637,24.531122998706696,1199195310.8252776
COMP_02071,2023,2024,56,Sicilia,SRL,2909135325.85,-54.63027684397131,1319866643.5723782,-57.36732291613177,1240242269.4023683
COMP_02072,2023,2024,46,Lombardia,SPA,2948952829.76,115.76332523108717,6362758684.986418,103.72243795912038,6007678599.051541
COMP_02073,2023,2024,25,Emilia-Romagna,SRL,5796958320.02,-86.31522591193364,793300650.0741038,-87.40611604608988,730062203.6798571
COMP_02074,2023,2024,77,Emilia-Romagna,SPA,2528690593.03,21.918231337570987,3082934847.0217113,2.294058942870119,2586700245.7169204
COMP_02075,2023,2024,46,Emilia-Romagna,SRL,3928600668.53,-70.61762202811514,1154316297.4334807,-70.48287974570434,1159609783.641063
COMP_02076,2023,2024,47,Lombardia,SRL,486959488.74,148.22468420146666,1208753653.1139417,118.16222941068413,1062361676.9620534
COMP_02077,2023,2024,41,Piemonte,SRL,81715421.93,959.8695052094145,866076838.0892764,782.9246760874759,721485624.3889668
COMP_02078,2023,2024,46,Lombardia,SRL,213238088.72,450.5001852225984,1173876073.3687289,351.5191003857889,962810699.8683944
COMP_02079,2023,2024,45,Veneto,SRL,142307788.36,299.5944663778571,568654047.5112723,272.40942462547025,529967615.828708
COMP_02080,2023,2024,10,Lazio,SRL,536690698.28,6.930400956827323,573885515.5688003,-8.481390723540903,491171863.18197316
COMP_02081,2023,2024,25,Lazio,SRL,392596252.76,109.82549067394598,823767013.7211951,101.67720289885177,791777141.2520741
COMP_02082,2023,2024,62,Piemonte,SRL,4624396214.94,-85.60492208519995,665685438.2296774,-82.48202799689443,810100434.2458625
COMP_02083,2023,2024,41,Umbria,SRL,7409129449.09,-88.52640901647788,850093208.4282709,-85.86371150314412,1047375914.0288708
COMP_02084,2023,2024,41,Sicilia,SRL,336112944.53,154.87087284019964,856653995.452507,221.30805543858523,1079957966.1467135
COMP_02085,2023,2024,46,Piemonte,SRL,696782239.5,70.94922166771465,1191143815.1441214,61.60282473109758,1126019781.2566016
COMP_02086,2023,2024,56,Lazio,SNC,430202094.94,9.479647418672895,470983736.72805643,-6.949806608897872,400303881.3142428
COMP_02087,2023,2024,10,Toscana,SPA,12954231196.0,-74.04914317797514,3361733990.0680394,-62.78923092588294,4820369055.670793
COMP_02088,2023,2024,46,Veneto,SRL,762327339.43,57.23181812944712,1198621135.8836305,60.27754673213536,1221839557.7067623
COMP_02089,2023,2024,25,Campania,SAS,598964342.09,-45.932275596459,323846389.75670373,-41.296451480716435,351613323.1720108
COMP_02090,2023,2024,10,Veneto,SAS,153130406.44,35.27676452957696,207149859.34302294,36.54260283664515,209088242.6875097
COMP_02091,2023,2024,10,Sicilia,SRL,1173174975.12,-43.87615208265892,658430938.8406528,-49.6972805641235,590138916.2265275
COMP_02092,2023,2024,62,Lombardia,SRL,2463316243.56,-72.3263519440117,681689467.7487861,-67.37063515585834,803764444.3761973
COMP_02093,2023,2024,25,Sicilia,SNC,284083093.15,11.004463346480609,315344913.0092401,-5.465325355625706,268557027.82902724
COMP_02094,2023,2024,10,Lombardia,SRL,1517996182.82,-61.06988314457428,590957687.8327279,-63.85713464635522,548647316.4301
COMP_02095,2023,2024,45,Veneto,SAS,47640301.79,350.82081822585144,214772398.33494294,346.61761640778246,212769980.30397213
COMP_02096,2023,2024,62,Liguria,SRL,560072066.59,13.802342065835767,637375129.0359473,12.736027879443634,631403001.1358786
COMP_02097,2023,2024,41,Emilia-Romagna,SRL,825004822.68,5.81141963520522,872949314.9366155,-5.1837365835597105,782238745.8706049
COMP_02098,2023,2024,45,Veneto,SRL,698261428.12,-20.886603431724787,552418332.7118776,-9.249812839739285,633673552.8868093
COMP_02099,2023,2024,10,Campania,SRL,1984079351.14,-69.31951127504128,608725241.6207418,-68.06006073886763,633713739.646785
COMP_02100,2023,2024,46,Umbria,SPA,11557669330.04,-45.15381178771993,6338941073.706708,-53.04557904012239,5426836710.377648
COMP_02101,2023,2024,46,Sicilia,SAPA,1817075975.68,-72.73682054550179,495392684.07421285,-72.76303548049286,494916338.7884497
COMP_02102,2023,2024,46,Lombardia,SRL,681641049.15,63.27847382129518,1112973101.9915845,35.35502524282109,922635414.142413
COMP_02103,2023,2024,43,Toscana,SRL,164628370.4,369.2391606310907,772500783.425603,358.3276646616916,754537365.4249195
COMP_02104,2023,2024,43,Veneto,SPA,54821795452.15,-93.0854260528889,3790693585.672901,-93.57573312111029,3521898447.6451354
COMP_02105,2023,2024,25,Lombardia,SRL,281084205.99,202.48688055094587,850242846.4205459,188.92626537755788,812126098.9330689
COMP_02106,2023,2024,43,Emilia-Romagna,SRL,3331906328.13,-74.98045869815219,833627679.9053661,-75.62152596142285,812267919.1928815
COMP_02107,2023,2024,25,Umbria,SRL,9394617818.05,-92.2804496222221,725222255.2640684,-92.55309128811992,699608612.7402036
COMP_02108,2023,2024,56,Lombardia,SPA,4032420015.27,50.88779413182343,6084429611.171041,28.43619864008249,5179086980.814622
COMP_02109,2023,2024,77,Lombardia,SPA,14655560286.78,-79.59419487561638,2990585072.006883,-75.85189257472659,3539040441.8273425
COMP_02110,2023,2024,77,Lazio,SRL,482203153.33,22.336497207547243,589910447.2082602,24.23820638057526,599080548.8077672
COMP_02111,2023,2024,68,Lombardia,SRL,711844016.76,-67.12782154147094,233998635.53570879,-62.645415708600225,265906373.26390013
COMP_02112,2023,2024,47,Lombardia,SNC,408409038.05,14.350367493209923,467017235.88565856,-1.4269725928398354,402581153.0103457
COMP_02113,2023,2024,47,Emilia-Romagna,SRL,1448238740.28,-19.60708965842771,1164281272.0052164,-29.751949043481353,1017359488.2439381
COMP_02114,2023,2024,41,Toscana,SRL,2460653749.79,-65.90166247100532,839042021.0232582,-64.91065413448133,863427304.8166676
COMP_02116,2023,2024,46,Piemonte,SPA,6591951523.4,-15.781503024041264,5551642494.3912945,-19.249477978217783,5323035266.568325
COMP_02117,2023,2024,46,Emilia-Romagna,SRL,1087767217.06,9.447824974992251,1190537559.8631728,14.283737281594032,1243141028.580157
COMP_02118,2023,2024,56,Lazio,SRL,120202390.51,889.3217421714696,1189188383.9252853,741.1025729473713,1011025399.323857
COMP_02119,2023,2024,41,Emilia-Romagna,SRL,261258083.9,219.63852321521554,835081481.1583288,208.38770753035502,805687815.6769415
COMP_02120,2023,2024,43,Veneto,SRL,387120784.07,115.37720077218259,833769908.3372914,161.01266815404875,1010434287.4799807
COMP_02121,2023,2024,71,Sicilia,SRL,3052478485.47,-81.40554181582688,567591835.5616002,-81.24496913633651,572493282.0565863
COMP_02122,2023,2024,10,Sicilia,SRL,1179733678.34,-44.14297155242343,658964176.3160151,5.275886948953628,1241975093.5079505
COMP_02123,2023,2024,46,Campania,SRL,3108462580.85,-60.97817914562,1212978699.624724,-66.95040471935717,1027334302.4211502
COMP_02124,2023,2024,71,Lombardia,SRL,503918305.35,18.516770799060975,597227702.9661717,39.47829730217275,702856672.0961437
COMP_02125,2023,2024,47,Toscana,SRL,143761815.1,684.5323677064114,1127857971.8617432,711.5563633474783,1166708158.507886
COMP_02126,2023,2024,46,Emilia-Romagna,SRL,2240256352.58,-46.43906026315955,1199902354.9561138,-45.97656304518247,1210263478.2623508
COMP_02127,2023,2024,41,Lombardia,SNC,242526626.93,34.50172117512629,326202487.52882737,40.05275370791228,339665219.49038017
COMP_02128,2023,2024,43,Emilia-Romagna,SAS,125274620.14,163.0249349016168,329503488.0714827,158.71826352221922,324108321.8602643
COMP_02129,2023,2024,62,Campania,SRL,1054330448.55,-35.89539199884505,675874401.0797962,-36.458005790600666,669942592.565575
COMP_02130,2023,2024,46,Lombardia,SPA,9100187431.31,-25.813769985433233,6751085979.548331,-46.267537619271494,4889754788.104429
COMP_02131,2023,2024,46,Lazio,SRL,1484068830.97,-21.20438071370761,1169381225.9976513,-22.46272549738263,1150706523.2769935
COMP_02132,2023,2024,25,Liguria,SNC,139610303.71,136.6300687831377,330359957.69732046,155.678583395432,356953646.7997883
COMP_02133,2023,2024,10,Sicilia,SRL,1837895525.04,-69.14490337248108,567084440.163938,-68.3748617659924,581237000.3905396
COMP_02134,2023,2024,77,Puglia,SRL,1345958009.91,-56.152231008521476,590172558.9076385,-54.830163264377404,607967035.6063821
COMP_02135,2023,2024,43,Emilia-Romagna,SRL,374276858.65,128.22707217667596,854201116.3317308,128.72432367943887,856062213.6358618
COMP_02136,2023,2024,47,Lazio,SRL,114252031.13,839.979869284608,1073946092.8707836,832.9272924891005,1065888380.6349132
COMP_02137,2023,2024,10,Puglia,SNC,46204371.24,392.60582934321025,227605426.13961774,491.5165131491069,273306485.6813168
COMP_02138,2023,2024,47,Lombardia,SRL,192842381.16,514.8270673522303,1185647156.698238,444.8795100123256,1050758621.5607094
COMP_02139,2023,2024,71,Emilia-Romagna,SRL,81357178.41,571.487229013848,546303062.9091616,602.6952142401519,571692999.127892
COMP_02141,2023,2024,25,Sicilia,SPA,1453516570.22,242.02610651311613,4971406132.64645,111.69657285559065,3077044765.0438647
COMP_02142,2023,2024,46,Puglia,SRL,5790417860.31,-79.9452144300425,1161255885.489692,-81.99287241679293,1042687931.7068305
COMP_02143,2023,2024,56,Lombardia,SRL,7381731974.72,-82.35308779139086,1302647761.0536687,-82.68301451580157,1278293454.5446966
COMP_02144,2023,2024,45,Piemonte,SNC,817271419.89,-71.89159959468229,229721923.1009065,-71.0181435909761,236860429.3845106
COMP_02146,2023,2024,47,Piemonte,SRL,895724869.59,33.97723335028762,1200067398.7071538,53.21934882494439,1372423812.4488804
COMP_02147,2023,2024,68,Campania,SAS,24147362.75,267.4981753254815,88741117.49547501,360.5226193225562,111204067.43361923
COMP_02148,2023,2024,47,Piemonte,SRL,880521729.55,32.503052971490696,1166718173.7311225,16.030468604209172,1021673488.9587523
COMP_02149,2023,2024,25,Veneto,SRL,138100060.02,498.3766276157032,826358481.882938,477.6066752362687,797675165.1808136
COMP_02150,2023,2024,43,Lombardia,SRL,308568896.31,193.556036426768,905822621.6534597,210.54232854250384,958237035.7589782
COMP_02151,2023,2024,41,Lombardia,SPA,6445952467.3,-28.41425217941781,4614383277.875974,-37.79386348449325,4009777991.5333138
COMP_02152,2023,2024,71,Puglia,SRL,548195181.95,2.7076138458668084,563038190.598853,24.060355644477415,680092892.3530601
COMP_02153,2023,2024,56,Veneto,SNC,108500454.49,343.53008904088546,481232162.4092624,330.13517268054943,466698617.2797424
COMP_02154,2023,2024,47,Lazio,SPA,9630947937.25,-32.43928043887702,6506737726.963231,-35.8244904767417,6180709910.649922
COMP_02155,2023,2024,43,Lombardia,SRL,1301316894.45,-35.25387272961873,842552292.6715702,-39.18326401213718,791418460.063112
COMP_02156,2023,2024,41,Lazio,SPA,1707175156.19,152.9246252939414,4317866366.904817,154.60860389349952,4346614831.192029
COMP_02157,2023,2024,56,Lombardia,SRL,1285822369.99,-4.848248811190056,1223482502.222944,-11.833637397155032,1133662813.1538782
COMP_02158,2023,2024,46,Piemonte,SRL,4436278532.02,-74.93776517766659,1111830543.0676174,-79.1401014018958,925403203.3088367
COMP_02159,2023,2024,41,Veneto,SPA,2313614754.06,84.31694959979158,4264384140.1741123,48.016101612529376,3424522365.291921
COMP_02160,2023,2024,47,Toscana,SNC,578270673.84,-21.561942156330474,453584285.63959676,-15.641844018464164,487818477.03342557
COMP_02161,2023,2024,10,Emilia-Romagna,SRL,2616350274.42,-78.35308220798802,566359193.0547773,-77.2978450596434,593967893.0812734
COMP_02162,2023,2024,43,Campania,SRL,4503307901.68,-82.057032353291,808027079.830132,-82.4699182874637,789433554.9316078
COMP_02163,2023,2024,46,Emilia-Romagna,SRL,2330751008.47,-51.131578479476005,1139001227.4129834,-47.62188814226443,1220803370.3417163
COMP_02164,2023,2024,25,Piemonte,SRL,1603134986.38,-47.65844906277895,839105715.4884996,-55.97997037984611,705700495.8555261
COMP_02165,2023,2024,82,Sicilia,SRL,2430031723.61,-75.76113425518238,589012127.0423054,-74.86589056965622,610766832.6042067
COMP_02166,2023,2024,41,Emilia-Romagna,SRL,2885397888.57,-70.50206342283657,851132839.1691915,-78.85308939276823,610172512.1588514
COMP_02167,2023,2024,25,Lazio,SRL,213996736.33,251.20779668831915,751573222.6495049,216.09007057838065,676422434.9009283
COMP_02168,2023,2024,41,Toscana,SRL,470380145.02,72.19825898463095,809986420.3338223,81.56850046191983,854062175.7834178
COMP_02169,2023,2024,56,Lombardia,SRL,1082535306.33,18.31014863897539,1280749129.9884105,-0.7943243571527862,1073936464.7170422
COMP_02170,2023,2024,45,Toscana,SPA,15550861891.01,-79.46657406028461,3193124709.377961,-69.5427648617812,4736362572.164576
COMP_02171,2023,2024,46,Lazio,SPA,37732075298.42,-82.4225890993707,6632321916.53813,-85.64949878653675,5414741923.564624
COMP_02172,2023,2024,10,Lombardia,SRL,11684995372.9,-94.79277672898039,608463798.2752157,-95.33707504423138,544862565.3233624
COMP_02173,2023,2024,10,Emilia-Romagna,SRL,891505596.49,-34.42225091328016,584629303.1602772,-37.53563962278858,556873268.5745219
COMP_02175,2023,2024,62,Veneto,SRL,811991318.36,-21.678541898061596,635963440.2007047,-24.689325330434787,611516140.1152132
COMP_02176,2023,2024,68,Lombardia,SRL,155078578.7,75.56101091074457,272257520.4717346,63.62969864572095,253754610.99087718
COMP_02177,2023,2024,25,Toscana,SPA,5879902268.38,-17.723614801138744,4837771039.64891,-32.23228444358099,3984675444.231188
COMP_02178,2023,2024,46,Toscana,SRL,758024860.33,48.3174276112671,1124282973.4953563,65.03192908640845,1250983049.9571524
COMP_02179,2023,2024,71,Sicilia,SRL,100970992.85,445.3717355218023,550667256.0796399,366.752316680087,471284448.30226
COMP_02180,2023,2024,43,Lombardia,SRL,1764120173.31,-55.528009233998766,784539360.5755882,-64.39862073378865,628051113.6118381
COMP_02182,2023,2024,25,Lazio,SRL,190203394.25,317.66117403259693,794405729.474399,308.854040040398,777654261.685091
COMP_02183,2023,2024,71,Lombardia,SAPA,335561692.71,-30.85134995471774,232036380.5780633,-13.477143404432814,290337562.1731311
COMP_02184,2023,2024,56,Toscana,SRL,1082189943.91,16.34563225912274,1259080732.4867353,-9.416716354158538,980283186.478768
COMP_02185,2023,2024,71,Friuli-Venezia Giulia,SRL,237922811.16,141.1217828443606,573683724.0624133,149.152059183088,592789583.2714299
COMP_02187,2023,2024,43,Veneto,SNC,226779920.92,44.1340837459822,326867161.137905,11.386415549917045,252602025.09972444
COMP_02188,2023,2024,71,Veneto,SRL,939697483.43,-43.50390491666485,530892383.7343203,-50.5464718802154,464713559.2089633
COMP_02189,2023,2024,41,Toscana,SRL,719922820.46,15.37778559416847,830631008.2338293,8.319388227805641,779815994.8346356
COMP_02190,2023,2024,43,Lombardia,SAS,156655372.28,87.06830338487481,293052547.0854555,83.05977498752452,286772972.00163686
COMP_02191,2023,2024,47,Umbria,SRL,3584369765.75,-62.823738541607305,1332534675.7507977,-64.02714830713293,1289400019.957214
COMP_02192,2023,2024,56,Toscana,SRL,654203095.33,96.34776665309948,1284513167.0559025,67.39968499570455,1095133920.8145688
COMP_02194,2023,2024,41,Lazio,SRL,1669719915.37,-47.796604298734884,871650494.52343,-54.60725299037432,757931736.9532402
COMP_02195,2023,2024,62,Piemonte,SRL,447026408.5,48.49124723794652,663795089.4646478,61.45742894805,721757345.8829073
COMP_02196,2023,2024,56,Piemonte,SRL,2710991590.87,-51.797878154834024,1306755469.843361,-70.42908656976898,801664976.4370103
COMP_02197,2023,2024,10,Emilia-Romagna,SRL,175345380.02,238.5226188334136,593583772.4471052,223.5061506334683,567253089.2163286
COMP_02198,2023,2024,43,Sicilia,SRL,863253262.07,-8.174971512459674,792682553.8153987,-14.50144118604231,738069097.9843273
COMP_02199,2023,2024,41,Campania,SRL,1021805506.14,-19.946106104859332,817995095.7000207,-27.44623090658999,741358407.5085651
COMP_02200,2023,2024,43,Sicilia,SRL,680855610.51,27.770291932826474,869931201.189655,21.048654852759043,824166558.0118953
COMP_02201,2023,2024,82,Lazio,SRL,848710225.74,-34.78480738580189,553488008.4527366,-15.54321972342033,716793330.5380951
COMP_02202,2023,2024,47,Campania,SNC,59483327.13,694.6148746472584,472663365.31006813,641.8878847197583,441299597.40569115
COMP_02203,2023,2024,56,Lazio,SRL,2325883743.43,-48.09968354292122,1207141023.26392,-14.437736155621543,1990078785.267083
COMP_02204,2023,2024,77,Puglia,SRL,353488499.68,61.968688581158105,572540687.2169073,65.98902910040509,586752128.6004206
COMP_02205,2023,2024,43,Umbria,SRL,4860666619.0,-82.56531293419653,847442014.3346196,-85.25857873707749,716531342.4930425
COMP_02206,2023,2024,62,Lombardia,SRL,131997297.27,425.5739683147472,693743433.3301525,509.2735413382504,804224607.5477067
COMP_02208,2023,2024,68,Lombardia,SRL,273917692.46,-11.0999988131628,243512831.84789705,-5.6289673296660405,258498955.04125148
COMP_02209,2023,2024,41,Umbria,SRL,248684741.93,223.92432080096535,805550361.232386,196.11834833409594,736401150.362025
COMP_02210,2023,2024,71,Veneto,SRL,618252781.47,-10.354811773656623,554233869.6633849,-20.04107509724894,494348277.24476695
COMP_02211,2023,2024,41,Veneto,SPA,9767198735.85,-62.858248454095836,3627708687.4641004,-71.4589985212362,2787656335.6327486
COMP_02212,2023,2024,43,Lazio,SRL,3710143407.82,-77.52125333206894,833993737.6608026,-80.0794531048147,739080857.4334087
COMP_02213,2023,2024,56,Sicilia,SRL,249855040.71,434.83087692316985,1336301905.266036,307.7553270401475,1018797238.3733542
COMP_02215,2023,2024,47,Lombardia,SRL,2346205632.05,-49.829570875248095,1177101433.7485828,-48.42368595684977,1210086384.8841858
COMP_02216,2023,2024,46,Veneto,SRL,879598158.25,27.93777105266604,1125338277.8853521,31.865732658068882,1159888555.8232427
COMP_02217,2023,2024,56,Lombardia,SRL,616023245.21,92.24662940310053,1184283925.255822,70.51394088449213,1050405512.1721095
COMP_02218,2023,2024,41,Emilia-Romagna,SRL,108222047.72,745.4370824676091,914949322.8306718,686.6184776802141,851294624.2894189
COMP_02219,2023,2024,10,Lazio,SPA,12756591902.02,-73.83435761418824,3337844217.6999764,-64.89532554725442,4478160058.469428
COMP_02220,2023,2024,43,Puglia,SAS,114207060.45,181.15944804020833,321103940.78416705,183.89341115107288,324226319.68687284
COMP_02221,2023,2024,46,Sicilia,SRL,958870081.08,20.816304832227633,1158471400.102641,25.715819315250453,1205451378.5985284
COMP_02222,2023,2024,25,Lazio,SRL,299439042.88,175.0543956246536,823620249.6578313,148.35788258668833,743680466.5346137
COMP_02223,2023,2024,43,Lombardia,SAS,509865117.27,-39.92083360962364,306322712.17113084,-37.032726875764865,321048160.95660263
COMP_02224,2023,2024,45,Lazio,SRL,321225967.69,95.13103481921144,626811554.8615228,76.40921674722367,566672213.5906187
COMP_02225,2023,2024,10,Piemonte,SRL,100020382.7,518.9093140858906,619035464.5146528,557.6722122770649,657806263.6310768
COMP_02226,2023,2024,46,Lombardia,SRL,485956686.4,141.62040629105178,1174170520.0782123,182.7243809490306,1373918033.304822
COMP_02227,2023,2024,68,Emilia-Romagna,SRL,64239671.38,263.05920813642035,233228042.22166666,259.12696215474034,230701980.32518214
COMP_02228,2023,2024,25,Lombardia,SRL,2070613288.81,-60.24623857795774,823146666.80663,-61.376252789102764,799748442.3852198
COMP_02229,2023,2024,47,Lombardia,SRL,827793078.52,44.556471801030625,1196628468.1216471,35.718404339622936,1123467557.401186
COMP_02230,2023,2024,47,Veneto,SRL,32069095487.58,-96.26461701676762,1197903535.7196085,-96.60363124593279,1089184738.8521452
COMP_02231,2023,2024,45,Lazio,SRL,91514768.4,521.0697770046089,568370568.0281643,371.1104010640786,431135592.4421027
COMP_02232,2023,2024,47,Umbria,SPA,3829566039.42,83.69736238877604,7034811805.350856,27.244896798579415,4872927354.693424
COMP_02233,2023,2024,45,Emilia-Romagna,SRL,1568679742.89,-64.09902856747671,563171266.3627187,-65.80767188261501,536368124.7999
COMP_02234,2023,2024,46,Toscana,SRL,3050520814.81,-60.22323347854987,1213398542.195212,-67.45014339422606,992940150.9499422
COMP_02235,2023,2024,10,Emilia-Romagna,SRL,304035290.12,96.16920587965372,596423614.2223053,108.56735632811426,634118366.9077964
COMP_02236,2023,2024,47,Emilia-Romagna,SPA,83250190428.05,-93.17135200778053,5684862457.183933,-93.37803115373679,5512801674.600267
COMP_02237,2023,2024,47,Lombardia,SPA,29740890484.27,-80.63113665118438,5760472436.619163,-79.76175821992383,6019033323.754232
COMP_02238,2023,2024,10,Lazio,SRL,317470216.93,87.14827318401292,594140028.8580348,65.59468855915291,525713816.9933007
COMP_02239,2023,2024,43,Lombardia,SRL,2502238472.67,-63.91508682799296,902930580.2195246,-65.70537662547734,858133260.1345843
COMP_02240,2023,2024,77,Veneto,SPA,2102087050.91,26.12019681558359,2651156325.842589,19.234778300432133,2506418834.8346305
COMP_02241,2023,2024,45,Lazio,SRL,803697809.81,-21.145097437523255,633755124.8224351,-21.39973389193612,631708617.2153411
COMP_02242,2023,2024,46,Liguria,SRL,5951033869.58,-79.11926156411783,1242619816.5377567,-81.9551552566987,1073854822.386987
COMP_02243,2023,2024,71,Lombardia,SRL,2785974385.07,-79.40087894668585,573886236.094894,-81.43900924354881,517104448.0899407
COMP_02244,2023,2024,56,Emilia-Romagna,SRL,4063144206.74,-67.8572377836649,1306006780.8792334,-69.40336003214452,1243185604.3110156
COMP_02245,2023,2024,46,Sicilia,SRL,1248556451.2,-5.183443580423376,1183838231.9823117,49.3684621876963,1864949570.702715
COMP_02246,2023,2024,62,Lazio,SRL,1571037180.54,-57.858971492505745,662051226.1146954,-48.34066067549526,811587428.0092907
COMP_02247,2023,2024,68,Veneto,SRL,651259842.45,-64.26737215169649,232712255.8281063,-63.50469167486146,237679287.49993902
COMP_02248,2023,2024,46,Emilia-Romagna,SAS,371696890.87,19.53129298515592,444294099.642535,38.87944416605692,516210576.0227712
COMP_02249,2023,2024,46,Lazio,SPA,206082830628.04,-96.32398648332303,7575632709.437297,-97.34788576536332,5465552086.228456
COMP_02250,2023,2024,43,Lazio,SAS,861330101.38,-62.88312666706764,319698802.7076324,-61.40049206759894,332469180.80633116
COMP_02251,2023,2024,77,Umbria,SNC,258911222.19,-17.383222063990736,213904109.48811984,-18.377019869605164,211331055.44350612
COMP_02252,2023,2024,47,Toscana,SRL,1443570090.7,-18.469970485289004,1176943121.0132504,-37.81021352795991,897753156.9805654
COMP_02253,2023,2024,25,Veneto,SRL,160061856.02,395.826849063639,793629657.2567446,402.55795159019095,804403584.8913528
COMP_02254,2023,2024,68,Emilia-Romagna,SRL,57267740.82,323.0221546879603,242255231.15788057,309.2097965822932,234345205.7167969
COMP_02256,2023,2024,10,Sicilia,SRL,3412473007.67,-81.56629997139267,629045037.7910826,-83.71346223486249,555773705.1192986
COMP_02257,2023,2024,46,Piemonte,SAPA,2514570414.65,-80.2859717400238,495723122.1611018,-81.59724912808082,462750128.9070247
COMP_02259,2023,2024,68,Piemonte,SPA,419143898.31,188.1242742054816,1207655314.8822494,134.3722959772132,982357177.9175427
COMP_02260,2023,2024,41,Veneto,SRL,398734660.33,101.54481029378785,803629014.7376778,90.81387548897466,760841058.2934722
COMP_02261,2023,2024,62,Emilia-Romagna,SRL,473094403.7,43.68119495591688,679747692.5057294,49.47808968577576,707172477.061072
COMP_02263,2023,2024,10,Piemonte,SRL,292324668.28,103.80316530080725,595766926.9097248,108.48455744404434,609451790.9633286
COMP_02264,2023,2024,77,Emilia-Romagna,SPA,61203658856.89,-95.07842382009316,3012184695.5321374,-96.2947466194619,2267750638.8079176
COMP_02265,2023,2024,46,Emilia-Romagna,SRL,547014146.62,113.51642186149223,1167965032.9392009,110.03510236764612,1148921722.8188229
COMP_02266,2023,2024,43,Emilia-Romagna,SRL,1242402083.17,-23.717474709478264,947735683.3041242,-33.70388123391184,823664360.6107367
COMP_02267,2023,2024,46,Puglia,SRL,2784166769.72,-57.90537456881587,1171984573.0931327,-60.12127958499613,1110290081.9840834
COMP_02268,2023,2024,62,Lombardia,SRL,433869552.93,40.24326930619192,608472845.5531908,49.20444300738046,647352649.8278183
COMP_02269,2023,2024,43,Sicilia,SRL,863546816.68,-8.438397061352223,790677307.4778742,-14.054200655805703,742182214.3069701
COMP_02270,2023,2024,41,Lazio,SRL,7737579309.82,-89.93469953020066,778810606.6224102,-91.41729639538805,664093498.3336303
COMP_02271,2023,2024,25,Campania,SRL,384057914.8,106.41048521461771,792735805.4438231,120.64118518938886,847389935.0283734
COMP_02272,2023,2024,43,Piemonte,SRL,3189605228.82,-73.73981758952579,837596151.2621555,-75.94766537671481,767174522.797588
COMP_02273,2023,2024,62,Toscana,SRL,886976139.83,-27.119881987837758,646429257.4478252,-32.02816186439868,602893986.0666524
COMP_02274,2023,2024,46,Sardegna,SRL,942224530.12,24.89334559561842,1176775738.6894634,19.66995648473579,1127559685.1831102
COMP_02275,2023,2024,41,Emilia-Romagna,SPA,388444638766.84,-98.63673844689708,5295516415.3978,-98.39103608438914,6249934069.883343
COMP_02276,2023,2024,25,Veneto,SRL,137705712.88,484.85726257410994,805381862.7581315,430.2616926226913,730200643.9556314
COMP_02277,2023,2024,43,Sicilia,SRL,1670175245.2,-49.12481979390849,849704665.7530308,-54.02032497528519,767941150.0861938
COMP_02278,2023,2024,71,Emilia-Romagna,SRL,64385830.75,772.9077489229702,562028905.8251785,846.6728050687899,609523150.0278685
COMP_02279,2023,2024,43,Lazio,SRL,213172299.92,326.24909495033944,908644999.0938231,317.7435452581028,890513523.1940439
COMP_02280,2023,2024,82,Lombardia,SRL,692574412.18,-15.317320232444064,586490571.6184223,-2.3665668289458295,676184175.8755815
COMP_02281,2023,2024,46,Campania,SNC,641577598.12,-34.49963124173211,420235692.639038,-40.68575225012385,380546926.0566016
COMP_02282,2023,2024,41,Piemonte,SAS,436887318.19,-28.01539267446151,314491620.4541474,-28.276753941671274,313349766.22304726
COMP_02283,2023,2024,68,Lazio,SRL,79329588.84,196.96604971473246,235581946.23308727,208.12031801202411,244430581.4114392
COMP_02284,2023,2024,46,Lazio,SRL,393829722.84,150.5408649017806,986704393.8436214,190.21242839971458,1142942802.4138293
COMP_02285,2023,2024,47,Lombardia,SPA,20977407161.45,-75.58893713845185,5120808048.904463,-77.52491334007576,4714690438.541041
COMP_02286,2023,2024,82,Sicilia,SRL,213623862.64,159.8542358480741,555110655.8523114,141.26243361857226,515394129.79525995
COMP_02287,2023,2024,10,Lombardia,SRL,2483182721.77,-75.4827279395903,608808663.6534371,-73.19996142246063,665493927.385152
COMP_02288,2023,2024,25,Piemonte,SRL,459821889.99,80.95660438381034,832078078.3393639,86.43570462508114,857272180.623222
COMP_02289,2023,2024,56,Lombardia,SRL,3085932029.9,-58.26531221573809,1287904097.913301,-59.22162081656354,1258393064.49574
COMP_02290,2023,2024,41,Emilia-Romagna,SNC,1454256389.55,-76.98840668305098,334647566.1489917,-77.14795679346223,332327298.47380227
COMP_02291,2023,2024,41,Lombardia,SRL,684345895.27,23.01350501411439,841837872.1918474,21.614590468752603,832264457.9223291
COMP_02292,2023,2024,10,Lombardia,SRL,2238927418.65,-73.02859306663782,603870225.0267129,-73.20610569224574,599895846.1804119
COMP_02294,2023,2024,56,Lazio,SPA,211316229.43,2852.5909637833115,6239303895.157791,1948.407381487821,4328617241.925859
COMP_02295,2023,2024,25,Lazio,SPA,10233413881.53,-60.18744272694952,4074183762.572429,-60.85284003629242,4006090901.9508066
COMP_02296,2023,2024,46,Lombardia,SRL,579087287.16,109.19261812833658,1211407857.2583625,115.9383026003338,1250471258.4676247
COMP_02297,2023,2024,47,Lazio,SRL,1233364501.42,-9.396127084398014,1117476005.452725,-6.16337909404082,1157347571.586159
COMP_02298,2023,2024,45,Lazio,SRL,483717526.16,13.535753523682578,549192338.2518724,14.415843584074116,553449488.1199784
COMP_02299,2023,2024,10,Lombardia,SPA,5561896984.7,-37.01697490100095,3503050973.854072,-41.50049939841945,3253681960.023867
COMP_02300,2023,2024,62,Veneto,SPA,3735549556.22,-17.23908437683578,3091575016.2847195,-15.501412797106813,3156486599.269846
COMP_02301,2023,2024,10,Liguria,SRL,255052243.92,139.1845737411274,610045622.4372325,163.28414159841958,671512111.0322793
COMP_02302,2023,2024,56,Sicilia,SPA,14432669748.12,-52.59880199825224,6841258364.244712,-43.94348676346842,8090451427.739778
COMP_02303,2023,2024,68,Lombardia,SRL,334376789.4,-29.530305458890094,235634302.10655034,-22.86079630968022,257935592.66841757
COMP_02304,2023,2024,45,Friuli-Venezia Giulia,SRL,294952092.83,106.29712284881882,608477681.2906672,127.01904882703009,669597435.6380848
COMP_02305,2023,2024,46,Campania,SRL,223964175.92,431.3505810893857,1190034950.1829739,273.73343974038323,837029018.4520191
COMP_02306,2023,2024,46,Lazio,SRL,1806745830.66,-25.392999397427705,1347958872.767456,-27.260080398474226,1314225464.626003
COMP_02307,2023,2024,43,Emilia-Romagna,SRL,463746673.07,72.91915433266827,801906825.3185278,79.50142916080338,832431905.8463285
COMP_02308,2023,2024,68,Lazio,SRL,550041808.85,-55.20031101469037,246417019.65397128,-58.51670188148452,228175483.34172058
COMP_02309,2023,2024,68,Lombardia,SRL,64294947.27,280.7261265347432,244787662.2986266,270.95906021034375,238507932.15552807
COMP_02310,2023,2024,43,Sicilia,SRL,413057769.45,111.43300639315349,873340460.0886357,119.46474786645922,906516192.2662629
COMP_02311,2023,2024,47,Emilia-Romagna,SRL,787396515.87,43.90733026595819,1133121304.5956888,45.33306766398642,1144347511.1932187
COMP_02312,2023,2024,71,Piemonte,SRL,432632420.59,30.405837153849685,564177929.8693534,62.75121172619972,704114506.8306137
COMP_02313,2023,2024,77,Puglia,SRL,112038299.08,434.27535641571933,598593021.7317796,377.24988349787054,534702651.8322958
COMP_02314,2023,2024,46,Lombardia,SRL,276732502.21,321.71311782772847,1167017263.1124785,273.3805569665294,1033265358.0591114
COMP_02315,2023,2024,46,Lazio,SRL,385544003.26,210.1651534050682,1195823149.15542,224.85243124082754,1252449068.0933254
COMP_02316,2023,2024,41,Lombardia,SAS,291307767.89,4.717655111700162,305050663.6926422,-4.9710176271155335,276826807.3990313
COMP_02317,2023,2024,77,Campania,SPA,4950906022.78,-34.24644617131049,3255396656.6964784,-36.61912287568585,3137927662.8384604
COMP_02318,2023,2024,25,Campania,SAS,96985695.73,207.35083837597142,298086348.93092376,207.09393200752965,297837186.5021158
COMP_02319,2023,2024,46,Campania,SRL,1093834523.48,4.80895265507863,1146436507.8390582,-12.808368717357787,953732164.5549281
COMP_02320,2023,2024,41,Umbria,SRL,1120897365.45,-18.019746379732034,918914503.018812,-24.595365660384278,845208559.7399586
COMP_02321,2023,2024,41,Puglia,SRL,567377831.96,53.038264881847844,868305189.3558304,45.92964760132274,827972470.7472532
COMP_02322,2023,2024,45,Emilia-Romagna,SRL,1072336098.54,-44.20534083472691,598306271.28658,-55.745629396924286,474555591.1584548
COMP_02323,2023,2024,82,Lombardia,SRL,167945351.85,239.6936925640042,570499767.1888741,240.1986636617872,571347842.6757866
COMP_02324,2023,2024,10,Veneto,SRL,157415386.29,272.200116003704,585900250.3790587,276.4576583289916,592602277.0768704
COMP_02325,2023,2024,46,Sardegna,SPA,763560673.02,656.5115860275282,5776424957.746071,488.40959363099614,4492864253.243081
COMP_02326,2023,2024,25,Veneto,SRL,3032694669.01,-73.99462511191047,788663617.8871567,-71.26083996130913,871570974.41163
COMP_02327,2023,2024,25,Lazio,SAS,2908668645.44,-89.98458228105427,291315314.9008163,-91.29441922230644,253216498.48422426
COMP_02328,2023,2024,45,Emilia-Romagna,SAS,72993057.87,189.30221692056296,211170534.61601946,202.69747110373405,220948140.25377515
COMP_02329,2023,2024,46,Lazio,SRL,2082625583.11,-41.092234793959335,1226828188.619374,-49.72273814078762,1047087117.9671634
COMP_02330,2023,2024,41,Lombardia,SPA,5685955025.6,-7.86226295734455,5238910289.850981,-9.953506142153413,5120003142.886824
COMP_02331,2023,2024,43,Lazio,SRL,2405469182.32,-64.5487317332453,852769332.8983738,-57.43587595829723,1023866886.5476182
COMP_02332,2023,2024,25,Emilia-Romagna,SPA,37873195389.85,-87.68543718810588,4663918435.154468,-88.02437950293985,4535550149.998511
COMP_02334,2023,2024,77,Lazio,SPA,4628129787.68,-34.80564417314497,3017279401.9087696,-46.6452076976783,2469329035.6985464
COMP_02335,2023,2024,71,Campania,SRL,203061546.9,161.41002710103132,530823244.7830634,159.13497144669745,526203481.5785371
COMP_02336,2023,2024,43,Piemonte,SNC,472356411.64,-26.31533452907917,348054241.7473797,-22.794607010764253,364684623.9165141
COMP_02337,2023,2024,46,Campania,SRL,223069835.02,445.0704108543957,1215887666.2357366,478.6630963711109,1290822814.3966608
COMP_02338,2023,2024,71,Lazio,SRL,638194877.12,-11.230455028362774,566522688.4517233,18.213777581631078,754434272.5760006
COMP_02339,2023,2024,10,Campania,SPA,4921344090.12,-27.213786686653233,3582060007.3185277,-39.552240330568516,2974842248.101507
COMP_02340,2023,2024,62,Veneto,SPA,6851075481.35,-49.48118809318403,3461081936.0171933,-41.45690155406869,4010831863.651793
COMP_02341,2023,2024,71,Lazio,SRL,559887047.17,4.178601388050985,583282495.0945632,-9.133096572699078,508752022.4539306
COMP_02342,2023,2024,25,Lazio,SRL,128648867.55,519.2978608362947,796719684.7272681,399.971220512489,643207313.2652304
COMP_02343,2023,2024,25,Campania,SRL,1241748187.68,-32.3688165359034,839808994.9719554,-21.864492899859236,970246243.3505757
COMP_02345,2023,2024,46,Toscana,SPA,7274866943.66,-12.609732807583375,6357525659.957267,-29.347094163259264,5139904891.452278
COMP_02346,2023,2024,10,Toscana,SPA,28712288448.44,-88.52428232380827,3294941160.7167864,-89.95347009512528,2884588645.346416
COMP_02347,2023,2024,41,Campania,SRL,637953654.18,34.537470374976095,858286708.4984949,41.26815102368977,901225331.6481498
COMP_02348,2023,2024,46,Emilia-Romagna,SRL,116994059.45,920.4341461867556,1193847331.6378329,709.7602601452188,947371400.156772
COMP_02349,2023,2024,47,Lazio,SRL,2583557492.58,-53.626196221618926,1198093882.1107113,-52.69787513497848,1222077591.0998106
COMP_02350,2023,2024,56,Emilia-Romagna,SPA,2314617327.82,171.09705996497505,6274859525.159889,141.36622563949814,5586704482.156944
COMP_02351,2023,2024,82,Umbria,SRL,225799022.81,133.77055568417813,527851630.35238117,143.3009229919728,549371106.6035852
COMP_02352,2023,2024,41,Emilia-Romagna,SAS,382082247.21,-22.119010839702486,297569433.53304124,-26.052370824581253,282540763.31195754
COMP_02353,2023,2024,46,Emilia-Romagna,SRL,3608339152.74,-68.01910908794913,1153979008.1746001,-67.16886210733682,1184658802.871023
COMP_02354,2023,2024,46,Puglia,SRL,377469975.74,199.5792724121953,1130821806.896382,195.2113584937361,1114334243.2880301
COMP_02355,2023,2024,45,Lazio,SRL,360950366.07,67.80851286977774,605705441.5000858,65.05062054209311,595750819.0474917
COMP_02356,2023,2024,25,Umbria,SRL,130187366.9,511.6221615933515,796254787.5552474,370.2063756010043,612149299.3908715
COMP_02357,2023,2024,77,Lazio,SRL,723676542.73,-17.765807878456695,595109558.4871306,-11.655216200366883,639330477.0834781
COMP_02358,2023,2024,62,Sicilia,SRL,927053028.0,-29.384761331722682,654640708.3036917,-33.91957106713332,612600617.3375287
COMP_02359,2023,2024,46,Lazio,SRL,695491254.58,72.94481406289663,1202816057.0570881,80.06664079937958,1252347739.1756673
COMP_02360,2023,2024,47,Lazio,SPA,2520960542.26,147.48945943904044,6239111618.710777,127.30219078430164,5730198541.364791
COMP_02361,2023,2024,41,Campania,SRL,98445660.31,752.4188812582729,839169396.2618216,740.5166347882448,827452151.1326787
COMP_02362,2023,2024,46,Lombardia,SRL,1405240427.79,-15.468615570712187,1187869188.1709335,-23.10279294536117,1080590641.3731687
COMP_02363,2023,2024,47,Piemonte,SRL,936854818.7,23.681400840768795,1158715163.6124048,27.889632550681196,1198140185.1687806
COMP_02364,2023,2024,46,Liguria,SRL,1778928721.98,-34.363751329763396,1167622079.6250548,-37.99236796820072,1103071576.033348
COMP_02365,2023,2024,82,Lazio,SPA,2276695422.54,37.611373628901454,3132991844.303616,38.24737009882608,3147471546.821906
COMP_02366,2023,2024,47,Lazio,SRL,3350025714.9,-64.9472886786545,1174274843.0347376,-59.018494336492566,1372890978.080699
COMP_02367,2023,2024,43,Liguria,SPA,6375112536.73,-23.88148418761364,4852641044.32825,-31.036994909234473,4396469183.247141
COMP_02368,2023,2024,56,Lombardia,SRL,171356441.77,597.022243159978,1194392514.2243755,349.69637684714155,770583710.1338719
COMP_02369,2023,2024,41,Puglia,SRL,1519900694.28,-43.28759608579507,861972220.8348786,-46.53068562629887,812680480.3926393
COMP_02370,2023,2024,43,Toscana,SRL,932142846.15,-13.827523501667713,803250575.0294944,-36.58988911217516,591072812.3766415
COMP_02371,2023,2024,43,Emilia-Romagna,SRL,1183471051.71,-27.34272862029416,859877773.7411935,-37.076605492650536,744680158.7477611
COMP_02372,2023,2024,45,Toscana,SRL,278676747.34,117.84934501099437,607095468.7781336,170.61320107268,754136066.6219985
COMP_02373,2023,2024,62,Campania,SPA,1256346071.41,150.6546134088467,3149089388.369969,118.51867656831757,2745350808.363182
COMP_02374,2023,2024,46,Toscana,SRL,159031738.27,600.9359709785385,1114710658.8068726,546.4549332633154,1028068517.500819
COMP_02375,2023,2024,62,Lombardia,SRL,1500410871.39,-55.388276163573686,669359154.3562244,-63.44582903475182,548462755.1090707
COMP_02376,2023,2024,46,Lombardia,SRL,1379098457.05,-9.64857211363413,1246035147.903515,-4.123058066285134,1322237426.874586
COMP_02377,2023,2024,43,Veneto,SRL,527993920.27,47.356893316269584,778035437.8086534,82.32866051972333,962684242.453867
COMP_02378,2023,2024,62,Piemonte,SRL,619595971.45,6.730879283350044,661300228.3327996,-5.0581193767104455,588256067.5607703
COMP_02379,2023,2024,41,Veneto,SRL,3243449731.72,-74.26939352427868,834559286.7067116,-73.40397079319223,862628837.9563797
COMP_02380,2023,2024,41,Veneto,SRL,402518502.64,125.38180367802487,907203461.3878101,122.77974433415125,896729691.0790458
COMP_02381,2023,2024,46,Emilia-Romagna,SRL,713077368.72,64.10670998323388,1170207809.4414058,54.86940675119085,1104338690.6136658
COMP_02382,2023,2024,41,Umbria,SRL,3098972102.67,-72.50369847213864,852102713.6144484,-78.96430398167331,651890351.2104083
COMP_02383,2023,2024,10,Piemonte,SAS,102312559.76,117.302649927561,222327903.56719947,134.35405629755414,239773633.89941913
COMP_02384,2023,2024,47,Lombardia,SRL,238596845.44,384.4936020173682,1155986450.7720687,445.67044176963134,1301952460.5608525
COMP_02385,2023,2024,46,Liguria,SRL,3024528968.02,-55.93229994200043,1332840353.7943635,-62.362078258842985,1138369846.0219915
COMP_02386,2023,2024,46,Campania,SNC,286169890.03,57.05718085483217,449450361.7364914,44.594550939307226,413786067.4123878
COMP_02387,2023,2024,77,Emilia-Romagna,SRL,889686628.56,-37.893295509467364,552555045.2915419,-31.309612586349957,611129191.9253056
COMP_02388,2023,2024,46,Puglia,SRL,1006591081.11,17.306628721799232,1180798062.2644527,15.31157731784186,1160716052.768658
COMP_02389,2023,2024,68,Toscana,SRL,460273833.64,-49.91547327742029,230525971.2064679,-53.291627689629614,214986415.863786
COMP_02390,2023,2024,25,Campania,SRL,7786329662.1,-89.98508776587894,779794081.9186484,-91.54585624438198,658267502.9202604
COMP_02391,2023,2024,46,Lombardia,SRL,1583352567.19,-15.447321107459791,1338767011.8729527,-12.590380810982259,1384002449.4003153
COMP_02392,2023,2024,68,Piemonte,SNC,13076080.83,588.4266082800224,90019219.75392321,700.5635770659019,104682340.43267667
COMP_02393,2023,2024,46,Lazio,SPA,588155326.17,917.0301140814971,5981716784.723152,833.3172156940343,5489354914.16601
COMP_02394,2023,2024,56,Emilia-Romagna,SPA,23395062903.29,-70.91438418091994,6804598116.683048,-75.12355578326847,5819859772.60619
COMP_02395,2023,2024,43,Lombardia,SPA,106125432760.21,-95.47993901230537,4796934284.216355,-95.19708857318386,5097110536.7982
COMP_02398,2023,2024,45,Toscana,SAS,109125612.02,92.57037554608195,210143600.88387433,130.67973966764558,251730677.71846095
COMP_02399,2023,2024,68,Emilia-Romagna,SNC,12124654.21,591.3987027450262,83829701.9202602,823.7093408404343,111996563.48237295
COMP_02400,2023,2024,41,Lombardia,SRL,2395537873.87,-65.4801604133228,826935831.2980216,-72.51122697554653,658503968.8629426
COMP_02401,2023,2024,77,Lazio,SNC,147416063.38,49.123856828678875,219832519.2972657,50.501951919124465,221864052.82923365
COMP_02402,2023,2024,77,Campania,SRL,214041451.11,162.94901514488907,562819887.6955743,167.23379704007164,571991097.0409216
COMP_02403,2023,2024,41,Lombardia,SRL,835790523.26,0.5573110600694329,840448476.2851402,4.5568670911425295,873876386.5653229
COMP_02404,2023,2024,43,Toscana,SRL,1596336969.58,-46.159691456266174,859472749.8195623,-54.50209088582914,726299943.5754176
COMP_02405,2023,2024,68,Emilia-Romagna,SRL,97073930.05,172.09455369541394,264132876.7241458,140.54754502625434,233508955.59577838
COMP_02406,2023,2024,77,Campania,SRL,561238496.2,-1.095422256478128,555090564.8007021,16.030913935187634,651210156.4969634
COMP_02407,2023,2024,46,Lombardia,SRL,7078944237.8,-81.20372453945504,1330577858.635263,-82.02541552650113,1272410811.855242
COMP_02408,2023,2024,43,Lombardia,SRL,1274784286.7,-34.323641381347315,837231899.7473257,-29.71941316617806,895925877.5581112
COMP_02409,2023,2024,46,Piemonte,SRL,1471359079.05,-19.219711924907163,1188568102.675623,-17.71957839424655,1210640453.5768712
COMP_02410,2023,2024,47,Toscana,SRL,394632226.43,186.9511578635219,1132401743.0434806,147.86364948620326,978149838.4780551
COMP_02411,2023,2024,41,Lazio,SAPA,154062309.47,129.5235619289347,353609300.28552246,126.4850031411483,348928026.4424551
COMP_02412,2023,2024,56,Piemonte,SRL,973514130.74,24.907150376717606,1215988759.222007,13.116467752877842,1101204797.7682211
COMP_02413,2023,2024,10,Lazio,SRL,3453075184.2,-82.97359421486435,587934592.9277123,-83.39772101018549,573289175.8089349
COMP_02414,2023,2024,10,Sicilia,SRL,1564987044.65,-56.94355581166509,673827773.4343991,-56.343943241270054,683211632.4791745
COMP_02415,2023,2024,43,Sicilia,SRL,829177445.18,5.406953837682859,874010686.8733606,-5.739474052386399,781587020.8656534
COMP_02416,2023,2024,43,Campania,SPA,5480559304.89,-22.46726209451613,4249227681.6149726,1.452928564744632,5560187916.538517
COMP_02417,2023,2024,43,Lazio,SRL,2038318450.29,-57.83081530486712,859542271.9777603,-52.96564492116526,958709937.5468001
COMP_02418,2023,2024,46,Lazio,SPA,6355953702.47,7.081261686785343,6806035416.832823,-17.07250117038803,5270833432.226488
COMP_02419,2023,2024,43,Campania,SRL,1222444857.98,-28.903124867670147,869120094.2396276,-34.18512688671328,804550532.159435
COMP_02420,2023,2024,41,Lombardia,SRL,106586234.09,773.0694614997576,930571860.0024341,820.6244335097755,981258913.7904657
COMP_02421,2023,2024,43,Lazio,SRL,5261504736.56,-84.99320348445238,789583309.4714595,-86.04582528321302,734199563.671605
COMP_02422,2023,2024,77,Veneto,SRL,1159273728.15,-47.370672460704164,610117967.4650695,-38.81353513387892,709318612.3766718
COMP_02423,2023,2024,45,Piemonte,SRL,6636022680.32,-91.21793683505311,582779703.4259045,-93.2599662811226,447270166.24592036
COMP_02424,2023,2024,46,Lombardia,SRL,2053444369.2,-42.83669198400392,1173816729.7029238,-48.58756695871432,1055725711.3550011
COMP_02425,2023,2024,46,Umbria,SRL,954344328.88,23.794066532806177,1181421653.4457698,27.149241919728155,1213441579.4748373
COMP_02426,2023,2024,82,Lazio,SRL,277806691.16,114.6310347751302,596259375.9112582,87.55348108266165,521036119.9511389
COMP_02427,2023,2024,41,Sardegna,SAPA,63317195.46,479.5848564503506,366976876.4152289,550.0819803992171,411613678.1796111
COMP_02428,2023,2024,47,Lombardia,SRL,1016403345.99,17.757678931327913,1196892988.8181782,8.223773269011652,1099990052.6628656
COMP_02429,2023,2024,56,Emilia-Romagna,SRL,1781719612.08,-30.558291771949055,1237256534.4625547,-21.5797423805083,1397229109.8501441
COMP_02430,2023,2024,47,Emilia-Romagna,SRL,1347270059.54,-13.677619915890725,1162995581.555524,-7.211451142347937,1250112337.440791
COMP_02431,2023,2024,25,Veneto,SRL,3707381876.58,-77.48739033270445,834628410.7505121,-79.04973030362302,776706501.8181125
COMP_02432,2023,2024,47,Lombardia,SRL,5138780030.8,-76.24854785827324,1220534879.6840737,-81.42337821415266,954611730.7283657
COMP_02433,2023,2024,10,Lombardia,SAS,1035405351.43,-78.00968564691595,227688891.60811153,-79.15603648580488,215819513.676093
COMP_02434,2023,2024,47,Sicilia,SNC,431835286.72,7.420088980069687,463877849.2419631,2.7854627952197264,443863897.96821606
COMP_02435,2023,2024,56,Campania,SRL,244314117.17,446.9882361420127,1336369480.1541133,447.0169830556664,1336439712.9224198
COMP_02436,2023,2024,41,Campania,SRL,375592688.27,124.37845387539254,842749066.8092488,122.1946679173596,834546926.42341
COMP_02437,2023,2024,62,Lombardia,SRL,603734859.83,6.693073738814854,644143279.1853524,31.000719058987087,790897007.5870678
COMP_02438,2023,2024,10,Sicilia,SRL,131583846.45,343.0976245994326,583044897.9765148,361.8754213428286,607753445.2100381
COMP_02439,2023,2024,62,Lombardia,SRL,268817649.19,128.62200531725207,614576300.2248738,125.42625992488477,605985572.5870143
COMP_02440,2023,2024,46,Liguria,SRL,1304322594.27,-10.92644107785896,1161806554.541887,-41.288783651368234,765783660.2059462
COMP_02441,2023,2024,41,Sicilia,SRL,1299173206.9,-32.10009677227787,882137350.2455943,-44.856075352285046,716415094.256238
COMP_02442,2023,2024,25,Veneto,SRL,764634916.52,7.558370589878196,822428857.1701874,-0.9425768689511096,757427644.6649588
COMP_02444,2023,2024,10,Piemonte,SRL,77315965.85,666.8308000868086,592882639.5223987,771.1021045416314,673501005.666039
COMP_02445,2023,2024,41,Lombardia,SRL,837292065.76,-2.9419394853245544,812659439.8699169,-9.625700564703449,756696838.6579225
COMP_02446,2023,2024,43,Lombardia,SRL,435880498.45,93.9389919314141,845342244.719553,56.60485478633709,682610021.6395848
COMP_02447,2023,2024,47,Lombardia,SAS,776141906.53,-45.13037032676131,425866189.85182536,-41.13675183517353,456862336.5519694
COMP_02449,2023,2024,25,Lombardia,SPA,2825764209.23,42.660089036761036,4031237736.8564444,44.61183479706987,4086389470.0064154
COMP_02450,2023,2024,41,Lombardia,SRL,174692610.44,429.51030014301074,925015365.8685045,414.1456679506722,898174488.8072037
COMP_02451,2023,2024,41,Sicilia,SRL,436462712.9,111.77190553763752,924305404.069598,98.12384444354191,864736706.3600589
COMP_02452,2023,2024,41,Liguria,SRL,449444382.81,80.03952201332751,809177518.526874,66.63206717125439,748918465.8613889
COMP_02453,2023,2024,45,Lombardia,SRL,1818075547.73,-68.91153643381206,565211754.2618126,-65.03471742044029,635695252.7736725
COMP_02454,2023,2024,47,Liguria,SNC,300471783.08,61.36163464417109,484846180.82237583,73.89157976163234,522495130.3357571
COMP_02455,2023,2024,41,Lazio,SRL,919065292.82,-12.249870003082053,806480989.2061046,-12.419949561743426,804917847.0122665
COMP_02456,2023,2024,43,Piemonte,SRL,1478692850.61,-43.29266549858396,838527301.0439368,-49.92001987395035,740529085.7108049
COMP_02457,2023,2024,45,Emilia-Romagna,SRL,283416575.1,114.61156862405069,608244757.5626707,142.0776329089608,686088136.2737272
COMP_02458,2023,2024,77,Piemonte,SNC,403995807.26,-48.56287730909094,207803819.0464547,-49.83560455457076,202662054.33686054
COMP_02459,2023,2024,77,Campania,SRL,1691706393.54,-64.78051288890846,595810315.230332,-69.37302838993824,518118436.87509537
COMP_02460,2023,2024,62,Lombardia,SNC,129861263.23,88.69376576853777,245040107.86328048,69.11863800411008,219619599.66950822
COMP_02461,2023,2024,41,Emilia-Romagna,SAS,495530429.77,-36.86604407783277,312847963.1119176,-33.77976436920388,328141418.21599066
COMP_02462,2023,2024,10,Emilia-Romagna,SRL,3361745946.26,-83.14633778578006,566577306.2828925,-84.98382127840324,504805779.45643556
COMP_02463,2023,2024,43,Liguria,SPA,1752808481.28,136.97999370553106,4153805428.6073585,155.95908884360048,4486472617.857639
COMP_02464,2023,2024,41,Emilia-Romagna,SAPA,663291773.36,-46.80997650389311,352805050.09792805,-39.435401618344166,401719998.63404685
COMP_02465,2023,2024,46,Lombardia,SRL,635204615.41,85.19187060357466,1176347309.4380212,72.42977995440573,1095281920.6116922
COMP_02466,2023,2024,56,Campania,SRL,880725996.73,45.179317070959,1278631987.3190107,31.565661842788156,1158732986.6193173
COMP_02467,2023,2024,62,Lazio,SRL,3036757738.77,-79.37885718426789,626214150.2795593,-80.80296702873804,582967384.3690262
COMP_02468,2023,2024,62,Piemonte,SRL,323173840.4,106.79804602689391,668317187.2172726,81.22927005158739,585685591.954602
COMP_02469,2023,2024,43,Sicilia,SRL,766435940.94,15.016513724155589,881527899.1981162,111.31938268304717,1619627699.055412
COMP_02470,2023,2024,47,Lombardia,SRL,192013063.54,491.11734931245684,1135022531.5312915,440.9750447046832,1038742756.3243468
COMP_02471,2023,2024,43,Sicilia,SRL,2261818835.54,-59.572159997492236,914404499.9786954,-51.02030040150037,1107832071.1097744
COMP_02472,2023,2024,10,Umbria,SRL,455801213.94,32.237088409860114,602738254.2510535,40.33554713370281,639651127.4247583
COMP_02474,2023,2024,10,Sicilia,SAS,1215988595.06,-81.08599309755266,229992166.80262077,-82.72621687373388,210047232.75079474
COMP_02475,2023,2024,45,Emilia-Romagna,SPA,26805041235.01,-86.87312439918503,3518664417.666916,-80.76352193945404,5156345876.292995
COMP_02476,2023,2024,43,Lazio,SRL,140556103.14,455.9485615262101,781419633.5441262,406.09909152130126,711353161.0692831
COMP_02477,2023,2024,47,Veneto,SRL,241914137.61,316.8206521719478,1008348086.0821455,381.0732819675522,1163784281.3439276
COMP_02478,2023,2024,56,Lazio,SRL,2283040912.01,-45.754104682923995,1238455983.174962,-49.02047615499412,1163883386.1293778
COMP_02479,2023,2024,43,Veneto,SNC,646572970.71,-53.95200131867515,297733913.02634376,-55.28255125852048,289130936.75350565
COMP_02480,2023,2024,62,Lombardia,SRL,4205701544.91,-84.18899514405044,664963675.4924657,-84.39934439942162,656117013.6096134
COMP_02481,2023,2024,43,Emilia-Romagna,SRL,3027561312.39,-67.6995943265378,977914585.9147657,-69.27441409983186,930235951.7186475
COMP_02482,2023,2024,46,Sardegna,SAS,148535149.72,200.97055313387358,447047061.71051127,204.53163137173803,452336514.60276955
COMP_02483,2023,2024,56,Lazio,SNC,1384787045.55,-66.55584653252932,463130304.711395,-62.70214208523518,516495904.67130846
COMP_02484,2023,2024,47,Piemonte,SPA,43367137143.09,-84.94603265931869,6528474662.109234,-85.85599506114544,6133850019.35848
COMP_02485,2023,2024,82,Lombardia,SPA,2159012854.73,39.89534170731239,3020358410.6293335,32.807165512484005,2867323775.417077
COMP_02486,2023,2024,41,Piemonte,SRL,39032463.07,2001.9010243354828,820423741.0916991,1678.957014686368,694370739.7886311
COMP_02488,2023,2024,47,Liguria,SRL,3963160154.59,-70.88965885347788,1153689441.1841822,-66.94850240535762,1309883783.1661391
COMP_02489,2023,2024,71,Campania,SRL,719874025.02,-19.872201339513104,576819209.3771687,-25.810732439350662,534069266.52170354
COMP_02490,2023,2024,25,Lombardia,SPA,1015789850.81,301.86396964190044,4082093417.6846037,172.12941811569257,2764263010.2875147
COMP_02491,2023,2024,56,Lombardia,SRL,6956354219.38,-83.12871139106491,1173626597.011434,-82.71594693426209,1202339954.7183366
COMP_02492,2023,2024,46,Veneto,SRL,22710433668.44,-94.78556916119119,1184219856.8343542,-95.17272983461767,1096293988.9055476
COMP_02494,2023,2024,46,Sicilia,SRL,1220648669.38,-8.362853597098297,1118567608.2248223,-11.125782183110053,1084841957.2037501
COMP_02495,2023,2024,43,Piemonte,SNC,212721371.67,69.1806449570418,359883388.552772,44.28500019478274,306925031.528404
COMP_02496,2023,2024,46,Liguria,SAPA,710767397.85,-31.480132218109784,487016881.2436016,-33.29441330382429,474121562.78098387
COMP_02497,2023,2024,68,Emilia-Romagna,SRL,55283929.14,339.5697680405023,243011439.08437365,383.20158605300935,267132822.43690184
COMP_02498,2023,2024,46,Lombardia,SRL,739043648.36,50.51726115008483,1112388258.2151358,47.747809304904806,1091920800.258944
COMP_02499,2023,2024,47,Campania,SRL,462357172.07,134.45690193507366,1084028301.5099397,141.4443928264386,1116335466.7939034
COMP_02500,2023,2024,46,Veneto,SRL,922581473.4,29.78415626830378,1197364581.1398754,33.56266777134152,1232224428.2371895
COMP_02501,2023,2024,10,Veneto,SRL,465710121.65,33.682984049475095,622575187.6421605,18.744071401996205,553003159.3783994
COMP_02502,2023,2024,41,Liguria,SRL,870598331.59,-3.557045472136797,839630753.0556794,-12.788480636987256,759262032.5286788
COMP_02503,2023,2024,46,Sardegna,SNC,301311490.48,43.6266287838719,432763535.91486114,32.00553766214167,397747853.0459368
COMP_02504,2023,2024,43,Lombardia,SRL,494466294.43,74.84932546398774,864570980.4576306,58.602742054728026,784237101.5023849
COMP_02505,2023,2024,41,Lazio,SPA,14542597474.36,-67.8535552502156,4674928062.278677,-69.21384377659368,4477106777.397613
COMP_02507,2023,2024,43,Piemonte,SRL,2029672519.74,-58.751968677011824,837199956.6964386,-56.729488056905666,878249690.0598004
COMP_02509,2023,2024,46,Emilia-Romagna,SRL,5046821707.18,-76.82866821380352,1169415802.4284632,-78.96593703853385,1061551655.441182
COMP_02510,2023,2024,25,Lazio,SRL,2589203031.5,-68.68459866907406,810819320.5867257,-66.3251615286493,871909938.5529402
COMP_02511,2023,2024,71,Emilia-Romagna,SRL,61202318.26,837.5028386969801,573773471.0358602,680.3284616029371,477579108.54359144
COMP_02512,2023,2024,68,Piemonte,SPA,5488513826.36,-77.58522414049932,1230238072.1962986,-79.50442711112181,1124902351.79777
COMP_02513,2023,2024,47,Sicilia,SRL,1229582060.59,-3.852494464830927,1182212479.765216,5.689660655254554,1299541107.3154573
COMP_02514,2023,2024,25,Emilia-Romagna,SRL,1187763951.0,-33.21117881207154,793293541.3680643,-34.498398705128,778004407.5082388
COMP_02515,2023,2024,56,Friuli-Venezia Giulia,SRL,681925251.54,91.90213363928231,1308629107.5303028,105.97493446810064,1404595089.9809453
COMP_02516,2023,2024,62,Lazio,SNC,378534685.79,-32.637275317413184,254991278.2168128,-17.615815256790587,311852714.8583609
COMP_02517,2023,2024,56,Piemonte,SAS,514752283.91,-9.079352034672265,468016111.9472955,-16.550429097226537,429558572.1351212
COMP_02518,2023,2024,25,Toscana,SRL,2447777403.27,-67.20439655217157,802763370.4619814,-66.82518831950895,812045543.8924366
COMP_02519,2023,2024,47,Puglia,SPA,3100554169.8,112.6080326547746,6592027221.80736,51.65846057921397,4702252723.343308
COMP_02520,2023,2024,62,Toscana,SRL,845944237.55,-27.280004385164276,615170612.4503155,-38.27233875855225,522181593.246412
COMP_02521,2023,2024,46,Lazio,SRL,757797379.06,53.09423826951016,1160144125.0982194,53.24344776245782,1161274830.7250855
COMP_02522,2023,2024,47,Lombardia,SRL,1084169138.32,7.034838505388974,1160438686.3260791,1.6036909143767508,1101555860.2877145
COMP_02523,2023,2024,46,Campania,SRL,458274006.35,150.86471436358414,1149647777.032481,164.99052056638925,1214382675.0473127
COMP_02524,2023,2024,46,Veneto,SRL,3524396609.13,-69.91265482576377,1060397373.0980206,-67.17751792376104,1156794445.327268
COMP_02525,2023,2024,10,Lombardia,SRL,190906695.01,218.54241221693388,608118791.3684789,251.69495485539642,671409214.8313488
COMP_02526,2023,2024,47,Lombardia,SRL,2837542053.14,-59.80697955353861,1140493857.5955005,-63.717884146928576,1029520295.0998763
COMP_02527,2023,2024,25,Sardegna,SPA,1321476867.79,209.9466792966088,4095873669.3879423,203.58348054726613,4011785469.8638763
COMP_02528,2023,2024,45,Lazio,SRL,61161236.28,864.3844209189559,589829434.3257524,812.4474257852671,558064126.0153048
COMP_02529,2023,2024,43,Lombardia,SRL,3495545349.49,-76.44420049979759,823403653.9645143,-78.06494592668678,766749762.5678171
COMP_02530,2023,2024,46,Toscana,SAS,169146622.51,147.9917410950605,419469654.16603845,94.25030058797421,328567822.660081
COMP_02531,2023,2024,25,Veneto,SRL,158508523.06,416.15417467600616,818148358.9914699,450.9214519092856,873257456.6421169
COMP_02532,2023,2024,47,Lombardia,SRL,819933532.55,37.67148884580692,1128814701.8076038,39.5771080932511,1144439513.0201256
COMP_02533,2023,2024,62,Lazio,SPA,36448526377.74,-89.59906016664539,3790989298.6931233,-87.53650075118486,4542761811.293813
COMP_02534,2023,2024,25,Puglia,SRL,1626422199.55,-48.90137134705146,831079440.0771722,-48.201117929321526,842468517.1162394
COMP_02535,2023,2024,25,Veneto,SRL,638063554.84,30.136608299599636,830354269.0646319,18.555018478036406,756456365.342178
COMP_02536,2023,2024,25,Veneto,SRL,677644942.15,16.748633929398952,791141212.8517908,-1.0931979235656335,670236941.7132686
COMP_02537,2023,2024,68,Lazio,SAS,7018923.24,1472.8309020489257,110395793.70981368,1501.8956392792718,112435825.30591938
COMP_02538,2023,2024,46,Veneto,SRL,986428491.7,16.485258964641293,1149043783.0577502,11.473548001166533,1099606838.1923826
COMP_02539,2023,2024,46,Veneto,SAS,119241575.66,275.45043886740774,447693019.12788206,342.9454666235251,528175153.71643066
COMP_02540,2023,2024,25,Toscana,SRL,749867802.5,4.033696781109051,780115195.9120157,4.095881027728486,780581495.555642
COMP_02541,2023,2024,47,Veneto,SRL,712400604.67,61.97735211504448,1153927635.8960319,36.69480094678978,973814588.4973832
COMP_02542,2023,2024,68,Emilia-Romagna,SPA,932366353.96,33.6947316312894,1246524694.7472599,23.090160458820087,1147651241.1534145
COMP_02543,2023,2024,62,Emilia-Romagna,SRL,65617925.1,851.7853591079896,624541804.0522467,810.1243991695395,597204746.5638936
COMP_02544,2023,2024,47,Lazio,SRL,775827388.35,54.18410189956721,1196202491.018315,59.0198298504616,1233719392.88745
COMP_02545,2023,2024,10,Piemonte,SRL,111761658.81,438.65962071996785,602014927.4562905,512.1225560554404,684118322.5977323
COMP_02546,2023,2024,25,Lazio,SPA,1103840709.02,276.82454103070637,4159542685.47471,212.21525406316636,3446359074.1194496
COMP_02547,2023,2024,10,Campania,SRL,608526136.8,0.9747823015735974,614457941.8819759,-13.087615377242129,528884576.5456257
COMP_02548,2023,2024,41,Campania,SRL,429036674.31,105.30270238163791,880823886.5667365,128.75627508355242,981448314.8939086
COMP_02549,2023,2024,25,Lazio,SRL,811907935.74,-2.2780314281601823,793412417.7961162,-18.322409113458043,663146842.1290852
COMP_02550,2023,2024,41,Lombardia,SAS,258279735.11,30.382061952220774,336750444.2411519,47.828620740272605,381811370.0647426
COMP_02551,2023,2024,43,Lazio,SRL,249703996.36,213.97735440047794,784014001.6033938,204.24099071555003,759701912.3819851
COMP_02552,2023,2024,71,Veneto,SRL,328298123.33,60.3192974854929,526325244.98071307,101.13716218658588,660329528.7777798
COMP_02553,2023,2024,47,Sardegna,SRL,5870447410.6,-79.47424624263249,1204953579.955513,-84.91275498212856,885688784.482511
COMP_02554,2023,2024,62,Lazio,SRL,1866977412.32,-67.10425316698547,614156162.9863532,-68.26571676618654,592471899.9369502
COMP_02555,2023,2024,56,Sardegna,SRL,116250301.27,974.6523685696341,1249286616.0673902,750.9788567314112,989265484.694267
COMP_02556,2023,2024,25,Sicilia,SRL,1093520203.79,-26.481260845599387,803942266.2250401,-31.706873868650067,746799132.0460995
COMP_02557,2023,2024,56,Lombardia,SRL,138571654.54,793.5281766275656,1238176778.1339111,547.327129712832,897011913.929363
COMP_02558,2023,2024,41,Lazio,SPA,2134048503.71,94.1885382653497,4144077595.2280164,79.90771385121722,3839317875.5007696
COMP_02559,2023,2024,47,Sicilia,SPA,1510273396.16,319.5086488869974,6335727518.730585,278.63823913200866,5718472593.29941
COMP_02560,2023,2024,43,Veneto,SRL,1293688670.42,-44.5601850442028,717218604.9849612,-44.54642963708668,717396557.1283925
COMP_02561,2023,2024,82,Puglia,SAS,134687767.71,45.11919643886211,195457806.2021932,35.73648038138893,182820435.39381486
COMP_02562,2023,2024,41,Lazio,SRL,3834526454.02,-79.16478848910289,798931697.1363698,-82.822394976833,658679808.7804071
COMP_02563,2023,2024,41,Lazio,SAS,504547310.04,-39.102726181940994,307255556.93670994,-47.29423843188644,265925502.2280131
COMP_02564,2023,2024,71,Campania,SRL,142717065.92,259.97715695913223,513748836.39430654,263.53710166592884,518829485.028221
COMP_02565,2023,2024,10,Lombardia,SRL,1385165380.26,-57.01047464774105,595476022.3175868,-64.99519535448658,484874435.3772961
COMP_02566,2023,2024,47,Lombardia,SAS,58895961.46,660.811944901627,448087509.8523387,852.5215242509547,560996709.8210468
COMP_02567,2023,2024,56,Lombardia,SAS,557987020.76,-18.81013796418978,453028892.3327717,-20.4864607226105,443675228.9147381
COMP_02568,2023,2024,62,Veneto,SRL,1277588793.28,-55.33817985524242,570594409.0442923,-62.419421711921046,480125256.6583135
COMP_02569,2023,2024,77,Friuli-Venezia Giulia,SRL,1665238290.48,-65.99286371341086,566299854.9400011,-59.13531078063102,680494452.1665848
COMP_02570,2023,2024,77,Campania,SRL,176936377.95,224.84942179698564,574776800.7191042,269.7767901021202,654269658.9064655
COMP_02571,2023,2024,10,Umbria,SRL,76973609.28,689.2667729800528,607527122.0105305,775.0366805927002,673547315.5761067
COMP_02572,2023,2024,62,Lombardia,SRL,292504181.0,124.48305525728773,656622322.2641069,101.82885732744984,590357846.1473156
COMP_02573,2023,2024,47,Piemonte,SRL,1282492873.78,-12.125507921533023,1126984098.7767096,-17.15282525197195,1062509112.2715234
COMP_02574,2023,2024,47,Lombardia,SAS,261886603.83,62.16882924830885,424698439.3892678,72.71005392617289,452304494.70021576
COMP_02575,2023,2024,25,Toscana,SRL,1420600625.35,-43.57315764890694,801600075.3048866,-55.78384480331113,628134977.2298886
COMP_02576,2023,2024,47,Sicilia,SRL,1035599685.47,21.015557417617806,1253236731.9866173,0.73675547475258,1043229522.8492208
COMP_02577,2023,2024,82,Emilia-Romagna,SRL,160409933.81,251.1369668249735,563258576.0663817,247.3209323092776,557137277.6255871
COMP_02578,2023,2024,71,Campania,SRL,381746180.92,50.735362065709296,575426487.9817797,53.6432675222432,586527306.0068622
COMP_02579,2023,2024,45,Toscana,SRL,657256856.3,-8.531869196247372,601180561.0371164,5.063694849138998,690538337.878076
COMP_02580,2023,2024,10,Lazio,SRL,876812040.34,-27.479309121933568,635870149.3566386,-25.374714914956645,654323484.7637104
COMP_02581,2023,2024,43,Emilia-Romagna,SPA,6599236675.39,-36.97321539261666,4159286685.129501,-33.38187606807808,4396287666.972155
COMP_02582,2023,2024,62,Sicilia,SAS,109332803.05,125.73043229876039,246797408.96911728,118.53186202867158,238927010.31330523
COMP_02583,2023,2024,47,Piemonte,SRL,3325321247.56,-66.47119723367942,1114940402.440943,-65.85506814333735,1135428673.9944866
COMP_02584,2023,2024,46,Liguria,SRL,2824777095.42,-56.94896023054059,1216095910.7478447,-60.73853271109553,1109048935.302789
COMP_02585,2023,2024,10,Emilia-Romagna,SRL,498597654.84,17.33472431207235,585028183.732972,4.936473824197603,523210797.5592397
COMP_02587,2023,2024,46,Toscana,SPA,4770937380.26,9.807588388476095,5238851280.787846,-6.798163720612209,4446601246.142038
COMP_02588,2023,2024,71,Lombardia,SRL,438520613.59,24.093199473982782,544174259.7567719,43.62030448744844,629804640.4781852
COMP_02589,2023,2024,47,Puglia,SRL,126983432.46,796.6409055936385,1138585398.7632303,432.05999630193986,675628046.0507523
COMP_02590,2023,2024,43,Veneto,SPA,730067402.08,518.6870072997111,4516832161.199501,472.1985223382595,4177434886.7750797
COMP_02591,2023,2024,46,Veneto,SRL,3706723175.03,-71.30345825030498,1063701363.4681048,-64.67931972862907,1309239841.1971555
COMP_02592,2023,2024,10,Liguria,SRL,5160546730.51,-88.83531947018862,576158556.0530685,-89.14862376659765,559990341.4281832
COMP_02593,2023,2024,77,Sicilia,SAS,122984240.38,65.81171294654523,203922275.62837476,88.76782125798736,232154671.05601192
COMP_02594,2023,2024,43,Lazio,SPA,11565266322.78,-59.86356016810277,4641886159.041267,-52.565526373478846,5485923203.716013
COMP_02595,2023,2024,46,Veneto,SRL,8626147580.27,-86.89110610891173,1130792533.1862726,-86.53836722560509,1161220309.8333008
COMP_02596,2023,2024,43,Lombardia,SRL,1935537004.85,-57.24967409042188,827448377.6738619,-56.15411265286587,848653374.7086251
COMP_02597,2023,2024,47,Piemonte,SRL,773482926.33,51.84062166150821,1174461283.7850976,52.05280765326185,1176102506.203376
COMP_02598,2023,2024,47,Lombardia,SRL,844727212.66,48.0986520155711,1251029615.1581666,67.77637641876554,1417252708.0241876
COMP_02599,2023,2024,56,Lazio,SRL,599910681.77,100.90533700933422,1205252576.965013,120.08210231264299,1320296040.4375255
COMP_02600,2023,2024,41,Emilia-Romagna,SRL,46092347.96,1753.281881841104,854221133.6578377,1558.214265290243,764309889.0799364
COMP_02601,2023,2024,43,Lazio,SPA,3384153274.45,46.02328774664392,4941651873.737596,66.19192429148286,5624189447.781682
COMP_02602,2023,2024,25,Veneto,SAS,519626737.93,-39.22382062647154,315809278.3171514,-43.9738268792831,291126975.77419573
COMP_02603,2023,2024,47,Lombardia,SRL,343105582.5,245.4085758584627,1185116106.2041328,200.52165604523023,1031106578.5126337
COMP_02604,2023,2024,10,Lazio,SRL,1629903211.44,-64.07768607273272,585498948.3240877,-71.41696987074442,465875726.0035994
COMP_02605,2023,2024,47,Sicilia,SRL,452062599.96,163.781329837289,1192456737.871512,132.51139430141131,1051097054.2822073
COMP_02606,2023,2024,68,Lazio,SRL,427255419.19,-46.3191161074782,229354485.49989122,-42.93961574668097,243793583.93294296
COMP_02607,2023,2024,68,Lombardia,SRL,239416864.5,-4.895590060301822,227695996.27885172,-1.0175585089914445,236980657.82331973
COMP_02608,2023,2024,46,Puglia,SRL,1559891894.52,-27.83665430753161,1125670180.271262,-10.487450991087401,1396298996.5682702
COMP_02609,2023,2024,46,Lazio,SAS,1021595830.15,-56.43799047236355,445027672.8638797,-66.85986166878355,338558271.2976491
COMP_02611,2023,2024,47,Lazio,SAS,1604491532.02,-71.24620197787726,461352254.39909345,-77.62972775935138,358929123.79102784
COMP_02612,2023,2024,62,Lombardia,SAPA,114305408.09,123.98185383650052,256023372.07535926,128.2992166208793,260958351.22476918
COMP_02613,2023,2024,41,Veneto,SRL,1661191690.65,-46.488293854472154,888932016.0145541,-49.28910497885186,842405174.3455575
COMP_02614,2023,2024,45,Lombardia,SRL,22205713.54,2691.0098205182726,619763645.6175557,2011.0751479055555,468779299.958039
COMP_02615,2023,2024,62,Lazio,SNC,128087352.83,91.71235694128876,245559283.05409753,123.28556723943518,286000572.3284422
COMP_02616,2023,2024,68,Campania,SNC,16745428.79,459.6906393766386,93722597.46111073,579.9735423897516,113864485.33171631
COMP_02617,2023,2024,41,Lombardia,SRL,680694935.07,32.68183657996238,903158541.3576585,14.418385078329544,778840152.0170779
COMP_02618,2023,2024,46,Emilia-Romagna,SRL,2273560390.86,-45.573124458907444,1237427884.2849498,-45.87714555518848,1230515781.0600457
COMP_02619,2023,2024,41,Lombardia,SRL,423265918.43,102.72138433892809,858050529.2761742,99.25202280147514,843365904.3010168
COMP_02620,2023,2024,25,Veneto,SAPA,75714400.59,290.2565619060626,295480416.6103176,290.78730250342613,295882263.67229915
COMP_02621,2023,2024,71,Emilia-Romagna,SRL,837957043.47,-32.03927536272092,569481678.8913317,-35.05514671617379,544209972.4630793
COMP_02622,2023,2024,62,Piemonte,SRL,604971471.38,12.331010692233615,679570568.2008308,16.499042820933607,704785973.4974183
COMP_02623,2023,2024,56,Umbria,SPA,788779415.53,694.9561707858278,6270450637.64412,431.0541446898292,4188845778.6322746
COMP_02624,2023,2024,10,Campania,SRL,4046665277.64,-85.02081726688085,606157386.5353792,-84.99302295656508,607282129.2400866
COMP_02625,2023,2024,62,Sicilia,SRL,1542729190.62,-55.22939617454152,690689174.0321823,-53.592631126614016,715940026.2084253
COMP_02626,2023,2024,45,Lazio,SRL,161249472.0,247.1137133388873,559719029.9985493,271.6733286714531,599321280.0475427
COMP_02627,2023,2024,43,Toscana,SAS,321847314.43,-8.387411981605334,294852654.2170232,-10.619593974605957,287668436.41936064
COMP_02628,2023,2024,46,Piemonte,SRL,1548278512.86,-23.689038256895497,1181506223.6253018,-25.06665047919579,1160176949.5968933
COMP_02629,2023,2024,25,Campania,SRL,160272440.11,368.3223223251913,750591613.5704035,357.75109583220393,733648850.9205378
COMP_02630,2023,2024,56,Emilia-Romagna,SRL,274263349.72,352.14772696173293,1240075501.6480885,328.59441955510175,1175477411.784813
COMP_02631,2023,2024,46,Puglia,SRL,1286543779.93,-8.33814392520815,1179269907.8986235,-1.9944446470578385,1260884376.3791306
COMP_02632,2023,2024,41,Lazio,SRL,1310068032.89,-34.63440715254446,856333736.4035474,-38.230753053446534,809219158.4036795
COMP_02633,2023,2024,41,Lombardia,SRL,1885605473.2,-54.311322031730775,861508212.402407,-52.876360536149214,888565924.9014056
COMP_02634,2023,2024,41,Puglia,SRL,5745619969.81,-85.2255254905661,848885157.8485224,-88.52594767061318,659255441.9836986
COMP_02635,2023,2024,10,Toscana,SPA,199656794.28,1328.9697871023036,2853035268.1582003,910.4377908514175,2017407701.4075913
COMP_02636,2023,2024,46,Sicilia,SPA,21692308934.09,-68.85298214529428,6756507336.798936,-73.81069858776496,5681064170.022018
COMP_02637,2023,2024,62,Veneto,SRL,373064460.92,72.0335963244366,641796208.7290484,77.17709354100226,660984768.8924643
COMP_02638,2023,2024,10,Sardegna,SRL,468619738.62,28.23819042525146,600949472.7818313,18.588768275652487,555730375.9260402
COMP_02639,2023,2024,10,Puglia,SRL,290148872.39,91.51986565457524,555692730.5995929,79.69413502339282,521380506.5213383
COMP_02640,2023,2024,46,Lombardia,SPA,43390615465.15,-85.27808806680241,6387928196.051795,-87.80601492544992,5291045173.575816
COMP_02641,2023,2024,62,Lazio,SRL,1108675670.11,-39.50487047353884,670694782.6614057,-39.84905590004012,666878882.5777216
COMP_02642,2023,2024,43,Veneto,SRL,2028245830.41,-60.682075022947714,797464173.9507949,-57.123840250696496,869633922.3551791
COMP_02643,2023,2024,43,Toscana,SRL,1198269630.58,-31.211350425887947,824273497.1326832,-24.527240901051513,904367151.6435033
COMP_02644,2023,2024,47,Lazio,SRL,373355666.11,216.65063769039813,1182233097.5905488,218.96661469910006,1190879928.9783423
COMP_02645,2023,2024,41,Campania,SRL,267343998.02,215.6192392355808,843789092.6927103,219.24618813014723,853485522.8735863
COMP_02646,2023,2024,10,Sardegna,SRL,137559520.72,348.46749207230874,616909732.679672,455.36606106979434,763958891.8491516
COMP_02647,2023,2024,56,Sicilia,SRL,6384287613.21,-80.3477762705516,1254654485.2794902,-79.59932234481727,1302437936.5507317
COMP_02648,2023,2024,47,Piemonte,SPA,642021450.65,791.1076511949026,5721102269.054655,809.1920090327072,5837207725.585666
COMP_02649,2023,2024,46,Piemonte,SRL,695940488.75,60.117956874855096,1114325691.6513808,86.16021701514731,1295564324.153277
COMP_02650,2023,2024,56,Lombardia,SRL,15681681982.77,-92.45704530657872,1182862167.1267488,-91.29378969799188,1365280212.312073
COMP_02651,2023,2024,47,Campania,SRL,3053271939.72,-61.018137892625035,1190222257.3048232,-62.323830160381206,1150355921.6743302
COMP_02652,2023,2024,41,Campania,SRL,2424336790.06,-66.48372274747483,812547440.0914788,-71.48279878812153,691353000.475006
COMP_02653,2023,2024,43,Lazio,SRL,6301245523.73,-87.0781597377596,814236881.1079636,-87.01832194175846,818007407.5499846
COMP_02654,2023,2024,25,Veneto,SRL,292519316.84,164.66364766416478,774192294.0710394,167.4462843503999,782332043.8957535
COMP_02655,2023,2024,25,Campania,SRL,2317770627.39,-60.62977476277253,912511516.4857433,-56.14914665278167,1016362198.741691
COMP_02656,2023,2024,47,Veneto,SRL,1269715454.75,-9.635332985999025,1147374142.7101457,-8.133502775267889,1166443112.9999034
COMP_02657,2023,2024,62,Emilia-Romagna,SRL,289501308.94,130.55005931571793,667445439.4809498,106.98434703522608,599222393.9678916
COMP_02658,2023,2024,77,Lombardia,SRL,696217311.13,-17.616011380788464,573571590.3663198,-27.10475270545351,507509330.6556556
COMP_02659,2023,2024,47,Toscana,SAS,169166349.44,152.82249293985348,427690581.86955184,169.15117610204416,455313219.08665377
COMP_02660,2023,2024,41,Piemonte,SRL,3665592098.39,-77.93382067629437,808856125.7063211,-83.14151161936006,617963417.9887341
COMP_02661,2023,2024,25,Emilia-Romagna,SRL,27845734.92,2824.6267592803642,814383814.7885967,2656.214675934199,767488232.4867741
COMP_02662,2023,2024,62,Lombardia,SRL,164454960.45,280.99646230724983,626567581.4032868,243.05340813262617,564168346.6668874
COMP_02663,2023,2024,46,Toscana,SRL,3268069758.02,-63.84210619573805,1181665192.5540724,-69.02189701517527,1012386015.2553475
COMP_02664,2023,2024,47,Emilia-Romagna,SRL,5603167907.91,-79.22227386312545,1164210882.8947835,-80.22673617989732,1107929172.7143722
COMP_02665,2023,2024,62,Lombardia,SRL,699960164.03,-6.131089587156444,657044979.2989135,-7.803878104775384,645336126.047113
COMP_02666,2023,2024,47,Lazio,SPA,3670356207.6,82.15423082961395,6685709118.6607685,77.9200457855854,6530299445.055996
COMP_02667,2023,2024,62,Toscana,SRL,796065465.57,-19.60467764715228,639999397.1846995,30.135854334729085,1035966594.6832582
COMP_02668,2023,2024,10,Puglia,SRL,195582432.6,210.8285289458123,607925998.1270149,192.60430540006544,572282618.3937812
COMP_02669,2023,2024,56,Lombardia,SPA,30599973186.28,-77.09353305189762,7009372744.043418,-81.93576051719188,5527652438.04469
COMP_02670,2023,2024,62,Toscana,SNC,61206917.07,336.6602812131588,267266296.19976687,348.8798778642914,274745534.5883141
COMP_02671,2023,2024,41,Campania,SRL,1257281473.24,-31.141901169991144,865740119.4149905,-37.40613780844881,786981032.7197502
COMP_02672,2023,2024,47,Puglia,SRL,2185729259.53,-45.07002058802767,1200620632.2612844,-38.494578307564666,1344341998.128871
COMP_02673,2023,2024,43,Lombardia,SRL,408881602.57,96.35023122071976,802839972.0651795,78.49135877308562,729818328.2003608
COMP_02674,2023,2024,77,Emilia-Romagna,SRL,3138717488.45,-82.31000116122756,555239087.2591527,-82.3640150969866,553543742.411283
COMP_02676,2023,2024,46,Campania,SRL,1469701863.58,-21.6632990346478,1151315953.954873,-32.023931933018844,999045539.1688313
COMP_02677,2023,2024,25,Lazio,SPA,5972033156.62,-32.826682191990585,4011612811.896049,-39.14219829350238,3634448096.30209
COMP_02678,2023,2024,56,Lazio,SRL,1751901346.6,-33.3464277473863,1167704829.8505433,-36.2668032770239,1116542731.6210454
COMP_02679,2023,2024,41,Sicilia,SRL,208406646.24,323.3074167712148,882200790.578068,273.80145055971917,779027066.7079824
COMP_02680,2023,2024,41,Lombardia,SRL,756699717.92,17.936744612386605,892427013.8059602,10.882819686324916,839049983.7881628
COMP_02681,2023,2024,46,Veneto,SPA,9794071121.78,-39.4964521298026,5925760509.607343,-38.080650282697874,6064425149.456254
COMP_02682,2023,2024,71,Lazio,SRL,114999140.29,375.3101425130798,546602577.6012156,333.47445255470285,498491893.81469226
COMP_02683,2023,2024,41,Campania,SRL,1210680754.32,-29.363296975819242,855184968.9999298,-34.0552368082818,798380556.4440316
COMP_02684,2023,2024,25,Lombardia,SRL,148511691.03,504.15504478932223,897240873.4596763,452.4503794746177,820453400.6594068
COMP_02685,2023,2024,56,Lazio,SRL,199899833.33,498.58833854520327,1196577091.0846777,342.6972176942793,884951000.3274117
COMP_02686,2023,2024,46,Lazio,SRL,459340702.62,138.64326719701603,1096185660.2980974,148.33071756322008,1140684062.8761828
COMP_02687,2023,2024,71,Campania,SRL,32884513.41,1594.6555363759946,557279227.1128714,1288.216996038886,456508404.22230667
COMP_02688,2023,2024,25,Piemonte,SRL,777386846.49,2.4642663199307018,796543728.7236245,-3.5115334973143097,750088646.9717883
COMP_02689,2023,2024,47,Campania,SRL,1916937249.97,-37.77976420916267,1192722876.8937268,-36.87770798118583,1210014728.7434893
COMP_02690,2023,2024,41,Sicilia,SRL,100885984.94,745.6545495258589,853146921.4790828,700.0757871318502,807164338.1144248
COMP_02691,2023,2024,25,Emilia-Romagna,SRL,1488036663.88,-47.654559523445975,778919346.1606058,-59.146146658560134,607920316.3283896
COMP_02692,2023,2024,47,Lazio,SRL,349162429.54,268.14106908362214,1285410300.946905,266.69431628469613,1280358783.724737
COMP_02693,2023,2024,47,Piemonte,SRL,1099491034.27,1.8276225199758709,1119585580.0174341,-5.004123260872376,1044471147.6728886
COMP_02694,2023,2024,56,Sicilia,SRL,1427826578.88,-3.9812425677539256,1370981339.327925,16.551437960469837,1664152409.2664223
COMP_02695,2023,2024,43,Sicilia,SRL,1103335823.63,-26.180514531539835,814476827.9928632,-37.102918994011745,693966026.7566489
COMP_02696,2023,2024,46,Toscana,SNC,490912018.68,-12.375329045143275,430160041.0461948,-19.391986785641404,395714424.88844895
COMP_02697,2023,2024,45,Lombardia,SRL,71650968.83,719.8355293229428,587420099.5724472,462.9175691961084,403335892.0432973
COMP_02698,2023,2024,82,Veneto,SRL,823679934.94,-32.04710992832792,559714320.7321984,-21.526102373442093,646373748.9153144
COMP_02699,2023,2024,43,Veneto,SRL,99948623.7,737.5188946947678,837088608.4748728,491.75218595534017,591448165.5770272
COMP_02700,2023,2024,43,Sicilia,SAS,1392898594.51,-77.43104872743727,314362605.07117295,-81.11413992777925,263060879.50708824
COMP_02701,2023,2024,43,Sicilia,SPA,6835869182.49,-27.826748810817943,4933669036.042394,-23.446166240333334,5233119929.991679
COMP_02702,2023,2024,46,Lazio,SRL,1799267150.47,-36.02299975130379,1151117149.3309011,-38.476278478334365,1106976111.0859714
COMP_02703,2023,2024,41,Lazio,SRL,48514311.72,1668.5028199333528,857976970.8394572,1510.6925340187245,781416396.8046111
COMP_02704,2023,2024,71,Veneto,SRL,1801607895.23,-69.52402563681802,549057560.2753571,-72.27376228099641,499518087.7958069
COMP_02705,2023,2024,41,Veneto,SRL,328277194.3,142.80298991973586,797066842.9850208,126.05742397818138,742094968.9424293
COMP_02706,2023,2024,68,Lazio,SPA,160811178.37,577.076542444412,1088814766.3717122,306.11575059395165,653079524.076304
COMP_02707,2023,2024,25,Lombardia,SRL,1687526137.86,-51.197911726378344,823547995.4388754,-55.2394346240825,755346240.172521
COMP_02708,2023,2024,47,Lazio,SRL,3061218247.93,-59.301286023092345,1245876458.9339345,-61.62335232291556,1174792941.6347132
COMP_02709,2023,2024,71,Lombardia,SPA,14706701008.33,-78.24027832811745,3200137206.528553,-79.72498546940662,2981785766.409832
COMP_02711,2023,2024,77,Sicilia,SRL,595424124.96,-4.538727872160186,568399444.2428746,1.0314860131278893,601565841.5277516
COMP_02712,2023,2024,46,Lombardia,SRL,9361265645.35,-88.69164327870998,1058605312.8037513,-85.00788147229211,1403452041.2444706
COMP_02714,2023,2024,47,Lazio,SAS,470803303.75,-12.410147001969047,412375921.66449815,-2.863977346045784,457319603.7861649
COMP_02715,2023,2024,43,Lombardia,SPA,9717277010.67,-51.196792593930624,4742342853.739578,-52.52958819463958,4612831413.232666
COMP_02716,2023,2024,41,Toscana,SRL,1106799855.92,-23.283214765463722,849101268.4423034,-13.03290374731045,962551696.0225757
COMP_02717,2023,2024,43,Sicilia,SRL,19779285072.09,-95.26628435358971,936295112.2056196,-96.26432082120586,738890634.1524057
COMP_02718,2023,2024,25,Emilia-Romagna,SAS,111320522.06,164.36370717474162,294291058.9640921,139.81929119291897,266968086.95654902
COMP_02719,2023,2024,25,Lazio,SRL,269459849.71,204.8303609269038,821395432.4240855,177.51173845393825,747782713.3655902
COMP_02720,2023,2024,25,Emilia-Romagna,SRL,452407574.92,69.74402561914225,767934829.875145,62.342334951161845,734449020.6210549
COMP_02721,2023,2024,45,Veneto,SPA,5010633007.84,-44.64113209559359,2773829707.984731,-21.605610335882446,3928055164.8049836
COMP_02722,2023,2024,62,Veneto,SRL,947206208.87,-36.394584793507846,602474442.0134368,-30.849066689099665,655001933.812401
COMP_02723,2023,2024,25,Piemonte,SRL,3908856587.98,-78.65642235684113,834289840.8152418,-80.79525800833338,750685822.5458221
COMP_02724,2023,2024,25,Campania,SAS,293538265.49,-2.691354906273702,285638108.97994417,2.5053724155219923,300892492.2225882
COMP_02725,2023,2024,47,Lombardia,SPA,21616186864.21,-73.87472147112898,5647289025.596091,-77.697341225409,4820984396.402718
COMP_02726,2023,2024,41,Lazio,SRL,2691460915.67,-68.45786466967438,848944244.3834524,-70.62487492664972,790620010.2784014
COMP_02727,2023,2024,25,Lombardia,SRL,34331372624.04,-97.84817922380849,738749608.8758179,-98.27392822496655,592584132.8451117
COMP_02728,2023,2024,25,Lombardia,SRL,189461513.5,349.84325905584905,852279846.9849374,341.8414207351629,837119442.9947425
COMP_02729,2023,2024,71,Piemonte,SRL,345675837.98,50.69405523427529,520912938.2171252,39.491924459846636,482189878.79100347
COMP_02730,2023,2024,62,Veneto,SRL,455927118.15,43.084843159530436,652362601.9266945,41.62504214996675,645706973.2530662
COMP_02731,2023,2024,43,Piemonte,SPA,8064887630.34,-42.89391318369844,4605541731.819126,-45.85261382715912,4366925849.605876
COMP_02732,2023,2024,47,Lazio,SRL,258712133.08,335.95359026115045,1127864832.6034656,385.09353182954777,1254995823.6293318
COMP_02733,2023,2024,46,Sardegna,SRL,26803411534.62,-94.9863466771059,1343830133.054453,-95.54891587853932,1193042394.8272321
COMP_02734,2023,2024,47,Sardegna,SRL,518674222.8,115.95932255966436,1120125337.8504841,151.82794299828748,1306166626.1395946
COMP_02735,2023,2024,47,Veneto,SAPA,593883954.23,-17.915735495880472,487485275.83767736,-33.5799227445656,394458181.2071947
COMP_02736,2023,2024,47,Lombardia,SRL,1703601605.39,-32.303884917798506,1153272103.3270466,-42.93314516841596,972191855.0564464
COMP_02738,2023,2024,10,Sicilia,SRL,1066645147.17,-40.58693429045904,633726582.1757419,-40.617084950436954,633404981.6242478
COMP_02739,2023,2024,46,Lazio,SRL,15128117294.54,-92.16875848177474,1184719402.4958305,-90.88528507321216,1378884765.1874099
COMP_02740,2023,2024,68,Campania,SRL,155213652.57,69.91269097455968,263727693.8415908,43.02802528599086,221999022.2451296
COMP_02741,2023,2024,46,Lombardia,SRL,841230413.91,39.69575345137983,1175163164.9737356,31.919470427235833,1109746707.102916
COMP_02742,2023,2024,62,Lombardia,SRL,1668476827.73,-60.57207890738624,657845727.0859295,-65.30934477049252,578805543.8920379
COMP_02743,2023,2024,82,Lazio,SRL,794258750.86,-22.25722458080051,617478796.928429,-28.396515743665557,568716939.6265987
COMP_02744,2023,2024,25,Emilia-Romagna,SRL,515360559.66,61.86527501698794,834189787.2227472,52.84403083038829,787697852.6943921
COMP_02745,2023,2024,47,Veneto,SRL,45836548.48,1365.3671046237387,671673703.3208323,1868.1238262030738,902120031.7440028
COMP_02746,2023,2024,47,Liguria,SRL,1488516757.02,-16.005656149535145,1250269883.1631672,-39.85734089099522,895233558.9549516
COMP_02747,2023,2024,77,Lazio,SRL,150282814.78,256.3063580869382,535467224.1731569,271.6055562634835,558459289.8316395
COMP_02748,2023,2024,82,Veneto,SRL,375814909.57,48.47071551774246,557975085.2609358,52.56197763325266,573350658.2806121
COMP_02749,2023,2024,47,Emilia-Romagna,SRL,724855133.3,63.27367441926037,1183497610.3555377,93.47806801233244,1402435707.797057
COMP_02750,2023,2024,41,Campania,SRL,2997062182.42,-70.58770156309589,881504873.432962,-74.38453808518116,767711321.9012331
COMP_02751,2023,2024,62,Toscana,SRL,536687453.82,22.04214011566551,654984854.374202,17.019250249767698,628027634.6447322
COMP_02752,2023,2024,25,Lombardia,SRL,570370354.29,55.53591630448866,887130756.8741097,63.926875585743986,934990301.0549355
COMP_02753,2023,2024,62,Lombardia,SRL,1017278067.26,-33.44256736682445,677074164.3086448,-17.462129383993826,839639654.960067
COMP_02754,2023,2024,71,Umbria,SNC,321147051.39,-28.186985868445785,230625377.39777038,-15.206756078112042,272311002.63307357
COMP_02755,2023,2024,43,Lombardia,SAS,149606423.79,110.39336682894184,314761992.004156,128.8924405069476,342437794.5680976
COMP_02757,2023,2024,45,Emilia-Romagna,SRL,525148680.55,11.472781372406427,585397840.5495785,15.54869286350048,606802435.9654448
COMP_02758,2023,2024,45,Puglia,SRL,167478409.85,275.1045700881583,628219169.2583263,239.83701049809756,569153621.2639914
COMP_02759,2023,2024,43,Lazio,SRL,756882847.07,16.986185048520362,885448368.0738196,13.251191160400245,857178839.9955256
COMP_02760,2023,2024,56,Lazio,SRL,2576917201.27,-51.49704617271196,1249880960.2994313,-47.16310346077093,1361563075.5366273
COMP_02761,2023,2024,71,Lazio,SRL,436477128.16,34.76204747270201,588205514.6584656,40.61868234416584,613768386.3522481
COMP_02762,2023,2024,71,Emilia-Romagna,SRL,77938616.35,647.4393001625109,582543848.6027843,447.7276981778579,426891389.3255266
COMP_02763,2023,2024,41,Piemonte,SAS,307982546.86,-2.4623062114533463,300399073.478474,-12.3816060718874,269849361.1376288
COMP_02764,2023,2024,68,Lazio,SRL,989705554.17,-75.45455085449761,242927673.48900995,-74.89938714840648,248422159.52292988
COMP_02765,2023,2024,56,Sardegna,SPA,3385782439.83,104.15949957890324,6912396485.9873085,74.05486954158215,5893119208.6079035
COMP_02766,2023,2024,41,Sicilia,SPA,2588851509.78,76.65706943622064,4573389209.232701,47.34835964085472,3814630233.198332
COMP_02767,2023,2024,10,Lombardia,SRL,121477522.83,373.47077072522745,575160563.6011151,443.2708201744891,659951934.6061933
COMP_02768,2023,2024,41,Sicilia,SRL,1208789616.35,-32.234681986254934,819140127.6367064,-44.9821726162213,665049784.5564837
COMP_02769,2023,2024,71,Toscana,SRL,930938003.22,-40.62168782069815,552775273.7477307,-48.58307348829926,478659708.9851216
COMP_02770,2023,2024,47,Lazio,SRL,341619857.91,243.9550283994748,1175018679.292586,84.880339484349,631587953.0499587
COMP_02771,2023,2024,56,Lombardia,SRL,3094662086.73,-60.78534836528011,1213560956.5829227,-56.580331636430905,1343692015.031273
COMP_02772,2023,2024,41,Veneto,SRL,904374186.67,-9.233104185700665,820872375.7861758,-0.874175980686945,896468364.7545979
COMP_02773,2023,2024,56,Piemonte,SRL,316831665.51,278.9672858904152,1200688363.6246457,284.7596271600293,1219040334.9411871
COMP_02774,2023,2024,10,Sicilia,SNC,379288309.94,-41.87611965934882,220457083.4156038,-43.661725828090354,213684487.9559996
COMP_02775,2023,2024,43,Piemonte,SRL,1423421272.89,-37.94080776822173,883363744.0108303,-37.791955506672885,885482538.7668945
COMP_02776,2023,2024,47,Lazio,SNC,398182922.7,8.288569209924942,431186589.8300914,17.933972081142098,469592936.8888936
COMP_02777,2023,2024,25,Lombardia,SRL,1478434595.46,-46.26425817197393,794447797.3126073,-49.3875979855491,748271260.9749361
COMP_02778,2023,2024,62,Piemonte,SPA,5690891674.78,-41.27586505539157,3341926906.6492934,-39.77373791793757,3427411334.859275
COMP_02779,2023,2024,41,Lombardia,SRL,400882711.04,116.52480645239395,868010514.1804698,124.51887857930393,900057367.2453195
COMP_02781,2023,2024,45,Emilia-Romagna,SAS,14695066.02,1387.0646483654002,218525131.83737642,1401.1789037357696,220599230.9822836
COMP_02782,2023,2024,47,Lombardia,SRL,447760374.39,167.14371695562278,1196163707.1998584,155.14303368365847,1142429402.851953
COMP_02783,2023,2024,25,Veneto,SRL,6193599312.79,-87.71602785753295,760820014.1991541,-90.72189422312036,574648695.6367477
COMP_02784,2023,2024,10,Emilia-Romagna,SRL,1139917884.93,-48.59194726478204,586009587.4229956,-49.944927700578916,570586721.4557432
COMP_02785,2023,2024,71,Lombardia,SRL,315432121.09,70.2206200679873,536930512.4130025,61.31695618684715,508845496.5779979
COMP_02786,2023,2024,41,Sicilia,SRL,1707770764.25,-44.48421194177905,948082398.0012901,-48.844645311512465,873616191.7183818
COMP_02787,2023,2024,62,Lombardia,SPA,16920127399.1,-80.71747551405082,3262627708.7852554,-82.8576234097232,2900511958.3083296
COMP_02788,2023,2024,82,Sardegna,SRL,1622695925.8,-67.00293153369806,535442085.63611823,-66.7897439327443,538901472.1511055
COMP_02789,2023,2024,41,Lombardia,SRL,4645594271.04,-77.86313431332643,1028388964.1279274,-81.34588074776393,866594695.2948482
COMP_02790,2023,2024,41,Puglia,SAS,116218471.18,201.54363029482036,350449397.06931156,163.61577161505292,306370219.5603749
COMP_02791,2023,2024,47,Lombardia,SRL,154114018.49,623.9553129114398,1115716624.7996738,629.6764654302016,1124533722.8502793
COMP_02792,2023,2024,77,Liguria,SRL,268339362.41,103.34730351449163,545660857.7287143,99.33523669324414,534894903.20111567
COMP_02793,2023,2024,71,Lombardia,SPA,19156918972.94,-84.03899281413398,3057637213.8614845,-83.96659040905413,3071507283.937093
COMP_02794,2023,2024,46,Piemonte,SRL,1558718340.93,-26.813751341937653,1140767480.8718538,-30.800616141499134,1078623488.013007
COMP_02795,2023,2024,62,Emilia-Romagna,SRL,1337260367.6,-50.878064341964695,656888177.3528783,-56.71252117256569,578866298.4925202
COMP_02796,2023,2024,25,Lazio,SRL,1142333982.52,-27.64897849984669,826490305.2966027,-34.233364889693426,751274622.0249617
COMP_02797,2023,2024,77,Emilia-Romagna,SRL,1060436084.38,-43.04240664484099,603998872.7325313,-32.82690798833573,712327706.6854671
COMP_02798,2023,2024,77,Lombardia,SRL,119755565.63,368.61855545682323,561196801.7344539,346.9662034562808,535266905.1240057
COMP_02799,2023,2024,25,Lombardia,SRL,3925091820.91,-79.54329202594413,802944571.5171106,-82.33451573131092,693386478.154458
COMP_02800,2023,2024,43,Veneto,SPA,1521545277.23,153.9257173289363,3863594759.6908298,150.1886534596076,3806733640.8799906
COMP_02801,2023,2024,25,Umbria,SRL,20486137996.89,-95.67612788972612,885794407.3197473,-95.95581485586287,828497349.4776586
COMP_02802,2023,2024,41,Sardegna,SRL,720255780.19,16.64276177739002,840126233.8749037,12.803455909194101,812473411.4400487
COMP_02803,2023,2024,62,Sicilia,SAPA,303193078.66,4.888894434669679,318015868.20891243,20.711131858020263,365987796.96566373
COMP_02804,2023,2024,43,Sicilia,SRL,55272894.34,1421.4861118166505,840969410.9821914,1051.9577414074395,636720385.2495846
COMP_02805,2023,2024,25,Sicilia,SPA,118119358193.05,-95.69475570480525,5085326930.12694,-95.52722753604114,5283210127.863676
COMP_02806,2023,2024,43,Veneto,SRL,4210607165.41,-79.32396699952272,870586527.040632,-77.37435484898552,952677035.9488562
COMP_02807,2023,2024,82,Lombardia,SPA,3854973728.61,-30.466071620896894,2680514671.484918,-25.638275477211607,2866624944.4948325
COMP_02808,2023,2024,47,Piemonte,SRL,1695993646.48,-31.200541587715353,1166834443.4849975,-35.32310209561062,1096916079.1988
COMP_02809,2023,2024,45,Puglia,SRL,338205189.15,88.08236945388524,636104333.3693143,49.87634093290553,506889562.343232
COMP_02810,2023,2024,25,Lombardia,SRL,49918975.06,1529.747928767721,813553462.1024251,1153.4722842827068,625720516.9750968
COMP_02811,2023,2024,82,Toscana,SRL,952749675.43,-36.81766578666901,601969484.1466088,-30.453885030563036,662600384.6454853
COMP_02812,2023,2024,62,Toscana,SPA,3334769700.6,14.083057632614839,3804407239.450475,-12.556294237920346,2916046204.8356485
COMP_02813,2023,2024,41,Lombardia,SRL,6921838562.83,-88.17641681803131,818409340.1977897,-87.47036777607786,867280915.0562173
COMP_02814,2023,2024,10,Liguria,SRL,3128048577.55,-80.81208104718978,600207425.8648273,-83.98348163438982,501004474.90850383
COMP_02815,2023,2024,10,Veneto,SPA,16748606568.06,-82.69722698547793,2897973377.5667577,-79.86889440275388,3371679674.2834573
COMP_02816,2023,2024,25,Piemonte,SRL,206144644.1,300.48167214638534,825571517.731895,354.35248278905857,936623308.6050185
COMP_02817,2023,2024,46,Lazio,SRL,8818337888.3,-88.36777355027829,1025769032.268663,-86.86721046080696,1158093755.7253594
COMP_02818,2023,2024,71,Lazio,SRL,7986259.74,6505.591380853118,527539685.03798264,7660.191479275923,619749047.8563235
COMP_02819,2023,2024,46,Campania,SRL,1152007215.77,-2.533611533817716,1122819828.080839,0.5484215110890238,1158325071.1505804
COMP_02820,2023,2024,62,Friuli-Venezia Giulia,SRL,269599383.21,128.38320883841507,615719722.3835732,78.62840225883046,481581070.7276846
COMP_02821,2023,2024,46,Lombardia,SAPA,249727758.98,87.59366386818954,468473452.7665037,91.34629359484113,477844810.885688
COMP_02822,2023,2024,47,Emilia-Romagna,SRL,1557567490.12,-28.673257849918297,1110962147.4913917,-27.88194731686653,1123287343.1001012
COMP_02823,2023,2024,56,Lombardia,SRL,317658917.95,312.82513842550924,1311375867.7480624,320.41156502551314,1335474828.3967056
COMP_02824,2023,2024,41,Lombardia,SAS,187304729.83,71.64123366401945,321492148.99127066,74.43414193625775,326723398.2849863
COMP_02825,2023,2024,43,Emilia-Romagna,SRL,733844634.77,20.072279746709004,881143982.7672493,29.88088211327787,953123884.9802382
COMP_02826,2023,2024,47,Puglia,SRL,1350474415.4,-14.52462522726134,1154323067.7731016,-1.0344062236426936,1336505023.9984002
COMP_02827,2023,2024,10,Lazio,SRL,763277659.54,-20.51272860590345,606708584.729068,-23.274221391332052,585630727.2280827
COMP_02828,2023,2024,43,Campania,SRL,476162527.25,80.11396252273346,857635195.8783655,72.98144317986377,823672811.5187621
COMP_02829,2023,2024,46,Lazio,SRL,979971038.11,21.167846792093645,1187409806.0640144,44.86616212390459,1419646432.8357434
COMP_02830,2023,2024,82,Piemonte,SRL,838974225.81,-30.128050763359205,586207645.1664633,-24.826591501736488,630685521.963295
COMP_02831,2023,2024,46,Toscana,SRL,2142899840.33,-47.16221611838055,1132260786.4331336,-43.65907509334337,1207329589.86519
COMP_02832,2023,2024,62,Lazio,SPA,34467337609.82,-90.49785796951082,3275135373.81331,-87.604582063827,4272370548.20893
COMP_02833,2023,2024,45,Lombardia,SRL,280800737.24,134.10464962591877,657367582.0626988,137.18145534538334,666007275.2063979
COMP_02834,2023,2024,62,Campania,SNC,470271178.22,-46.85637726843106,249919140.768541,-37.47059107191918,294057788.1000876
COMP_02835,2023,2024,47,Umbria,SRL,351241236.64,233.8079329761852,1172471111.7879753,266.22820606432794,1286344479.9048328
COMP_02836,2023,2024,68,Lombardia,SRL,70792157.03,257.29569904915553,252937332.3323144,289.91448963920374,276028877.78810817
COMP_02837,2023,2024,45,Lazio,SRL,663765065.58,-14.089264247685252,570245451.5066125,-22.93268962119268,511545883.2766326
COMP_02838,2023,2024,47,Veneto,SAS,422228006.9,2.065718813556873,430950050.2746395,2.805850016159774,434075091.4998347
COMP_02840,2023,2024,45,Campania,SRL,1774687806.08,-66.15492767727388,600644371.4703774,-70.03005738215279,531872917.1281074
COMP_02841,2023,2024,25,Veneto,SAS,118304203.52,139.526626388925,283370067.56774384,122.56937605458589,263308927.6208114
COMP_02842,2023,2024,25,Umbria,SRL,1819512190.66,-55.41674751529451,811197713.9519438,-60.12156660031111,725592957.1515684
COMP_02843,2023,2024,10,Sardegna,SAS,101522945.96,134.40684619579503,237976735.78989726,153.5465697666427,257407947.00762236
COMP_02844,2023,2024,68,Liguria,SRL,388644280.9,-39.8740321809942,233676135.2643405,-33.762929197268214,257426587.5105008
COMP_02845,2023,2024,41,Campania,SPA,928088195.53,368.3151883824692,4346377981.251779,391.97923951559557,4566001246.402507
COMP_02846,2023,2024,41,Veneto,SNC,71766035.67,350.27724436218807,323146127.802861,330.54608662836307,308985858.10550016
COMP_02847,2023,2024,56,Lombardia,SRL,2698923241.76,-55.41516874995273,1203310372.9070015,-57.838085705366375,1137917704.0687988
COMP_02848,2023,2024,43,Liguria,SRL,270284543.99,216.9761333949864,856737496.7037731,222.95790653679305,872905304.9626216
COMP_02849,2023,2024,46,Campania,SRL,748413728.79,50.14655995578086,1123717468.0149724,65.02402266095838,1235062441.3961332
COMP_02850,2023,2024,25,Toscana,SAS,686533038.65,-55.982082185286615,302197548.7238115,-59.11399582255932,280695926.86194944
COMP_02851,2023,2024,77,Lombardia,SRL,617689790.38,-5.467129025651407,583919892.5616497,-12.502322302166172,540464221.9591178
COMP_02852,2023,2024,62,Lombardia,SRL,90291319.14,615.8336613303542,646335655.6633369,411.6396771112909,461966213.7074212
COMP_02853,2023,2024,68,Umbria,SRL,3884628200.97,-93.77655244731946,241757798.7040052,-95.19601096411957,186617112.85931778
COMP_02854,2023,2024,45,Lazio,SRL,899847715.69,-30.986231470145032,621018819.6274841,-16.762081948906616,749014504.170678
COMP_02855,2023,2024,56,Sicilia,SRL,744870695.13,53.882434037387064,1146225156.0972488,53.6355556690229,1144386231.478689
COMP_02857,2023,2024,10,Lazio,SRL,122628142.83,406.4970606572285,621107938.9724978,333.121862417019,531129296.0726981
COMP_02858,2023,2024,10,Lazio,SRL,351675725.55,63.425330552136714,574727216.9517126,55.98954537993482,548577365.4970323
COMP_02859,2023,2024,46,Lombardia,SRL,10096363023.16,-87.96774593237947,1214820050.5359037,-87.0345621997239,1309037667.8578854
COMP_02860,2023,2024,46,Emilia-Romagna,SRL,135408608.86,759.4900169725123,1163823475.273057,807.9226191141211,1229405388.067708
COMP_02861,2023,2024,46,Lombardia,SPA,13512808695.11,-42.147616764172,7817481872.219327,-62.25680520436002,5100165708.157544
COMP_02862,2023,2024,10,Sardegna,SAS,78850178.96,169.0912831376011,212178958.31975874,112.98399595016814,167938261.96286672
COMP_02863,2023,2024,45,Liguria,SRL,690087339.04,-19.243429393159158,557290869.2007067,-20.257027067993125,550296159.9778737
COMP_02864,2023,2024,56,Piemonte,SRL,6843518456.88,-79.8874807625772,1376403966.1565702,-82.04103244525348,1229025259.2741687
COMP_02865,2023,2024,46,Liguria,SRL,2167716411.84,-48.13650161100922,1124253566.3325272,-51.35050729121293,1054583037.7252818
COMP_02866,2023,2024,56,Sicilia,SRL,1268432146.51,-5.276139911389574,1201507891.7790904,-8.170168975862623,1164799096.7959716
COMP_02867,2023,2024,41,Veneto,SRL,1339446741.9,-37.07330737002376,842869534.2176442,-44.8922410917373,738139081.2308319
COMP_02868,2023,2024,62,Lombardia,SRL,1085149221.77,-40.528560289193166,645353865.1972351,-34.67354734073111,708889492.6420038
COMP_02869,2023,2024,46,Campania,SRL,147097179.55,614.2425562271842,1050630655.356011,731.2121146651439,1222689576.7503386
COMP_02870,2023,2024,41,Emilia-Romagna,SAS,98555181.04,234.27508196021574,329445412.19749904,210.2448125152341,305762336.64159757
COMP_02871,2023,2024,41,Sardegna,SRL,611754873.25,37.91282824214103,843688447.6082001,30.497988426101,798327803.6898938
COMP_02872,2023,2024,47,Emilia-Romagna,SRL,282555971.4,294.4239510318431,1114468426.2722845,364.50040366675427,1312473627.7375185
COMP_02873,2023,2024,62,Campania,SRL,1650374951.6,-60.73303724690458,648052117.5311885,-62.97223985550811,611096878.563222
COMP_02874,2023,2024,45,Veneto,SAS,491051441.33,-60.231535248824365,195283619.35546097,-51.02406652208728,240497027.24811238
COMP_02875,2023,2024,41,Piemonte,SRL,1061433273.04,-15.15253294121081,900599246.6936419,-25.998371858771154,785477903.682335
COMP_02876,2023,2024,68,Piemonte,SRL,16219705.02,1475.0562640677474,255469479.93082088,1262.4347696411435,220982900.72571
COMP_02877,2023,2024,47,Lombardia,SRL,5981370413.61,-80.82479017129022,1146940327.4420836,-77.51324784759412,1345015940.2258146
COMP_02878,2023,2024,46,Emilia-Romagna,SRL,338073099.37,220.43815124916924,1083315189.4919949,196.67979177293412,1002994567.2512207
COMP_02879,2023,2024,46,Lombardia,SRL,6638131934.29,-83.18904015673942,1115933693.8161485,-82.65453519949175,1151414838.0735698
COMP_02880,2023,2024,41,Lombardia,SRL,417071110.56,113.9189891796133,892194303.8701395,105.10767465322097,855444856.5199803
COMP_02881,2023,2024,47,Emilia-Romagna,SRL,3812225855.62,-71.4409754176078,1088734519.242827,-67.6906259958355,1231706309.5757256
COMP_02882,2023,2024,43,Lombardia,SRL,1113110612.63,-25.698853099993503,827053951.4497787,-28.234399424173837,798830516.2271775
COMP_02883,2023,2024,82,Lazio,SRL,4773219925.03,-88.98762084294665,525645076.14432096,-83.37498471987017,793548541.890439
COMP_02884,2023,2024,46,Lazio,SPA,82300639672.3,-92.48757506394145,6182773777.277562,-94.5859138074069,4455827568.913787
COMP_02885,2023,2024,46,Sardegna,SRL,1476998546.01,-20.33862435456302,1176597360.0146685,-25.207876940765438,1104678570.1149044
COMP_02886,2023,2024,46,Sicilia,SPA,5455276575.88,6.197470600939776,5793365737.870117,0.07256217884257622,5459235043.425347
COMP_02887,2023,2024,71,Campania,SRL,167585314.33,224.0244375731921,543017372.2130487,188.19489244576832,482972316.3882463
COMP_02888,2023,2024,62,Veneto,SRL,444772974.7,45.44409865866705,646896044.1297562,43.12179883238863,636567082.1109648
COMP_02889,2023,2024,46,Veneto,SRL,2140137936.47,-42.85198260043962,1223046400.308468,-47.69981101907106,1119296185.226363
COMP_02890,2023,2024,56,Lombardia,SRL,392811937.37,222.7247377166188,1267701294.5969014,165.86813590391597,1044361775.4936769
COMP_02891,2023,2024,46,Toscana,SPA,2762569283.12,140.4014257560692,6641255944.1196995,118.72959529794537,6042556612.793726
COMP_02892,2023,2024,46,Veneto,SAPA,41706036.67,1088.8401917942504,495818126.3374084,927.1815301636317,428396705.6375114
COMP_02893,2023,2024,41,Toscana,SRL,221724502.61,256.63384213339134,790744612.6091946,281.0504193971822,844882147.1017213
COMP_02894,2023,2024,46,Lombardia,SRL,168294541.06,529.31102776472,1059096106.0166047,596.7650252263938,1172617501.4713526
COMP_02895,2023,2024,41,Emilia-Romagna,SRL,353560466.15,150.81779761310278,886792574.4280497,157.79455721977098,911459638.2155507
COMP_02896,2023,2024,71,Sicilia,SRL,347858834.59,77.81062034607827,618529951.7131172,70.92593956816019,594580981.3938097
COMP_02897,2023,2024,43,Lombardia,SRL,1734528299.32,-52.65661210667429,821184460.8665733,-51.62342245569902,839105427.7483848
COMP_02899,2023,2024,46,Lazio,SNC,379847652.51,16.906934036256658,444068244.5581351,14.302128341063598,434173951.2724975
COMP_02900,2023,2024,47,Lazio,SRL,4931591647.19,-77.55399366121424,1106945373.7312968,-67.70715287087498,1592551351.659765
COMP_02901,2023,2024,46,Veneto,SAS,383180756.96,16.090761704787102,444837459.461033,-3.8978261713484548,368245037.131642
COMP_02902,2023,2024,25,Lazio,SPA,6441397873.63,-38.257521191842756,3977078717.075094,-40.525071501100015,3831016779.6711063
COMP_02903,2023,2024,43,Campania,SPA,1357301560.78,253.49651225677536,4798013678.164076,187.73240326781118,3905396400.4238048
COMP_02904,2023,2024,25,Sicilia,SRL,433245614.82,91.94519206252461,831594127.4687146,98.57532351114793,860318881.2266768
COMP_02905,2023,2024,47,Lazio,SRL,2126085494.97,-45.45598077304855,1159652481.1578627,-54.72430659038351,962599950.3289443
COMP_02906,2023,2024,46,Sicilia,SRL,372576762.46,239.03420270006632,1263162656.051981,154.00967475519167,946381022.5380689
COMP_02907,2023,2024,56,Lombardia,SRL,596590688.95,105.42480816597475,1225545278.3116047,106.17788609480795,1230038071.115561
COMP_02908,2023,2024,41,Lombardia,SRL,2601302408.23,-67.33297448530584,849768121.4108479,-74.24762662191172,669897108.8605918
COMP_02909,2023,2024,25,Lombardia,SAPA,598699298.9,-40.621595356014794,355498092.3015445,-46.163329161171255,322319770.8631684
COMP_02910,2023,2024,45,Lombardia,SPA,434145943.72,581.7029783514345,2959585828.731183,619.0084430301257,3121545990.4196186
COMP_02911,2023,2024,71,Lazio,SPA,2097714851.32,33.53271722401276,2801135640.579255,74.26706483222956,3655626099.9451323
COMP_02912,2023,2024,56,Puglia,SAS,188224639.36,152.82160948348996,475872562.6744466,109.19325712915726,393753253.79679376
COMP_02913,2023,2024,45,Sicilia,SRL,26290484.79,2307.0858690334007,632834544.2804655,2109.34774492495,580848232.8377018
COMP_02914,2023,2024,46,Lombardia,SRL,799439819.6,59.475968505394434,1274914394.9248781,78.84765705351217,1429779386.9074244
COMP_02915,2023,2024,25,Toscana,SRL,7922364491.3,-90.28641633725519,769545502.9300126,-89.80682372414273,807540577.8141323
COMP_02916,2023,2024,82,Veneto,SRL,246378025.16,145.73634743700254,605440359.915603,139.09455854488206,589076451.6079004
COMP_02917,2023,2024,47,Emilia-Romagna,SPA,6717315088.01,-3.55721848203127,6478365514.203033,-12.024738449094913,5909575517.875208
COMP_02918,2023,2024,41,Campania,SRL,5289396125.25,-83.61351427609294,866746140.9449847,-81.36944925387475,985443629.2782843
COMP_02919,2023,2024,46,Lombardia,SRL,2562283877.85,-51.95242113406688,1231115366.979068,-58.020273035592155,1075639775.9744713
COMP_02920,2023,2024,25,Lombardia,SRL,2958357484.97,-71.71988139266261,836627005.5785592,-75.35386301582503,729120838.2272996
COMP_02921,2023,2024,77,Puglia,SRL,700696368.77,-19.86610446705765,561495296.1532723,-11.454115860014586,620437794.8641691
COMP_02922,2023,2024,41,Veneto,SRL,2372698840.83,-64.39710938655297,844749372.8872303,-62.012616868558,901326199.2213753
COMP_02923,2023,2024,47,Lombardia,SPA,25620403832.41,-74.4569367883244,6544235945.999044,-80.60883248631465,4968095424.825283
COMP_02924,2023,2024,41,Campania,SRL,1607790274.93,-47.59277000462253,842598347.2258768,-59.32345415870421,653993548.2137971
COMP_02925,2023,2024,56,Umbria,SRL,1049000923.13,18.522897730469968,1243306291.3130558,35.48175651013855,1421204876.4640923
COMP_02926,2023,2024,56,Veneto,SRL,475099078.65,133.09401443051433,1107427514.9476717,157.17338870905786,1221828400.289717
COMP_02927,2023,2024,47,Lombardia,SRL,2475828463.95,-46.76407826138629,1318030103.450744,-54.18616640516827,1134271932.5675313
COMP_02928,2023,2024,47,Veneto,SRL,1856543388.16,-38.667925496373634,1138656574.0184405,-40.38072968846919,1106857621.0379632
COMP_02929,2023,2024,68,Campania,SAPA,9638558.72,968.6644410197596,103003849.6674493,1371.4612431789865,141827655.96584862
COMP_02930,2023,2024,10,Emilia-Romagna,SRL,106176165.71,482.163056933696,618118412.0323226,424.37018344809843,556756154.9116839
COMP_02931,2023,2024,43,Toscana,SRL,1741897172.92,-51.95776942733867,836846256.1528958,-60.13807149422408,694353805.7135024
COMP_02932,2023,2024,41,Lazio,SRL,800865773.67,5.044993096671337,841269396.665255,-7.585441933597195,740116565.4422082
COMP_02933,2023,2024,82,Sicilia,SRL,312327309.92,74.76293908402374,545832386.3782597,87.54955100541106,585768467.4222387
COMP_02934,2023,2024,43,Puglia,SRL,334037389.16,165.18265030372228,885809201.5798467,169.57137835783956,900469194.1891527
COMP_02935,2023,2024,56,Lombardia,SRL,1429266797.91,-18.42709173037695,1165894493.987303,-20.286200924573173,1139322863.5377643
COMP_02936,2023,2024,47,Veneto,SRL,9887446947.75,-88.62278538180823,1124916059.5053692,-89.59832006860144,1028460584.8917929
COMP_02937,2023,2024,41,Liguria,SAS,138481024.8,120.37398112281676,305176147.4514352,91.29076013532763,264901404.9831116
COMP_02938,2023,2024,41,Sardegna,SRL,3339754594.4,-73.61399398184476,881227848.2700001,-76.29201344484962,791788570.2153693
COMP_02939,2023,2024,41,Lazio,SRL,535689426.29,54.68335040520782,828622352.3518082,32.099997118440484,707645716.6928804
COMP_02940,2023,2024,45,Lombardia,SRL,1852219518.66,-65.65086338348564,636221412.9022679,-60.39959828294317,733486370.0710964
COMP_02941,2023,2024,41,Emilia-Romagna,SRL,969550360.6,-10.643535416823807,866355924.5855961,-16.18119883885411,812665488.908487
COMP_02942,2023,2024,10,Lombardia,SAS,259583806.45,-17.98379962498445,212900774.83912453,-4.323583546396754,248360483.7052174
COMP_02943,2023,2024,68,Puglia,SAS,60165305.61,50.59211252340203,90604204.72425991,102.43638219267301,121796468.01204933
COMP_02944,2023,2024,77,Veneto,SRL,480883323.03,18.408842101880236,569408374.6608673,27.682239004494395,614002593.8439194
COMP_02945,2023,2024,43,Lazio,SAS,901493517.76,-64.58692111392918,319246610.5971636,-68.07725924435181,287781438.6034981
COMP_02946,2023,2024,43,Sicilia,SPA,21599671358.57,-78.38154733189221,4669514729.119291,-75.04576338327719,5390033099.252063
COMP_02947,2023,2024,10,Sicilia,SNC,90999281.39,142.8687659139702,221008831.70247415,196.12905372875016,269475310.88016963
COMP_02949,2023,2024,62,Friuli-Venezia Giulia,SRL,573137020.11,10.600142868693517,633890363.0750327,20.601192673693703,691210081.9071277
COMP_02950,2023,2024,25,Veneto,SRL,5280718496.78,-83.49632528942624,871512603.0896715,-83.93269627292263,848469079.8495966
COMP_02951,2023,2024,25,Toscana,SPA,867580861646.1,-98.96063340328195,9017345675.468317,-99.42587663237313,4980984459.768709
COMP_02952,2023,2024,62,Puglia,SRL,624461327.46,3.8704187173713755,648630595.5607576,2.620872159264466,640827660.5367725
COMP_02953,2023,2024,47,Piemonte,SRL,2858977812.99,-58.38994255177259,1189622310.4172144,-58.634942452408595,1182617817.6161835
COMP_02954,2023,2024,10,Friuli-Venezia Giulia,SRL,370148101.59,51.764793752158184,561754502.9555924,47.5377342027346,546108122.2803222
COMP_02955,2023,2024,47,Toscana,SRL,1857670713.01,-41.34056587985873,1089699128.0672596,-56.05985695542039,816263168.5938559
COMP_02956,2023,2024,43,Puglia,SRL,524376618.27,58.74909719967568,832443147.4298146,56.388542517005234,820064950.6124132
COMP_02957,2023,2024,43,Emilia-Romagna,SAS,100067559.9,196.06727956909668,296267302.3271063,176.49934618147086,276686148.86325175
COMP_02958,2023,2024,56,Lombardia,SRL,942310796.61,30.56691327745595,1230346120.613883,-8.178686577459736,865242149.969704
COMP_02959,2023,2024,62,Veneto,SAS,60434819.68,253.9559989192616,213912669.6933985,296.4560999388076,239597529.10837895
COMP_02960,2023,2024,45,Lombardia,SRL,2053288149.92,-73.1698312189765,550900676.1842908,-72.81591478972749,558167600.2866809
COMP_02961,2023,2024,71,Lombardia,SRL,272350855.13,113.13263237950574,580468546.8466631,98.70543910077845,541175962.5807915
COMP_02962,2023,2024,45,Lombardia,SRL,2339191507.83,-74.77586351209534,590040858.6485142,-71.52285647357131,666134923.0427803
COMP_02963,2023,2024,56,Sicilia,SRL,3912402300.57,-66.36513552083301,1315931211.6765313,-62.51723626692246,1466476510.610143
COMP_02964,2023,2024,46,Emilia-Romagna,SRL,24179004986.28,-94.95625198609125,1219528083.7783978,-94.59865471420554,1305991545.9784408
COMP_02965,2023,2024,68,Puglia,SRL,109215235.07,134.49575595538064,256105091.09584248,71.82762401508741,187661943.48327348
COMP_02966,2023,2024,71,Puglia,SRL,30545929402.3,-98.14284455027831,567285392.5629559,-98.33814694193659,507628461.8860113
COMP_02967,2023,2024,25,Liguria,SPA,973603508.83,304.34279014712064,3936695592.5734897,275.890917778766,3659687164.867356
COMP_02968,2023,2024,71,Sardegna,SRL,224858282.17,144.04042825912663,548745114.7837833,111.03077835318255,474520183.0549465
COMP_02969,2023,2024,62,Piemonte,SRL,227672206.76,183.6072021170378,645694775.5901533,154.03523540366967,578367626.3914955
COMP_02970,2023,2024,62,Campania,SRL,1287185430.57,-51.953056533165544,618453256.1392976,-56.68711576912706,557517135.3794475
COMP_02971,2023,2024,41,Lombardia,SRL,669450835.96,28.529991873184816,860445105.0543559,32.76893506155512,888822745.6647704
COMP_02972,2023,2024,62,Veneto,SRL,128857578.16,395.7194244175706,638772044.7731731,303.0391980274422,519346549.6136485
COMP_02973,2023,2024,62,Puglia,SRL,34907571.25,1735.1250380001243,640597580.1664829,2229.7136260043158,813246443.9184151
COMP_02974,2023,2024,41,Campania,SRL,587022529.23,42.41598364043171,836013909.1938453,38.41297559127651,812515350.098414
COMP_02975,2023,2024,77,Lazio,SRL,879841987.7,-31.479471287419845,602872381.8073145,-30.723457844153124,609524105.5138316
COMP_02976,2023,2024,10,Veneto,SRL,177073081.53,253.65795663485787,626233041.8893739,201.38555254097184,533672685.1705161
COMP_02978,2023,2024,46,Puglia,SRL,841931185.91,36.79682486320193,1151735129.8579817,46.585874741342934,1234152193.5863357
COMP_02979,2023,2024,46,Sicilia,SRL,1043452937.21,20.08353254189419,1253015147.413921,24.504946369589938,1299150519.8652215
COMP_02980,2023,2024,47,Piemonte,SPA,58258048214.49,-89.79990142370072,5942378346.505946,-90.63262043929633,5457252500.909023
COMP_02981,2023,2024,10,Lombardia,SRL,847333810.44,-30.353975929377242,590134309.5775675,-31.989163614328504,576278811.4588243
COMP_02982,2023,2024,77,Puglia,SRL,3500925366.22,-84.94833921890245,526947410.3228321,-85.42319041446159,510323224.3657032
COMP_02983,2023,2024,10,Veneto,SRL,184356076.82,230.78229234863883,609817256.9892136,191.75919715650596,537875809.6392634
COMP_02984,2023,2024,25,Sicilia,SRL,264707096.46,231.71989643064498,878086106.2216796,199.9590325084813,794012845.5227084
COMP_02986,2023,2024,46,Lazio,SRL,909857227.49,29.383387944446273,1177204106.3839698,12.17089890634823,1020595030.8399107
COMP_02987,2023,2024,71,Sicilia,SNC,143562090.52,49.48530380984573,214604227.16958776,69.95288924037874,243987920.69262788
COMP_02988,2023,2024,47,Puglia,SPA,264960351595.47,-96.78503555336808,8518381101.465317,-97.82642148363786,5759121279.15674
COMP_02989,2023,2024,62,Emilia-Romagna,SRL,174415303.97,271.72600492554227,648347041.4264218,267.47592891911876,640934258.4408622
COMP_02990,2023,2024,10,Lombardia,SRL,326642356.85,81.33888022614249,592329592.2560705,55.43951131606262,507731283.2389094
COMP_02991,2023,2024,46,Veneto,SRL,8504538729.63,-84.80746655671186,1292054890.6964304,-87.91662147082215,1027635606.8617265
COMP_02992,2023,2024,46,Liguria,SRL,258581444.54,375.1878929996077,1228747717.997575,354.4334482680385,1175080575.0044274
COMP_02993,2023,2024,46,Campania,SRL,4718746127.58,-74.25019724518658,1215067820.3522465,-75.52897949239915,1154725332.5817235
COMP_02994,2023,2024,10,Lazio,SRL,347542225.56,74.02847579881116,604822437.8993343,67.16967403844924,580985205.614624
COMP_02995,2023,2024,47,Emilia-Romagna,SRL,1449543559.52,-19.683863749109182,1164217380.2800958,-33.56243989326313,963041373.6294332
COMP_02996,2023,2024,46,Lombardia,SRL,2974209330.6,-62.88991096282361,1103731730.7376678,-65.40788615285898,1028841877.693443
COMP_02997,2023,2024,56,Lombardia,SNC,4066173940.38,-87.74337141030838,498375837.68320495,-88.44803470749866,469723002.32543117
COMP_02998,2023,2024,46,Lombardia,SRL,3622928830.24,-69.11002075213909,1119121963.825906,-67.11264282354664,1191485544.6497328
COMP_02999,2023,2024,25,Emilia-Romagna,SNC,35606295.27,815.3824301596396,325933770.9323428,977.969072050095,383824850.7134359
